"path","midjourney_url","prompt"
"ewaa_g_tram_interior_ergonomic_modern_future_eco_unusual_shap_c1f5a4dc-c768-44af-985b-9c62dfc2b336_0.png","https://www.midjourney.com/jobs/c1f5a4dc-c768-44af-985b-9c62dfc2b336?index=0","tram, interior, ergonomic, modern, future, eco, unusual shapes, biophilic, photorealistic, streamlined, luxurious, sustainable"
"ewaa_g_interior_tram_cozy_modern_minimalist_pop_of_colour_nic_cd05354f-49df-4ac9-ba32-abda30b0aa75_0.png","https://www.midjourney.com/jobs/cd05354f-49df-4ac9-ba32-abda30b0aa75?index=0","interior tram cozy modern minimalist pop of colour nice"
"ewaa_g_middle_of_the_tram_oval_shapes_metal_future_neon_9a655922-6f1f-4d5a-bce5-0511cbaa9e11_0.png","https://www.midjourney.com/jobs/9a655922-6f1f-4d5a-bce5-0511cbaa9e11?index=0","middle of the tram, oval shapes, metal, future, neon"
"ewaa_g_tram_interior_modern_colourful_c47f4b69-0e54-4ee2-b4e0-f5dc44376b6c_3.png","https://www.midjourney.com/jobs/c47f4b69-0e54-4ee2-b4e0-f5dc44376b6c?index=3","tram, interior, modern, colourful,"
"ewaa_g_tram_modern_tram_traditional_town_nice_view_interestin_b47db531-c163-4e35-9dfc-06d75fe461d0_1.png","https://www.midjourney.com/jobs/b47db531-c163-4e35-9dfc-06d75fe461d0?index=1","tram, modern tram, traditional town, nice view, interesting lighting, green colour, white colour, clean design, avaibility, seats, space for bicycles, space for luggage"
"ewaa_g_futuristic_elegant_beige_tram_with_neons_and_large_win_6f803161-dc0d-48ae-8df9-aecd4882e361_3.png","https://www.midjourney.com/jobs/6f803161-dc0d-48ae-8df9-aecd4882e361?index=3","futuristic elegant beige tram with neons and large window"
"ewaa_g_tram_comfort_cosmos_oval_shapes_e201cd5c-23a5-4d79-a3e4-d928194e3b48_0.png","https://www.midjourney.com/jobs/e201cd5c-23a5-4d79-a3e4-d928194e3b48?index=0","tram, comfort, cosmos, oval shapes"
"ewaa_g_tram_interesting_shapes_night_city_with_lights_modern__e5a75c4a-5ef7-4a5e-af7b-73878411e213_1.png","https://www.midjourney.com/jobs/e5a75c4a-5ef7-4a5e-af7b-73878411e213?index=1","tram, interesting shapes, night city with lights, modern tram, led violett, red, blue, space atmosphere, clean design, panoramic window, manoramic ceiling"
"ewaa_g_tram_interior_stained_glass_colorful_glass_monochrome__0842d132-5d1b-4c3b-b886-61630298c66f_2.png","https://www.midjourney.com/jobs/0842d132-5d1b-4c3b-b886-61630298c66f?index=2","tram, interior, stained glass, colorful glass, monochrome upholstery, modern"
"ewaa_g_futuristic_elegent_tram_with_beige_interior_and_large__d3174f81-3d8d-4604-b3a7-5b133f22edb8_0.png","https://www.midjourney.com/jobs/d3174f81-3d8d-4604-b3a7-5b133f22edb8?index=0","futuristic elegent tram with beige interior and large window"
"ewaa_g_e_tram_modern_glass_interior_led_light_f37b4bc0-7d66-469a-8639-3e9d33531486_1.png","https://www.midjourney.com/jobs/f37b4bc0-7d66-469a-8639-3e9d33531486?index=1","e tram, modern, glass, interior, led light"
"ewaa_g_tram_metro_interior_modern_comfortable_white_led_irreg_eda31d8a-06f3-4374-be5e-15c4cb2f86ee_0.png","https://www.midjourney.com/jobs/eda31d8a-06f3-4374-be5e-15c4cb2f86ee?index=0","tram metro interior modern comfortable white led irregular seats organic shapes in the middle"
"ewaa_g_tram_window_exterior_modent_future_85f33f7f-19ec-47fe-823a-3a36b88deb3e_2.png","https://www.midjourney.com/jobs/85f33f7f-19ec-47fe-823a-3a36b88deb3e?index=2","tram, window, exterior, modent, future"
"ewaa_g_tram_interior_ergonomic_modern_future_eco_unusual_shap_80ed602d-4205-4410-8067-81dc4d21f4ae_2.png","https://www.midjourney.com/jobs/80ed602d-4205-4410-8067-81dc4d21f4ae?index=2","tram, interior, ergonomic, modern, future, eco, unusual shapes, biophilic, photorealistic, streamlined, luxurious, sustainable"
"ewaa_g_long_irregular_seats_tape_seats_tape_long_shapes_tram__cef82e74-e761-4ca3-9117-f5ff594bc2f3_0.png","https://www.midjourney.com/jobs/cef82e74-e761-4ca3-9117-f5ff594bc2f3?index=0","long irregular seats, tape seats, tape, long shapes, tram, transport, imagine, future, modern, futuristic, smart"
"ewaa_g_tram_modern_classic_natural_light_retro_organic_shape__ecef7e67-fc90-4b8c-8132-42e9260fc675_0.png","https://www.midjourney.com/jobs/ecef7e67-fc90-4b8c-8132-42e9260fc675?index=0","tram modern classic natural light retro organic shape marble metal glass"
"ewaa_g_e_tram_modern_glass_interior_led_light_f37b4bc0-7d66-469a-8639-3e9d33531486_3.png","https://www.midjourney.com/jobs/f37b4bc0-7d66-469a-8639-3e9d33531486?index=3","e tram, modern, glass, interior, led light"
"ewaa_g_classic_metro_design_train_old_2174b04d-62be-485d-8791-f6f66d9916ee_2.png","https://www.midjourney.com/jobs/2174b04d-62be-485d-8791-f6f66d9916ee?index=2","classic metro design train old"
"ewaa_g_tram_interior_modern_cosmic_abstract_spaceship_0ebd998c-308d-4cae-964a-363d58cb09cb_1.png","https://www.midjourney.com/jobs/0ebd998c-308d-4cae-964a-363d58cb09cb?index=1","tram interior modern cosmic abstract spaceship"
"ewaa_g_tram_modern_tram_traditional_town_nice_view_interestin_e91ca032-f768-4bca-8212-0cfd9050134c_0.png","https://www.midjourney.com/jobs/e91ca032-f768-4bca-8212-0cfd9050134c?index=0","tram, modern tram, traditional town, nice view, interesting lighting, green colour, white colour, clean design, avaibility, seats, space for bicycles, space for luggage"
"ewaa_g_tram_metro_interior_future_modern_431e1d08-f32c-4d93-b5fa-b36cebf84f4a_2.png","https://www.midjourney.com/jobs/431e1d08-f32c-4d93-b5fa-b36cebf84f4a?index=2","tram, metro, interior, future, modern"
"ewaa_g_middle_of_the_tram_oval_shapes_metal_future_963ea23d-dbb8-4dae-ba67-e3300225f299_3.png","https://www.midjourney.com/jobs/963ea23d-dbb8-4dae-ba67-e3300225f299?index=3","middle of the tram, oval shapes, metal, future"
"ewaa_g_tram_interior_modern_good_design_clean_1ccb8075-b2d2-4646-87de-0fbb32338ee1_1.png","https://www.midjourney.com/jobs/1ccb8075-b2d2-4646-87de-0fbb32338ee1?index=1","tram interior modern good design clean"
"ewaa_g_metro_train_interior_organic_branches_form_ec35c5e7-c06e-496b-bcfb-7bda9474af72_0.png","https://www.midjourney.com/jobs/ec35c5e7-c06e-496b-bcfb-7bda9474af72?index=0","metro train interior organic branches form"
"ewaa_g_tram_spacious_modern_technology_innovative_aesthetic_f_6157d1ea-cb09-42d2-9509-15a8d3f82f3e_2.png","https://www.midjourney.com/jobs/6157d1ea-cb09-42d2-9509-15a8d3f82f3e?index=2","tram, spacious, modern technology, innovative, aesthetic, futuristic, interior, exterior, smart, elegant"
"ewaa_g_tram_interior_design_with_light_modern_led_organic_875982d2-f52c-4693-8bed-e4c13040715b_2.png","https://www.midjourney.com/jobs/875982d2-f52c-4693-8bed-e4c13040715b?index=2","tram interior design with light modern led organic"
"ewaa_g_tram_f71f2a16-4e45-49c5-a7e0-748584d2348c_1.png","https://www.midjourney.com/jobs/f71f2a16-4e45-49c5-a7e0-748584d2348c?index=1","tram"
"ewaa_g_tram_interior_stained_glass_colorful_glass_monochrome__0842d132-5d1b-4c3b-b886-61630298c66f_0.png","https://www.midjourney.com/jobs/0842d132-5d1b-4c3b-b886-61630298c66f?index=0","tram, interior, stained glass, colorful glass, monochrome upholstery, modern"
"ewaa_g_tram_interesting_shapes_night_city_with_lights_modern__9fda1fc5-9837-4f4f-9c2b-931ad44fcff9_0.png","https://www.midjourney.com/jobs/9fda1fc5-9837-4f4f-9c2b-931ad44fcff9?index=0","tram, interesting shapes, night city with lights, modern tram, led violett, red, blue, space atmosphere, clean design, panoramic window, manoramic ceiling"
"ewaa_g_tram_interesting_shapes_sunny_day_modern_tram_led_viol_ca8b0d97-3a1d-4520-8655-3de3ac75e058_1.png","https://www.midjourney.com/jobs/ca8b0d97-3a1d-4520-8655-3de3ac75e058?index=1","tram, interesting shapes, sunny day, modern tram, led violett, red, blue, space atmosphere, clean design, panoramic window, manoramic ceiling"
"ewaa_g_futuristic_elegent_tram_with_beige_interior_and_large__9b7c03eb-0cbc-4c4b-9f90-b5767ee99c43_0.png","https://www.midjourney.com/jobs/9b7c03eb-0cbc-4c4b-9f90-b5767ee99c43?index=0","futuristic elegent tram with beige interior and large window"
"ewaa_g_tram_modern_soft_shapes_people_with_disability_1c03fe3c-7a77-443b-a785-c1d35c715435_3.png","https://www.midjourney.com/jobs/1c03fe3c-7a77-443b-a785-c1d35c715435?index=3","tram, modern, soft shapes, people with disability"
"ewaa_g_tram_interior_glass_window_color_jacquemus_rectangle_c_8d9c6da4-51b6-4f79-b884-6c22d9a080a2_0.png","https://www.midjourney.com/jobs/8d9c6da4-51b6-4f79-b884-6c22d9a080a2?index=0","tram, interior, glass, window color, jacquemus, rectangle, circle, fashion"
"ewaa_g_tram_interior_design_with_light_modern_led_organic_lon_f351f045-b76f-4a6f-99fd-9626c8a95cef_3.png","https://www.midjourney.com/jobs/f351f045-b76f-4a6f-99fd-9626c8a95cef?index=3","tram interior design with light modern led organic long irregular seats, tape seats, tape, long shapes, tram, transport, imagine, future, modern, futuristic, smart"
"ewaa_g_tram_interior_design_with_light_modern_led_organic_lon_33d67b4c-2ca2-43be-8fdd-095f2805b01b_1.png","https://www.midjourney.com/jobs/33d67b4c-2ca2-43be-8fdd-095f2805b01b?index=1","tram interior design with light modern led organic long irregular seats, tape seats, tape, long shapes, tram, transport, imagine, future, modern, futuristic, smart"
"ewaa_g_tram_modern_soft_shapes_people_with_disability_1c03fe3c-7a77-443b-a785-c1d35c715435_0.png","https://www.midjourney.com/jobs/1c03fe3c-7a77-443b-a785-c1d35c715435?index=0","tram, modern, soft shapes, people with disability"
"ewaa_g_tram_interior_design_with_light_modern_led_organic_lon_eae19f5e-dd84-46cf-9205-56f96faca413_2.png","https://www.midjourney.com/jobs/eae19f5e-dd84-46cf-9205-56f96faca413?index=2","tram interior design with light modern led organic long irregular seats, tape seats, tape, long shapes, tram, transport, imagine, future, modern, futuristic, smart"
"ewaa_g_tram_interior_minimalist_modern_light_white_led_clean__b93b62a6-c8fa-47aa-ba72-a1516272e915_0.png","https://www.midjourney.com/jobs/b93b62a6-c8fa-47aa-ba72-a1516272e915?index=0","tram interior minimalist modern light white led clean aesthetic"
"ewaa_g_tram_interior_design_with_light_modern_led_organic_lon_1287e168-17d8-4274-8650-350297f5ac8a_0.png","https://www.midjourney.com/jobs/1287e168-17d8-4274-8650-350297f5ac8a?index=0","tram interior design with light modern led organic long irregular seats, tape seats, tape, long shapes, tram, transport, imagine, future, modern, futuristic, smart"
"ewaa_g_middle_of_the_tram_oval_shapes_metal_future_2e41ef13-c4fd-44ba-a644-dae83d9fc806_0.png","https://www.midjourney.com/jobs/2e41ef13-c4fd-44ba-a644-dae83d9fc806?index=0","middle of the tram, oval shapes, metal, future"
"ewaa_g_tram_interior_stained_glass_colorful_glass_monochrome__97649578-8944-4d40-b58c-17d8722b64ce_1.png","https://www.midjourney.com/jobs/97649578-8944-4d40-b58c-17d8722b64ce?index=1","tram, interior, stained glass, colorful glass, monochrome upholstery, modern"
"ewaa_g_tram_interior_cozy_white_pop_of_colour_lights_48784830-575f-4039-a07c-2d5cc039e058_0.png","https://www.midjourney.com/jobs/48784830-575f-4039-a07c-2d5cc039e058?index=0","tram interior cozy white pop of colour lights"
"ewaa_g_tram_modern_tram_traditional_town_nice_view_interestin_c7ce6a1a-2793-4ce6-a102-5e9a4188c98b_0.png","https://www.midjourney.com/jobs/c7ce6a1a-2793-4ce6-a102-5e9a4188c98b?index=0","tram, modern tram, traditional town, nice view, interesting lighting, green colour, white colour, clean design, avaibility, seats, space for bicycles, space for luggage"
"ewaa_g_train_interior_organic_tree_and_lighting_gaudi_inspire_1e4ea07e-6815-4eb5-8c45-c46060bb95f7_2.png","https://www.midjourney.com/jobs/1e4ea07e-6815-4eb5-8c45-c46060bb95f7?index=2","train interior organic tree and lighting gaudi inspired"
"ewaa_g_tram_exterior_smart_elegant_colorful_ergonomic_place_f_17ed5b15-5ad8-4135-a222-7f086c00f89b_3.png","https://www.midjourney.com/jobs/17ed5b15-5ad8-4135-a222-7f086c00f89b?index=3","tram, exterior, smart, elegant, colorful, ergonomic, place for bike"
"ewaa_g_middle_of_the_tram_oval_shapes_metal_future_9b3d0ad3-ae5a-4705-b86f-eaf56fc22aca_1.png","https://www.midjourney.com/jobs/9b3d0ad3-ae5a-4705-b86f-eaf56fc22aca?index=1","middle of the tram, oval shapes, metal, future"
"ewaa_g_tram_interior_design_with_light_modern_led_organic_0bafc5d3-f462-42f9-988a-589322606b60_3.png","https://www.midjourney.com/jobs/0bafc5d3-f462-42f9-988a-589322606b60?index=3","tram interior design with light modern led organic"
"ewaa_g_tram_interior_design_with_light_modern_led_organic_lon_8ba868b9-4e52-4269-b7f2-352777f2cc2a_0.png","https://www.midjourney.com/jobs/8ba868b9-4e52-4269-b7f2-352777f2cc2a?index=0","tram interior design with light modern led organic long irregular seats, tape seats, tape, long shapes, tram, transport, imagine, future, modern, futuristic, smart"
"ewaa_g_tram_interesting_shapes_night_city_with_lights_modern__2b88707a-4f8c-4a59-b2dd-c90237f2f0ed_1.png","https://www.midjourney.com/jobs/2b88707a-4f8c-4a59-b2dd-c90237f2f0ed?index=1","tram, interesting shapes, night city with lights, modern tram, led violett, red, blue, space atmosphere, clean design, panoramic window, manoramic ceiling"
"ewaa_g_minimalist_modern_retro_tram_interior_2bfdc3b0-a429-4e5c-a26c-e745c6792b8c_2.png","https://www.midjourney.com/jobs/2bfdc3b0-a429-4e5c-a26c-e745c6792b8c?index=2","minimalist modern retro tram interior"
"ewaa_g_tram_modern_minimalistic_window_space_metal_natral_lig_28c3e859-2b6e-4f77-bdf0-d9925e1d0691_2.png","https://www.midjourney.com/jobs/28c3e859-2b6e-4f77-bdf0-d9925e1d0691?index=2","tram modern minimalistic window space metal natral light comfortable seats"
"ewaa_g_metro_interor_tram_future_modern_intelegent_futuristic_f9a7fc97-3e9f-452d-a116-3537cde487d0_3.png","https://www.midjourney.com/jobs/f9a7fc97-3e9f-452d-a116-3537cde487d0?index=3","metro, interor, tram, future, modern, intelegent, futuristic, light"
"ewaa_g_tram_window_exterior_modent_future_85f33f7f-19ec-47fe-823a-3a36b88deb3e_3.png","https://www.midjourney.com/jobs/85f33f7f-19ec-47fe-823a-3a36b88deb3e?index=3","tram, window, exterior, modent, future"
"ewaa_g_tram_interior_design_organic_shapes_ecology_9e3a33b0-9ed3-455e-aeda-f73b6ef8c94f_0.png","https://www.midjourney.com/jobs/9e3a33b0-9ed3-455e-aeda-f73b6ef8c94f?index=0","tram, interior design, organic shapes, ecology"
"ewaa_g_metro_train_interior_organic_branches_form_ec35c5e7-c06e-496b-bcfb-7bda9474af72_1.png","https://www.midjourney.com/jobs/ec35c5e7-c06e-496b-bcfb-7bda9474af72?index=1","metro train interior organic branches form"
"ewaa_g_train_interior_organic_tree_and_lighting_gaudi_inspire_7e1e4eb8-c2a1-41d6-8b15-07f6ce06840a_1.png","https://www.midjourney.com/jobs/7e1e4eb8-c2a1-41d6-8b15-07f6ce06840a?index=1","train interior organic tree and lighting gaudi inspired"
"ewaa_g_tram_pink_glass_window_futuristic_design_cosmic_5a042949-c6a8-49ff-9a94-e8099117531a_0.png","https://www.midjourney.com/jobs/5a042949-c6a8-49ff-9a94-e8099117531a?index=0","tram pink glass window futuristic design cosmic"
"ewaa_g_train_interior_organic_tree_and_lighting_gaudi_inspire_45f8f287-1bba-4d78-a45a-5faf894dd235_2.png","https://www.midjourney.com/jobs/45f8f287-1bba-4d78-a45a-5faf894dd235?index=2","train interior organic tree and lighting gaudi inspired"
"ewaa_g_tram_modern_style_big_windows_3fd9f12e-f7b7-4e0e-bc5d-50c68acc93f3_2.png","https://www.midjourney.com/jobs/3fd9f12e-f7b7-4e0e-bc5d-50c68acc93f3?index=2","tram, modern style, big windows,"
"ewaa_g_metro_interor_tram_future_modern_intelegent_futuristic_64b42618-a829-4265-9c94-93dd03e9b286_0.png","https://www.midjourney.com/jobs/64b42618-a829-4265-9c94-93dd03e9b286?index=0","metro, interor, tram, future, modern, intelegent, futuristic, light"
"ewaa_g_tram_interesting_shapes_sunny_day_modern_tram_led_viol_bf5160df-eaac-432c-b45c-f8088a225d58_2.png","https://www.midjourney.com/jobs/bf5160df-eaac-432c-b45c-f8088a225d58?index=2","tram, interesting shapes, sunny day, modern tram, led violett, red, blue, space atmosphere, clean design, panoramic window, manoramic ceiling"
"ewaa_g_tram_interior_design_with_light_modern_led_organic_lon_ed856de9-bc5c-4fb2-9050-bf49197a7551_2.png","https://www.midjourney.com/jobs/ed856de9-bc5c-4fb2-9050-bf49197a7551?index=2","tram interior design with light modern led organic long irregular seats, tape seats, tape, long shapes, tram, transport, imagine, future, modern, futuristic, smart"
"ewaa_g_tram_interior_design_with_light_modern_led_organic_lon_ed856de9-bc5c-4fb2-9050-bf49197a7551_1.png","https://www.midjourney.com/jobs/ed856de9-bc5c-4fb2-9050-bf49197a7551?index=1","tram interior design with light modern led organic long irregular seats, tape seats, tape, long shapes, tram, transport, imagine, future, modern, futuristic, smart"
"ewaa_g_interior_tram_abstract_modern_classy_geometrical_liqui_2cd3eead-df88-4f6e-a97e-305834c126df_1.png","https://www.midjourney.com/jobs/2cd3eead-df88-4f6e-a97e-305834c126df?index=1","interior, tram, abstract, modern, classy, geometrical, liquid, blue, elegant, aesthetic, vibe, fluffy"
"ewaa_g_tram_ergoomic_interior_spacious_comfortable_with_wood__27765a70-fd8d-4cbd-8d92-5fb9da8ab97c_3.png","https://www.midjourney.com/jobs/27765a70-fd8d-4cbd-8d92-5fb9da8ab97c?index=3","tram, ergoomic, interior, spacious, comfortable, with wood, aesthetic, cozy, environmentlly friendly"
"ewaa_g_tram_organic_shapes_nature_modern_155f2809-be72-433c-990a-0d01b51db49a_0.png","https://www.midjourney.com/jobs/155f2809-be72-433c-990a-0d01b51db49a?index=0","tram, organic shapes, nature, modern"
"ewaa_g_tram_interior_design_with_light_modern_led_organic_lon_dc72620a-01ad-40c8-91aa-20dce3082cf6_1.png","https://www.midjourney.com/jobs/dc72620a-01ad-40c8-91aa-20dce3082cf6?index=1","tram interior design with light modern led organic long irregular seats, tape seats, tape, long shapes, tram, transport, imagine, future, modern, futuristic, smart"
"ewaa_g_tram_modern_tram_lighting_white_colour_clean_design_se_e4cc391c-e5a1-41c9-a5e4-964105075def_3.png","https://www.midjourney.com/jobs/e4cc391c-e5a1-41c9-a5e4-964105075def?index=3","tram, modern tram, lighting, white colour, clean design, seats, avaibility, place for bikes, place for dog, people in tram"
"ewaa_g_tram_interior_glass_window_color_jacquemus_rectangle_c_50eb4aab-c16f-4493-96dc-13d77aa344f7_0.png","https://www.midjourney.com/jobs/50eb4aab-c16f-4493-96dc-13d77aa344f7?index=0","tram, interior, glass, window color, jacquemus, rectangle, circle, fashion"
"ewaa_g_tram_spacious_modern_technology_innovative_aesthetic_f_774c4d02-29f2-41e6-8ea3-61196f819424_0.png","https://www.midjourney.com/jobs/774c4d02-29f2-41e6-8ea3-61196f819424?index=0","tram, spacious, modern technology, innovative, aesthetic, futuristic, interior, exterior, smart, elegant"
"ewaa_g_tram_pink_round_5b1aeda5-f523-461e-852e-ca48dd4d0e42_2.png","https://www.midjourney.com/jobs/5b1aeda5-f523-461e-852e-ca48dd4d0e42?index=2","tram pink round"
"ewaa_g_tram_modern_tram_lighting_white_colour_clean_design_se_01d3995c-9546-4cec-b643-887ed157b501_1.png","https://www.midjourney.com/jobs/01d3995c-9546-4cec-b643-887ed157b501?index=1","tram, modern tram, lighting, white colour, clean design, seats, avaibility, place for bikes, place for dog, people in tram"
"ewaa_g_tram_spacious_modern_technology_innovative_aesthetic_f_c8b35d0a-cd63-435a-94e1-082e5f6fa95f_0.png","https://www.midjourney.com/jobs/c8b35d0a-cd63-435a-94e1-082e5f6fa95f?index=0","tram, spacious, modern technology, innovative, aesthetic, futuristic, interior, exterior, smart, elegant"
"ewaa_g_tram_interior_glass_window_color_jacquemus_rectangle_c_48bece5d-8abc-4c91-add0-60c8496d26ed_3.png","https://www.midjourney.com/jobs/48bece5d-8abc-4c91-add0-60c8496d26ed?index=3","tram, interior, glass, window color, jacquemus, rectangle, circle, fashion"
"ewaa_g_train_interior_organic_tree_branches_form_and_lighting_04c95e0e-fe36-4c4f-86db-a24b7cf56efc_0.png","https://www.midjourney.com/jobs/04c95e0e-fe36-4c4f-86db-a24b7cf56efc?index=0","train interior organic tree branches form and lighting"
"ewaa_g_tram_interior_ergonomic_modern_future_eco_unusual_shap_b8771839-ecbc-49ad-8cce-64ecb3a2617e_1.png","https://www.midjourney.com/jobs/b8771839-ecbc-49ad-8cce-64ecb3a2617e?index=1","tram, interior, ergonomic, modern, future, eco, unusual shapes, biophilic, photorealistic, streamlined, luxurious, sustainable"
"ewaa_g_tram_metro_interior_modern_comfortable_white_led_irreg_eda31d8a-06f3-4374-be5e-15c4cb2f86ee_2.png","https://www.midjourney.com/jobs/eda31d8a-06f3-4374-be5e-15c4cb2f86ee?index=2","tram metro interior modern comfortable white led irregular seats organic shapes in the middle"
"ewaa_g_tram_modern_tram_lighting_white_colour_clean_design_se_79b54045-8195-49cf-9ded-66e4bebb5f53_2.png","https://www.midjourney.com/jobs/79b54045-8195-49cf-9ded-66e4bebb5f53?index=2","tram, modern tram, lighting, white colour, clean design, seats, avaibility, place for bikes, place for dog, people in tram"
"ewaa_g_tram_space_oval_shapes_blue_pink_purple_future_metal_c_20ae5040-0fb8-44d3-afd6-36e358e0204d_0.png","https://www.midjourney.com/jobs/20ae5040-0fb8-44d3-afd6-36e358e0204d?index=0","tram, space, oval shapes, blue, pink, purple, future, metal, cosmos"
"ewaa_g_tram_exterior_smart_elegant_colorful_ergonomic_place_f_2d920df2-0c61-441e-bab8-79ebfe6aab61_1.png","https://www.midjourney.com/jobs/2d920df2-0c61-441e-bab8-79ebfe6aab61?index=1","tram, exterior, smart, elegant, colorful, ergonomic, place for bike"
"ewaa_g_tram_light_modern_interior_led_organic_7a7a998c-157d-47ca-a033-a86df0aedbb6_3.png","https://www.midjourney.com/jobs/7a7a998c-157d-47ca-a033-a86df0aedbb6?index=3","tram light modern interior led organic"
"ewaa_g_tram_led_comfortable_seats_high_end_modern_45390612-9d92-4045-9fb3-2d78505fe36e_0.png","https://www.midjourney.com/jobs/45390612-9d92-4045-9fb3-2d78505fe36e?index=0","tram, led, comfortable seats, high end, modern"
"ewaa_g_long_irregular_seats_tape_seats_tape_long_shapes_tram__62e4d174-aa1c-417c-a4be-b3485a54430d_0.png","https://www.midjourney.com/jobs/62e4d174-aa1c-417c-a4be-b3485a54430d?index=0","long irregular seats, tape seats, tape, long shapes, tram, transport, imagine, future, modern, futuristic, smart"
"ewaa_g_tram_exterior_smart_elegant_colorful_ergonomic_place_f_4eb5e1d2-9a9c-4da8-a17c-9c9c7816ec6f_3.png","https://www.midjourney.com/jobs/4eb5e1d2-9a9c-4da8-a17c-9c9c7816ec6f?index=3","tram, exterior, smart, elegant, colorful, ergonomic, place for bike"
"ewaa_g_tram_interesting_shapes_sunny_day_modern_tram_led_viol_badfe533-f437-421e-873f-8ba6aafef66d_0.png","https://www.midjourney.com/jobs/badfe533-f437-421e-873f-8ba6aafef66d?index=0","tram, interesting shapes, sunny day, modern tram, led violett, red, blue, space atmosphere, clean design, panoramic window, manoramic ceiling"
"ewaa_g_tram_organic_shapes_nature_modern_545a07cf-3ec5-4335-97a0-3a3d2f877048_3.png","https://www.midjourney.com/jobs/545a07cf-3ec5-4335-97a0-3a3d2f877048?index=3","tram, organic shapes, nature, modern"
"ewaa_g_tram_interesting_shapes_night_city_with_lights_modern__9192e36f-a87e-4480-b945-37246988de95_0.png","https://www.midjourney.com/jobs/9192e36f-a87e-4480-b945-37246988de95?index=0","tram, interesting shapes, night city with lights, modern tram, led violett, red, blue, space atmosphere, clean design, panoramic window, manoramic ceiling"
"ewaa_g_tram_interior_design_with_light_modern_led_organic_lon_eae19f5e-dd84-46cf-9205-56f96faca413_3.png","https://www.midjourney.com/jobs/eae19f5e-dd84-46cf-9205-56f96faca413?index=3","tram interior design with light modern led organic long irregular seats, tape seats, tape, long shapes, tram, transport, imagine, future, modern, futuristic, smart"
"ewaa_g_tram_interior_minimalist_modern_light_white_led_clean__b93b62a6-c8fa-47aa-ba72-a1516272e915_2.png","https://www.midjourney.com/jobs/b93b62a6-c8fa-47aa-ba72-a1516272e915?index=2","tram interior minimalist modern light white led clean aesthetic"
"ewaa_g_middle_of_the_tram_oval_shapes_metal_future_neon_d8a040a2-7841-4864-a591-546d8777a666_0.png","https://www.midjourney.com/jobs/d8a040a2-7841-4864-a591-546d8777a666?index=0","middle of the tram, oval shapes, metal, future, neon"
"ewaa_g_tram_interior_design_with_light_modern_led_organic_lon_5dac6945-c8e2-4c89-b42c-5ea3d2d583a9_0.png","https://www.midjourney.com/jobs/5dac6945-c8e2-4c89-b42c-5ea3d2d583a9?index=0","tram interior design with light modern led organic long irregular seats, tape seats, tape, long shapes, tram, transport, imagine, future, modern, futuristic, smart"
"ewaa_g_tram_exterior_smart_elegant_colorful_ergonomic_place_f_baa008a3-0af9-4791-afb2-16d81b47a17f_1.png","https://www.midjourney.com/jobs/baa008a3-0af9-4791-afb2-16d81b47a17f?index=1","tram, exterior, smart, elegant, colorful, ergonomic, place for bike"
"ewaa_g_tram_interior_modern_colourful_d7650003-4703-4149-9580-e4a5d879344c_0.png","https://www.midjourney.com/jobs/d7650003-4703-4149-9580-e4a5d879344c?index=0","tram, interior, modern, colourful,"
"ewaa_g_tram_interior_ergonomic_modern_future_eco_unusual_shap_80ed602d-4205-4410-8067-81dc4d21f4ae_1.png","https://www.midjourney.com/jobs/80ed602d-4205-4410-8067-81dc4d21f4ae?index=1","tram, interior, ergonomic, modern, future, eco, unusual shapes, biophilic, photorealistic, streamlined, luxurious, sustainable"
"ewaa_g_interior_tram_high_design_abstract_forms_geometrical_c_7d03a130-dd44-47b4-bee5-6d68f06f6462_0.png","https://www.midjourney.com/jobs/7d03a130-dd44-47b4-bee5-6d68f06f6462?index=0","interior, tram, high, design, abstract, forms, geometrical, chrome, elegant, silver, vibe, aesthetic"
"ewaa_g_uturistic_seats_long_tape_lights_led_waves_bus_tram_ca_d975ba5b-cb53-42bc-a602-6833c835bea8_0.png","https://www.midjourney.com/jobs/d975ba5b-cb53-42bc-a602-6833c835bea8?index=0","uturistic seats, long tape lights, led, waves, bus, tram, car"
"ewaa_g_tram_interesting_shapes_sunny_day_modern_tram_led_viol_7fcff659-0e79-4005-bbf5-7685d374699f_3.png","https://www.midjourney.com/jobs/7fcff659-0e79-4005-bbf5-7685d374699f?index=3","tram, interesting shapes, sunny day, modern tram, led violett, red, blue, space atmosphere, clean design, panoramic window, manoramic ceiling"
"ewaa_g_futuristic_elegant_beige_tram_with_neons_and_large_win_adbb8c06-ae65-4d53-bb44-13c7a3f5af29_0.png","https://www.midjourney.com/jobs/adbb8c06-ae65-4d53-bb44-13c7a3f5af29?index=0","futuristic elegant beige tram with neons and large window"
"ewaa_g_tram_fast_future_streamlined_light_organic_structure_s_2eaa4ddb-caef-49ef-8210-83942a1ff932_3.png","https://www.midjourney.com/jobs/2eaa4ddb-caef-49ef-8210-83942a1ff932?index=3","tram, fast, future, streamlined, light, organic structure, seats"
"ewaa_g_tram_interior_glass_window_color_jacquemus_rectangle_c_34a5b6a6-9879-4cce-a74f-ab76b53b641e_0.png","https://www.midjourney.com/jobs/34a5b6a6-9879-4cce-a74f-ab76b53b641e?index=0","tram, interior, glass, window color, jacquemus, rectangle, circle, fashion"
"ewaa_g_tram_interior_design_with_light_modern_led_organic_lon_02342ce4-9196-4c89-9c15-cb257492f3b6_1.png","https://www.midjourney.com/jobs/02342ce4-9196-4c89-9c15-cb257492f3b6?index=1","tram interior design with light modern led organic long irregular seats, tape seats, tape, long shapes, tram, transport, imagine, future, modern, futuristic, smart"
"ewaa_g_tram_interesting_shapes_night_city_with_lights_modern__5035a5ae-d8e1-4cae-bc50-406904b1ce8e_0.png","https://www.midjourney.com/jobs/5035a5ae-d8e1-4cae-bc50-406904b1ce8e?index=0","tram, interesting shapes, night city with lights, modern tram, led violett, red, blue, space atmosphere, clean design, panoramic window, manoramic ceiling"
"ewaa_g_train_interior_organic_tree_and_lighting_gaudi_inspire_d4cf201b-d81d-4159-b04f-d6be613765d9_0.png","https://www.midjourney.com/jobs/d4cf201b-d81d-4159-b04f-d6be613765d9?index=0","train interior organic tree and lighting gaudi inspired"
"ewaa_g_middle_of_the_tram_oval_shapes_metal_future_neon_315cb194-b351-40f0-ae74-b486bfb6cf53_1.png","https://www.midjourney.com/jobs/315cb194-b351-40f0-ae74-b486bfb6cf53?index=1","middle of the tram, oval shapes, metal, future, neon"
"ewaa_g_tram_organic_shapes_nature_modern_155f2809-be72-433c-990a-0d01b51db49a_3.png","https://www.midjourney.com/jobs/155f2809-be72-433c-990a-0d01b51db49a?index=3","tram, organic shapes, nature, modern"
"ewaa_g_modern_long_seats_tape_seats_connection_irregular_shap_c8da6ffe-f585-49f1-a99e-026e4b5549e7_0.png","https://www.midjourney.com/jobs/c8da6ffe-f585-49f1-a99e-026e4b5549e7?index=0","modern, long seats, tape seats, connection, irregular shapes, capsule, tram"
"ewaa_g_tram_interior_ergonomic_modern_future_eco_unusual_shap_80ed602d-4205-4410-8067-81dc4d21f4ae_3.png","https://www.midjourney.com/jobs/80ed602d-4205-4410-8067-81dc4d21f4ae?index=3","tram, interior, ergonomic, modern, future, eco, unusual shapes, biophilic, photorealistic, streamlined, luxurious, sustainable"
"ewaa_g_tram_interior_design_with_light_modern_led_organic_lon_e2739c8f-344b-421b-933d-27caeaebc0cd_0.png","https://www.midjourney.com/jobs/e2739c8f-344b-421b-933d-27caeaebc0cd?index=0","tram interior design with light modern led organic long irregular seats, tape seats, tape, long shapes, tram, transport, imagine, future, modern, futuristic, smart"
"ewaa_g_futuristic_elegent_tram_with_beige_interior_and_large__0dc52c68-f2a1-4fbb-a7f1-a43dc4632e75_2.png","https://www.midjourney.com/jobs/0dc52c68-f2a1-4fbb-a7f1-a43dc4632e75?index=2","futuristic elegent tram with beige interior and large window"
"ewaa_g_metro_train_interior_organic_branches_form_1fe69908-5f82-4574-81e2-4747a82e2ad1_0.png","https://www.midjourney.com/jobs/1fe69908-5f82-4574-81e2-4747a82e2ad1?index=0","metro train interior organic branches form"
"ewaa_g_futuristic_elegant_beige_tram_interior_with_neons_and__ca7b5ab8-ddc3-481a-b139-444c0e2f9cd9_1.png","https://www.midjourney.com/jobs/ca7b5ab8-ddc3-481a-b139-444c0e2f9cd9?index=1","futuristic elegant beige tram interior with neons and large round window"
"ewaa_g_tram_modern_tram_traditional_town_nice_view_interestin_b3dd9146-80c5-4efd-9e93-b56f499067d3_3.png","https://www.midjourney.com/jobs/b3dd9146-80c5-4efd-9e93-b56f499067d3?index=3","tram, modern tram, traditional town, nice view, interesting lighting, green colour, white colour, clean design, avaibility, seats, space for bicycles, space for luggage"
"ewaa_g_interior_tram_high_design_abstract_forms_geometrical_c_2ba1b62c-4eb3-47bf-b65a-d010ff1ca425_0.png","https://www.midjourney.com/jobs/2ba1b62c-4eb3-47bf-b65a-d010ff1ca425?index=0","interior, tram, high, design, abstract, forms, geometrical, chrome, elegant, silver, vibe, aesthetic"
"ewaa_g_tram_modern_tram_traditional_town_nice_view_interestin_27853ae3-5046-4ff5-bdec-ea1503988041_3.png","https://www.midjourney.com/jobs/27853ae3-5046-4ff5-bdec-ea1503988041?index=3","tram, modern tram, traditional town, nice view, interesting lighting, green colour, white colour, clean design, avaibility, seats, space for bicycles, space for luggage"
"ewaa_g_tram_ergoomic_interior_spacious_comfortable_with_wood__fb34b42e-5a43-411a-94cb-407b92b504ed_3.png","https://www.midjourney.com/jobs/fb34b42e-5a43-411a-94cb-407b92b504ed?index=3","tram, ergoomic, interior, spacious, comfortable, with wood, aesthetic, cozy, environmentlly friendly"
"ewaa_g_middle_of_the_tram_oval_shapes_metal_future_neon_315cb194-b351-40f0-ae74-b486bfb6cf53_3.png","https://www.midjourney.com/jobs/315cb194-b351-40f0-ae74-b486bfb6cf53?index=3","middle of the tram, oval shapes, metal, future, neon"
"ewaa_g_tram_interior_ergonomic_modern_future_eco_unusual_shap_7f7bf2bd-381f-4ce8-a104-87e690959e95_3.png","https://www.midjourney.com/jobs/7f7bf2bd-381f-4ce8-a104-87e690959e95?index=3","tram, interior, ergonomic, modern, future, eco, unusual shapes, biophilic, photorealistic, streamlined, luxurious, sustainable"
"ewaa_g_tram_interior_goth_minimalistic_black_1496c7d6-870b-464f-b056-c06f49e76077_1.png","https://www.midjourney.com/jobs/1496c7d6-870b-464f-b056-c06f49e76077?index=1","tram interior goth minimalistic black"
"ewaa_g_white_tram_interior_modern_clean_easy_big_windows_cush_62c5d12c-f456-4496-be61-93e0b202feee_0.png","https://www.midjourney.com/jobs/62c5d12c-f456-4496-be61-93e0b202feee?index=0","white tram interior modern clean easy big windows cushioned seats"
"ewaa_g_metro_train_interior_organic_branches_form_84c4cc13-3526-4dc3-a9bd-6026d30a4b44_0.png","https://www.midjourney.com/jobs/84c4cc13-3526-4dc3-a9bd-6026d30a4b44?index=0","metro train interior organic branches form"
"ewaa_g_futuristic_elegant_beige_tram_with_neons_and_large_win_35539544-7861-4209-8f26-a0297e9f62f6_2.png","https://www.midjourney.com/jobs/35539544-7861-4209-8f26-a0297e9f62f6?index=2","futuristic elegant beige tram with neons and large window"
"ewaa_g_uturistic_elegant_beige_tram_interior_with_neons_and_l_3c6cb9e5-17e1-4a6b-98d3-68608cefa9f7_1.png","https://www.midjourney.com/jobs/3c6cb9e5-17e1-4a6b-98d3-68608cefa9f7?index=1","uturistic elegant beige tram interior with neons and large round window"
"ewaa_g_middle_of_the_tram_oval_shapes_metal_future_neon_9eb80a08-39c1-47a8-bc47-50d1bdd03cab_3.png","https://www.midjourney.com/jobs/9eb80a08-39c1-47a8-bc47-50d1bdd03cab?index=3","middle of the tram, oval shapes, metal, future, neon"
"ewaa_g_tram_interesting_shapes_night_city_with_lights_modern__e648e6cf-ce41-4e86-9c5f-1f409ec3541d_0.png","https://www.midjourney.com/jobs/e648e6cf-ce41-4e86-9c5f-1f409ec3541d?index=0","tram, interesting shapes, night city with lights, modern tram, led violett, red, blue, space atmosphere, clean design, panoramic window, manoramic ceiling"
"ewaa_g_tram_metro_interior_modern_comfortable_white_led_irreg_eda31d8a-06f3-4374-be5e-15c4cb2f86ee_1.png","https://www.midjourney.com/jobs/eda31d8a-06f3-4374-be5e-15c4cb2f86ee?index=1","tram metro interior modern comfortable white led irregular seats organic shapes in the middle"
"ewaa_g_tram_interesting_shapes_night_city_with_lights_modern__e5a75c4a-5ef7-4a5e-af7b-73878411e213_0.png","https://www.midjourney.com/jobs/e5a75c4a-5ef7-4a5e-af7b-73878411e213?index=0","tram, interesting shapes, night city with lights, modern tram, led violett, red, blue, space atmosphere, clean design, panoramic window, manoramic ceiling"
"ewaa_g_tram_interior_design_with_light_modern_led_organic_lon_2ab83725-b263-4e6b-829c-09dcf73b4259_3.png","https://www.midjourney.com/jobs/2ab83725-b263-4e6b-829c-09dcf73b4259?index=3","tram interior design with light modern led organic long irregular seats, tape seats, tape, long shapes, tram, transport, imagine, future, modern, futuristic, smart"
"ewaa_g_middle_of_the_tram_oval_shapes_metal_future_ea9bfb77-ad15-44b1-8a95-f3b146fefb84_2.png","https://www.midjourney.com/jobs/ea9bfb77-ad15-44b1-8a95-f3b146fefb84?index=2","middle of the tram, oval shapes, metal, future"
"ewaa_g_tram_futuristic_colorful_joy_young_people_led_sunshine_ce9387a5-eeb5-4dcd-b92a-aa7c5e7a333f_1.png","https://www.midjourney.com/jobs/ce9387a5-eeb5-4dcd-b92a-aa7c5e7a333f?index=1","tram, futuristic, colorful, joy, young, people, led, sunshine, widewindow"
"ewaa_g_tram_interior_modern_cosmic_abstract_spaceship_0ebd998c-308d-4cae-964a-363d58cb09cb_2.png","https://www.midjourney.com/jobs/0ebd998c-308d-4cae-964a-363d58cb09cb?index=2","tram interior modern cosmic abstract spaceship"
"ewaa_g_tram_interior_design_with_light_modern_led_organic_lon_dc72620a-01ad-40c8-91aa-20dce3082cf6_2.png","https://www.midjourney.com/jobs/dc72620a-01ad-40c8-91aa-20dce3082cf6?index=2","tram interior design with light modern led organic long irregular seats, tape seats, tape, long shapes, tram, transport, imagine, future, modern, futuristic, smart"
"ewaa_g_futuristic_elegent_tram_with_beige_interior_and_large__f55a1491-6b66-4efd-823b-983f36cdc046_0.png","https://www.midjourney.com/jobs/f55a1491-6b66-4efd-823b-983f36cdc046?index=0","futuristic elegent tram with beige interior and large window"
"ewaa_g_interior_tram_high_design_abstract_forms_geometrical_c_f7416bc2-c7eb-4cc8-b66c-5290b6235505_0.png","https://www.midjourney.com/jobs/f7416bc2-c7eb-4cc8-b66c-5290b6235505?index=0","interior, tram, high, design, abstract, forms, geometrical, chrome, elegant, silver, vibe, aesthetic"
"ewaa_g_tram_interior_coloured_glass_windows_minimalist_seats__b04eafa7-4d83-4ce8-bf27-6ba47293c7b7_1.png","https://www.midjourney.com/jobs/b04eafa7-4d83-4ce8-bf27-6ba47293c7b7?index=1","tram interior coloured glass windows minimalist seats white colour aesthetic"
"ewaa_g_tram_interesting_shapes_night_city_with_lights_modern__33496c53-4401-44f4-8aaa-0b0deaed5572_0.png","https://www.midjourney.com/jobs/33496c53-4401-44f4-8aaa-0b0deaed5572?index=0","tram, interesting shapes, night city with lights, modern tram, led violett, red, blue, space atmosphere, clean design, panoramic window, manoramic ceiling"
"ewaa_g_long_irregular_seats_tape_seats_tape_long_shapes_tram__62e4d174-aa1c-417c-a4be-b3485a54430d_3.png","https://www.midjourney.com/jobs/62e4d174-aa1c-417c-a4be-b3485a54430d?index=3","long irregular seats, tape seats, tape, long shapes, tram, transport, imagine, future, modern, futuristic, smart"
"ewaa_g_tram_modern_minimalistic_window_space_metal_natral_lig_28c3e859-2b6e-4f77-bdf0-d9925e1d0691_3.png","https://www.midjourney.com/jobs/28c3e859-2b6e-4f77-bdf0-d9925e1d0691?index=3","tram modern minimalistic window space metal natral light comfortable seats"
"ewaa_g_tram_window_exterior_modent_future_55c9b508-7d28-406c-8a4a-a3648aaf157a_3.png","https://www.midjourney.com/jobs/55c9b508-7d28-406c-8a4a-a3648aaf157a?index=3","tram, window, exterior, modent, future"
"ewaa_g_tram_modern_retro_led_future_b14ff711-25c1-44be-9b1f-94c26195742f_0.png","https://www.midjourney.com/jobs/b14ff711-25c1-44be-9b1f-94c26195742f?index=0","tram, modern, retro, led, future"
"ewaa_g_tram_interior_stained_glass_colorful_glass_monochrome__4bb0cf81-6d41-4538-bbed-3608d626a8cd_3.png","https://www.midjourney.com/jobs/4bb0cf81-6d41-4538-bbed-3608d626a8cd?index=3","tram, interior, stained glass, colorful glass, monochrome upholstery, modern"
"ewaa_g_tram_metro_interior_future_modern_--v_6.0_55ff310d-95bd-48c4-b0ed-6a7cde36efc2_0.png","https://www.midjourney.com/jobs/55ff310d-95bd-48c4-b0ed-6a7cde36efc2?index=0","tram, metro, interior, future, modern"
"ewaa_g_tram_modern_tram_traditional_town_nice_view_interestin_b47db531-c163-4e35-9dfc-06d75fe461d0_3.png","https://www.midjourney.com/jobs/b47db531-c163-4e35-9dfc-06d75fe461d0?index=3","tram, modern tram, traditional town, nice view, interesting lighting, green colour, white colour, clean design, avaibility, seats, space for bicycles, space for luggage"
"ewaa_g_tram_interior_modern_colourful_2a697ecf-1a18-4334-b7b6-b12543928cc3_0.png","https://www.midjourney.com/jobs/2a697ecf-1a18-4334-b7b6-b12543928cc3?index=0","tram, interior, modern, colourful,"
"ewaa_g_tram_modern_tram_traditional_town_nice_view_interestin_e13e2bf8-ab09-49c0-a527-f5115dcca6fa_2.png","https://www.midjourney.com/jobs/e13e2bf8-ab09-49c0-a527-f5115dcca6fa?index=2","tram, modern tram, traditional town, nice view, interesting lighting, green colour, white colour, clean design, avaibility, seats, space for bicycles, space for luggage"
"ewaa_g_tram_exterior_smart_elegant_colorful_ergonomic_place_f_0a21874a-43ef-4f6a-82a2-98ec5c6754f5_1.png","https://www.midjourney.com/jobs/0a21874a-43ef-4f6a-82a2-98ec5c6754f5?index=1","tram, exterior, smart, elegant, colorful, ergonomic, place for bike"
"ewaa_g_futuristic_seats_long_tape_lights_led_waves_bus_tram_c_e0dcdbf8-8f89-4471-964e-0a222eb5df8a_2.png","https://www.midjourney.com/jobs/e0dcdbf8-8f89-4471-964e-0a222eb5df8a?index=2","futuristic seats, long tape lights, led, waves, bus, tram, car"
"ewaa_g_tram_window_exterior_modent_future_2f703b03-9e68-4f50-b2b0-48fd61b04caf_3.png","https://www.midjourney.com/jobs/2f703b03-9e68-4f50-b2b0-48fd61b04caf?index=3","tram, window, exterior, modent, future"
"ewaa_g_tram_interior_design_organic_shapes_ecology_f3c46d9b-f393-4ee0-bce5-7be3ebdd4140_3.png","https://www.midjourney.com/jobs/f3c46d9b-f393-4ee0-bce5-7be3ebdd4140?index=3","tram, interior design, organic shapes, ecology"
"ewaa_g_tram_bike_place_interior_design_4e9b93fa-db25-421e-926b-535b2d4b616d_3.png","https://www.midjourney.com/jobs/4e9b93fa-db25-421e-926b-535b2d4b616d?index=3","tram, bike place, interior design,"
"ewaa_g_futuristic_elegent_tram_with_beige_interior_and_large__d745efef-0d20-4c03-ac67-fd601d34e1fa_0.png","https://www.midjourney.com/jobs/d745efef-0d20-4c03-ac67-fd601d34e1fa?index=0","futuristic elegent tram with beige interior and large window"
"ewaa_g_middle_of_the_tram_oval_shapes_metal_future_9b3d0ad3-ae5a-4705-b86f-eaf56fc22aca_2.png","https://www.midjourney.com/jobs/9b3d0ad3-ae5a-4705-b86f-eaf56fc22aca?index=2","middle of the tram, oval shapes, metal, future"
"ewaa_g_interior_tram_abstract_modern_classy_geometrical_liqui_4faf97cc-d503-4838-a87f-45a5c6206317_1.png","https://www.midjourney.com/jobs/4faf97cc-d503-4838-a87f-45a5c6206317?index=1","interior, tram, abstract, modern, classy, geometrical, liquid, blue, elegant, aesthetic, vibe, fluffy"
"ewaa_g_white_tram_interior_modern_clean_easy_big_windows_cush_c3e1cc21-d8b3-4cb2-bd30-25afc18e379c_2.png","https://www.midjourney.com/jobs/c3e1cc21-d8b3-4cb2-bd30-25afc18e379c?index=2","white tram interior modern clean easy big windows cushioned seats"
"ewaa_g_e_tram_modern_glass_interior_led_light_992c939d-2e0d-4525-a937-b080faecfd8d_2.png","https://www.midjourney.com/jobs/992c939d-2e0d-4525-a937-b080faecfd8d?index=2","e tram, modern, glass, interior, led light"
"ewaa_g_tram_window_exterior_modent_future_02881afe-fe88-47d2-98a3-d38f56284d85_3.png","https://www.midjourney.com/jobs/02881afe-fe88-47d2-98a3-d38f56284d85?index=3","tram, window, exterior, modent, future"
"ewaa_g_tram_interior_ergonomic_modern_future_eco_unusual_shap_76649906-acc0-4f25-a77c-58d607d0b27c_1.png","https://www.midjourney.com/jobs/76649906-acc0-4f25-a77c-58d607d0b27c?index=1","tram, interior, ergonomic, modern, future, eco, unusual shapes, biophilic, photorealistic, streamlined, luxurious, sustainable"
"ewaa_g_tram_interior_stained_glass_colorful_glass_monochrome__b797bc3e-de3f-4564-a8ff-b04e6f0dd19b_0.png","https://www.midjourney.com/jobs/b797bc3e-de3f-4564-a8ff-b04e6f0dd19b?index=0","tram, interior, stained glass, colorful glass, monochrome upholstery, modern"
"ewaa_g_tram_metro_interior_modern_comfortable_white_led_irreg_901ac5af-3c18-4dfb-a34b-fd9811254658_3.png","https://www.midjourney.com/jobs/901ac5af-3c18-4dfb-a34b-fd9811254658?index=3","tram metro interior modern comfortable white led irregular seats organic shapes"
"ewaa_g_interior_tram_high_design_abstract_forms_geometrical_c_9dadc73e-2a9a-44a7-a774-e7b8ae837122_0.png","https://www.midjourney.com/jobs/9dadc73e-2a9a-44a7-a774-e7b8ae837122?index=0","interior, tram, high, design, abstract, forms, geometrical, chrome, elegant, silver, vibe, aesthetic"
"ewaa_g_tram_interior_stained_glass_colorful_glass_monochrome__97649578-8944-4d40-b58c-17d8722b64ce_0.png","https://www.midjourney.com/jobs/97649578-8944-4d40-b58c-17d8722b64ce?index=0","tram, interior, stained glass, colorful glass, monochrome upholstery, modern"
"ewaa_g_tram_metro_interior_modern_comfortable_white_led_irreg_8c01a1a8-6f1a-4402-be24-eb3116b18f7d_0.png","https://www.midjourney.com/jobs/8c01a1a8-6f1a-4402-be24-eb3116b18f7d?index=0","tram metro interior modern comfortable white led irregular seats organic shapes"
"ewaa_g_tram_interior_white_design_coloured_seats_plastic_fd8bdfec-ed06-446d-b1a7-c92352f86f32_0.png","https://www.midjourney.com/jobs/fd8bdfec-ed06-446d-b1a7-c92352f86f32?index=0","tram interior white design coloured seats plastic"
"ewaa_g_tram_f71f2a16-4e45-49c5-a7e0-748584d2348c_3.png","https://www.midjourney.com/jobs/f71f2a16-4e45-49c5-a7e0-748584d2348c?index=3","tram"
"ewaa_g_tram_metro_interior_future_modern_faa592c7-a71c-4eb0-8418-a1afae829aac_3.png","https://www.midjourney.com/jobs/faa592c7-a71c-4eb0-8418-a1afae829aac?index=3","tram, metro, interior, future, modern"
"ewaa_g_tram_ergoomic_interior_spacious_comfortable_with_wood__e8bef7f7-9619-46a3-91b2-3169e65188ef_1.png","https://www.midjourney.com/jobs/e8bef7f7-9619-46a3-91b2-3169e65188ef?index=1","tram, ergoomic, interior, spacious, comfortable, with wood, aesthetic, cozy, environmentlly friendly"
"ewaa_g_train_interior_organic_tree_and_lighting_gaudi_inspire_f37ddea5-4e21-480a-b647-53adeef004ee_2.png","https://www.midjourney.com/jobs/f37ddea5-4e21-480a-b647-53adeef004ee?index=2","train interior organic tree and lighting gaudi inspired"
"ewaa_g_metro_form_of_window_future_tram_daa11dd4-ad24-40da-b61a-bd8f732063de_3.png","https://www.midjourney.com/jobs/daa11dd4-ad24-40da-b61a-bd8f732063de?index=3","metro, form of window, future, tram,"
"ewaa_g_tram_interior_design_organic_shapes_ecology_ad356144-eecb-432c-842b-5ec21e6e5d66_2.png","https://www.midjourney.com/jobs/ad356144-eecb-432c-842b-5ec21e6e5d66?index=2","tram, interior design, organic shapes, ecology"
"ewaa_g_tram_interior_design_organic_shapes_ecology_e6df295d-e6ab-4820-8fb9-e4aae869bb05_1.png","https://www.midjourney.com/jobs/e6df295d-e6ab-4820-8fb9-e4aae869bb05?index=1","tram, interior design, organic shapes, ecology"
"ewaa_g_tram_interior_design_with_light_modern_led_organic_3a2b078f-0868-4986-8646-34e3ccdba42b_2.png","https://www.midjourney.com/jobs/3a2b078f-0868-4986-8646-34e3ccdba42b?index=2","tram interior design with light modern led organic"
"ewaa_g_tram_interior_stained_glass_colorful_glass_monochrome__97649578-8944-4d40-b58c-17d8722b64ce_2.png","https://www.midjourney.com/jobs/97649578-8944-4d40-b58c-17d8722b64ce?index=2","tram, interior, stained glass, colorful glass, monochrome upholstery, modern"
"ewaa_g_tram_interior_design_with_light_modern_led_organic_lon_b7b308c0-b046-4294-8b41-efca56793c90_0.png","https://www.midjourney.com/jobs/b7b308c0-b046-4294-8b41-efca56793c90?index=0","tram interior design with light modern led organic long irregular seats, tape seats, tape, long shapes, tram, transport, imagine, future, modern, futuristic, smart"
"ewaa_g_metro_train_interior_organic_branches_form_1fe69908-5f82-4574-81e2-4747a82e2ad1_1.png","https://www.midjourney.com/jobs/1fe69908-5f82-4574-81e2-4747a82e2ad1?index=1","metro train interior organic branches form"
"ewaa_g_tram_metro_interior_future_modern_faa592c7-a71c-4eb0-8418-a1afae829aac_0.png","https://www.midjourney.com/jobs/faa592c7-a71c-4eb0-8418-a1afae829aac?index=0","tram, metro, interior, future, modern"
"ewaa_g_e_tram_modern_glass_interior_led_light_992c939d-2e0d-4525-a937-b080faecfd8d_3.png","https://www.midjourney.com/jobs/992c939d-2e0d-4525-a937-b080faecfd8d?index=3","e tram, modern, glass, interior, led light"
"ewaa_g_tram_interior_modern_cosmic_abstract_spaceship_09384468-3a3f-42d5-9826-8bcce22851b3_0.png","https://www.midjourney.com/jobs/09384468-3a3f-42d5-9826-8bcce22851b3?index=0","tram interior modern cosmic abstract spaceship"
"ewaa_g_interior_tram_stained_glass_colorful_glass_white_uphol_a8255ce8-6f27-4774-88fa-e56e026779a5_0.png","https://www.midjourney.com/jobs/a8255ce8-6f27-4774-88fa-e56e026779a5?index=0","interior, tram, stained glass, colorful glass, white upholstery, chrome handles, calm, aesthetics, geometrical, minimalistic"
"ewaa_g_middle_of_the_tram_oval_shapes_metal_future_0e51f611-f854-445d-90ff-116499fbd651_2.png","https://www.midjourney.com/jobs/0e51f611-f854-445d-90ff-116499fbd651?index=2","middle of the tram, oval shapes, metal, future"
"ewaa_g_interior_tram_stained_glass_colorful_glass_white_uphol_ae1003ea-57a9-4479-973f-6a7778898580_3.png","https://www.midjourney.com/jobs/ae1003ea-57a9-4479-973f-6a7778898580?index=3","interior, tram, stained glass, colorful glass, white upholstery, chrome handles, calm, aesthetics, geometrical, minimalistic"
"ewaa_g_tram_modern_colorful_windows_high_design_23bc6c44-a4f0-4b73-aff7-0e80710c0c6e_3.png","https://www.midjourney.com/jobs/23bc6c44-a4f0-4b73-aff7-0e80710c0c6e?index=3","tram modern colorful windows high design"
"ewaa_g_tram_interior_ergonomic_modern_future_eco_unusual_shap_8baf9750-4421-42a4-af44-4bdd5af70d2e_3.png","https://www.midjourney.com/jobs/8baf9750-4421-42a4-af44-4bdd5af70d2e?index=3","tram, interior, ergonomic, modern, future, eco, unusual shapes, biophilic, photorealistic, streamlined, luxurious, sustainable"
"ewaa_g_tram_interior_design_organic_shapes_ecology_f3c46d9b-f393-4ee0-bce5-7be3ebdd4140_2.png","https://www.midjourney.com/jobs/f3c46d9b-f393-4ee0-bce5-7be3ebdd4140?index=2","tram, interior design, organic shapes, ecology"
"ewaa_g_tram_modern_tram_lighting_white_colour_clean_design_se_38501353-6bd1-44da-ab7a-795b83d8ba34_0.png","https://www.midjourney.com/jobs/38501353-6bd1-44da-ab7a-795b83d8ba34?index=0","tram, modern tram, lighting, white colour, clean design, seats, avaibility, place for bikes, place for dog, people in tram"
"ewaa_g_tram_interior_modern_cosmic_abstract_spaceship_0ebd998c-308d-4cae-964a-363d58cb09cb_0.png","https://www.midjourney.com/jobs/0ebd998c-308d-4cae-964a-363d58cb09cb?index=0","tram interior modern cosmic abstract spaceship"
"ewaa_g_tram_modern_minimalistic_window_space_metal_natral_lig_31d97a3a-3743-4ca8-9333-77cbd5591b73_0.png","https://www.midjourney.com/jobs/31d97a3a-3743-4ca8-9333-77cbd5591b73?index=0","tram modern minimalistic window space metal natral light comfortable seats"
"ewaa_g_interior_tram_abstract_modern_classy_geometrical_liqui_2cd3eead-df88-4f6e-a97e-305834c126df_2.png","https://www.midjourney.com/jobs/2cd3eead-df88-4f6e-a97e-305834c126df?index=2","interior, tram, abstract, modern, classy, geometrical, liquid, blue, elegant, aesthetic, vibe, fluffy"
"ewaa_g_tram_modern_tram_nice_view_interesting_lighting_white__09251535-de15-4ae8-afb1-e7edb6eb2f19_0.png","https://www.midjourney.com/jobs/09251535-de15-4ae8-afb1-e7edb6eb2f19?index=0","tram, modern tram, nice view, interesting lighting, white colour, clean design, place for seats, avaibility, luggage, dog"
"ewaa_g_tram_retro_interior_with_colorful_window_metal_blue_an_5295e323-1271-4c3b-ae26-f7f805b4edc5_2.png","https://www.midjourney.com/jobs/5295e323-1271-4c3b-ae26-f7f805b4edc5?index=2","tram retro interior with colorful window metal blue and red irregular seats irregular window"
"ewaa_g_tram_pink_glass_window_futuristic_design_cosmic_28ab1e0f-605a-41d1-831a-abba7a7a61e2_0.png","https://www.midjourney.com/jobs/28ab1e0f-605a-41d1-831a-abba7a7a61e2?index=0","tram pink glass window futuristic design cosmic"
"ewaa_g_tram_spacious_modern_technology_innovative_aesthetic_f_69c2c9e9-b60e-4fa8-a6a7-6458926315b2_0.png","https://www.midjourney.com/jobs/69c2c9e9-b60e-4fa8-a6a7-6458926315b2?index=0","tram, spacious, modern technology, innovative, aesthetic, futuristic, interior, exterior, smart, elegant"
"ewaa_g_futuristic_elegent_tram_with_beige_interior_and_large__0dc52c68-f2a1-4fbb-a7f1-a43dc4632e75_1.png","https://www.midjourney.com/jobs/0dc52c68-f2a1-4fbb-a7f1-a43dc4632e75?index=1","futuristic elegent tram with beige interior and large window"
"ewaa_g_tram_interior_glass_window_color_jacquemus_rectangle_c_8c723128-45cc-49df-b06c-656aab2321c3_0.png","https://www.midjourney.com/jobs/8c723128-45cc-49df-b06c-656aab2321c3?index=0","tram, interior, glass, window color, jacquemus, rectangle, circle, fashion"
"ewaa_g_tram_ergoomic_interior_spacious_comfortable_with_wood__d87cc001-ce55-428e-80a1-3a8c6f939acf_0.png","https://www.midjourney.com/jobs/d87cc001-ce55-428e-80a1-3a8c6f939acf?index=0","tram, ergoomic, interior, spacious, comfortable, with wood, aesthetic, cozy, environmentlly friendly"
"ewaa_g_futuristic_seats_long_tape_lights_led_waves_bus_tram_c_e0dcdbf8-8f89-4471-964e-0a222eb5df8a_0.png","https://www.midjourney.com/jobs/e0dcdbf8-8f89-4471-964e-0a222eb5df8a?index=0","futuristic seats, long tape lights, led, waves, bus, tram, car"
"ewaa_g_tram_high_design_abstract_forms_geometrical_chrome_ele_8383823c-f474-49b5-b120-564a5bea391f_1.png","https://www.midjourney.com/jobs/8383823c-f474-49b5-b120-564a5bea391f?index=1","tram, high, design, abstract, forms, geometrical, chrome, elegant, vibe"
"ewaa_g_tram_interior_ergonomic_modern_future_eco_unusual_shap_e9a0c2ea-520f-429f-9c4f-4bf944e5cf85_2.png","https://www.midjourney.com/jobs/e9a0c2ea-520f-429f-9c4f-4bf944e5cf85?index=2","tram, interior, ergonomic, modern, future, eco, unusual shapes, biophilic, photorealistic, streamlined, luxurious, sustainable"
"ewaa_g_tram_interior_minimalist_modern_light_white_led_clean__b93b62a6-c8fa-47aa-ba72-a1516272e915_1.png","https://www.midjourney.com/jobs/b93b62a6-c8fa-47aa-ba72-a1516272e915?index=1","tram interior minimalist modern light white led clean aesthetic"
"ewaa_g_tram_interior_glass_window_color_jacquemus_rectangle_c_8c723128-45cc-49df-b06c-656aab2321c3_2.png","https://www.midjourney.com/jobs/8c723128-45cc-49df-b06c-656aab2321c3?index=2","tram, interior, glass, window color, jacquemus, rectangle, circle, fashion"
"ewaa_g_tram_fast_future_streamlined_light_organic_structure_s_bf369719-203b-475d-a185-724ef7b69658_3.png","https://www.midjourney.com/jobs/bf369719-203b-475d-a185-724ef7b69658?index=3","tram, fast, future, streamlined, light, organic structure, seats"
"ewaa_g_tram_modern_retro_led_future_b14ff711-25c1-44be-9b1f-94c26195742f_2.png","https://www.midjourney.com/jobs/b14ff711-25c1-44be-9b1f-94c26195742f?index=2","tram, modern, retro, led, future"
"ewaa_g_tram_modern_tram_lighting_white_colour_clean_design_se_1015c5d2-04a8-4be1-90ff-df83058d3143_0.png","https://www.midjourney.com/jobs/1015c5d2-04a8-4be1-90ff-df83058d3143?index=0","tram, modern tram, lighting, white colour, clean design, seats, avaibility, place for bikes, place for dog, people in tram"
"ewaa_g_tram_light_modern_interior_led_organic_aeaf6b25-80aa-4359-b4df-840c2de45a24_2.png","https://www.midjourney.com/jobs/aeaf6b25-80aa-4359-b4df-840c2de45a24?index=2","tram light modern interior led organic"
"ewaa_g_tram_metro_interior_modern_comfortable_white_led_irreg_d28cb13a-b232-49e1-b25e-0eaea9344522_2.png","https://www.midjourney.com/jobs/d28cb13a-b232-49e1-b25e-0eaea9344522?index=2","tram metro interior modern comfortable white led irregular seats organic shapes in the middle"
"ewaa_g_tram_interior_design_with_light_modern_led_organic_0bafc5d3-f462-42f9-988a-589322606b60_1.png","https://www.midjourney.com/jobs/0bafc5d3-f462-42f9-988a-589322606b60?index=1","tram interior design with light modern led organic"
"ewaa_g_middle_of_the_tram_oval_shapes_metal_future_9b3d0ad3-ae5a-4705-b86f-eaf56fc22aca_3.png","https://www.midjourney.com/jobs/9b3d0ad3-ae5a-4705-b86f-eaf56fc22aca?index=3","middle of the tram, oval shapes, metal, future"
"ewaa_g_tram_interior_stained_glass_colorful_glass_monochrome__4bb0cf81-6d41-4538-bbed-3608d626a8cd_1.png","https://www.midjourney.com/jobs/4bb0cf81-6d41-4538-bbed-3608d626a8cd?index=1","tram, interior, stained glass, colorful glass, monochrome upholstery, modern"
"ewaa_g_futuristic_elegant_beige_tram_with_neons_and_large_win_35539544-7861-4209-8f26-a0297e9f62f6_0.png","https://www.midjourney.com/jobs/35539544-7861-4209-8f26-a0297e9f62f6?index=0","futuristic elegant beige tram with neons and large window"
"ewaa_g_train_interior_organic_tree_branches_and_roots_form_e248f9ba-f4b4-4422-acb0-e00ed9cb1ae4_1.png","https://www.midjourney.com/jobs/e248f9ba-f4b4-4422-acb0-e00ed9cb1ae4?index=1","train interior organic tree branches and roots form"
"ewaa_g_interior_tram_stained_glass_colorful_glass_white_uphol_363e75ed-a8e3-4a1c-8538-4dc5707f0394_3.png","https://www.midjourney.com/jobs/363e75ed-a8e3-4a1c-8538-4dc5707f0394?index=3","interior, tram, stained glass, colorful glass, white upholstery, chrome handles, calm, aesthetics, geometrical, minimalistic"
"ewaa_g_tram_exterior_smart_elegant_colorful_ergonomic_place_f_baa008a3-0af9-4791-afb2-16d81b47a17f_3.png","https://www.midjourney.com/jobs/baa008a3-0af9-4791-afb2-16d81b47a17f?index=3","tram, exterior, smart, elegant, colorful, ergonomic, place for bike"
"ewaa_g_interior_tram_high_design_abstract_forms_geometrical_c_e73a71db-1c43-45f1-94c6-be500b7d242c_3.png","https://www.midjourney.com/jobs/e73a71db-1c43-45f1-94c6-be500b7d242c?index=3","interior, tram, high, design, abstract, forms, geometrical, chrome, elegant, silver, vibe, aesthetic"
"ewaa_g_e_tram_modern_glass_interior_led_light_851e6020-9237-4565-bca1-c6687ff984a1_0.png","https://www.midjourney.com/jobs/851e6020-9237-4565-bca1-c6687ff984a1?index=0","e tram, modern, glass, interior, led light"
"ewaa_g_futuristic_elegent_tram_with_beige_interior_and_large__11aad316-41de-40a9-96ab-1b0694a30068_0.png","https://www.midjourney.com/jobs/11aad316-41de-40a9-96ab-1b0694a30068?index=0","futuristic elegent tram with beige interior and large window"
"ewaa_g_tram_interior_design_with_light_modern_led_organic_lon_f351f045-b76f-4a6f-99fd-9626c8a95cef_1.png","https://www.midjourney.com/jobs/f351f045-b76f-4a6f-99fd-9626c8a95cef?index=1","tram interior design with light modern led organic long irregular seats, tape seats, tape, long shapes, tram, transport, imagine, future, modern, futuristic, smart"
"ewaa_g_tram_interior_design_with_light_modern_led_organic_lon_c85ca860-e9c0-4c3d-a959-3db28ef13b33_0.png","https://www.midjourney.com/jobs/c85ca860-e9c0-4c3d-a959-3db28ef13b33?index=0","tram interior design with light modern led organic long irregular seats, tape seats, tape, long shapes, tram, transport, imagine, future, modern, futuristic, smart"
"ewaa_g_tram_interior_design_with_light_modern_led_organic_lon_ed856de9-bc5c-4fb2-9050-bf49197a7551_0.png","https://www.midjourney.com/jobs/ed856de9-bc5c-4fb2-9050-bf49197a7551?index=0","tram interior design with light modern led organic long irregular seats, tape seats, tape, long shapes, tram, transport, imagine, future, modern, futuristic, smart"
"ewaa_g_tram_interior_design_with_light_modern_led_organic_lon_ac1f2352-14d4-4ea6-954d-5980a523becb_3.png","https://www.midjourney.com/jobs/ac1f2352-14d4-4ea6-954d-5980a523becb?index=3","tram interior design with light modern led organic long irregular seats, tape seats, tape, long shapes, tram, transport, imagine, future, modern, futuristic, smart"
"ewaa_g_futuristic_elegent_tram_with_beige_interior_and_large__d745efef-0d20-4c03-ac67-fd601d34e1fa_1.png","https://www.midjourney.com/jobs/d745efef-0d20-4c03-ac67-fd601d34e1fa?index=1","futuristic elegent tram with beige interior and large window"
"ewaa_g_train_interior_organic_tree_and_lighting_gaudi_inspire_f37ddea5-4e21-480a-b647-53adeef004ee_3.png","https://www.midjourney.com/jobs/f37ddea5-4e21-480a-b647-53adeef004ee?index=3","train interior organic tree and lighting gaudi inspired"
"ewaa_g_tram_interior_coloured_glass_windows_minimalist_seats__54a48ee5-5621-4d3c-a63d-80c30cafc213_0.png","https://www.midjourney.com/jobs/54a48ee5-5621-4d3c-a63d-80c30cafc213?index=0","tram interior coloured glass windows minimalist seats white colour aesthetic"
"ewaa_g_tram_modern_retro_led_future_356b8567-4eb5-407d-aa3b-a0faba38b662_1.png","https://www.midjourney.com/jobs/356b8567-4eb5-407d-aa3b-a0faba38b662?index=1","tram, modern, retro, led, future"
"ewaa_g_tram_interior_coloured_glass_monochrome_upholstery_min_1518a9b1-c995-4664-894c-7396e8eeea2e_2.png","https://www.midjourney.com/jobs/1518a9b1-c995-4664-894c-7396e8eeea2e?index=2","tram, interior, coloured glass, monochrome upholstery, minimalistic, modern, calm, aesthetic"
"ewaa_g_tram_interior_stained_glass_colorful_glass_monochrome__aaca3bbd-bb0f-4113-9622-65d9056efbbe_0.png","https://www.midjourney.com/jobs/aaca3bbd-bb0f-4113-9622-65d9056efbbe?index=0","tram, interior, stained glass, colorful glass, monochrome upholstery, modern"
"ewaa_g_tram_interior_stained_glass_colorful_glass_monochrome__5beeed60-5513-49eb-9c0f-b501000b5114_0.png","https://www.midjourney.com/jobs/5beeed60-5513-49eb-9c0f-b501000b5114?index=0","tram, interior, stained glass, colorful glass, monochrome upholstery, modern"
"ewaa_g_tram_modern_minimalistic_window_space_metal_natral_lig_31d97a3a-3743-4ca8-9333-77cbd5591b73_3.png","https://www.midjourney.com/jobs/31d97a3a-3743-4ca8-9333-77cbd5591b73?index=3","tram modern minimalistic window space metal natral light comfortable seats"
"ewaa_g_middle_of_the_tram_oval_shapes_metal_future_neon_9eb80a08-39c1-47a8-bc47-50d1bdd03cab_0.png","https://www.midjourney.com/jobs/9eb80a08-39c1-47a8-bc47-50d1bdd03cab?index=0","middle of the tram, oval shapes, metal, future, neon"
"ewaa_g_tram_light_modern_interior_led_organic_7a7a998c-157d-47ca-a033-a86df0aedbb6_2.png","https://www.midjourney.com/jobs/7a7a998c-157d-47ca-a033-a86df0aedbb6?index=2","tram light modern interior led organic"
"ewaa_g_futuristic_elegant_beige_tram_with_neons_and_large_win_35124cb0-df8e-41ee-b32f-c7c0a83f9269_0.png","https://www.midjourney.com/jobs/35124cb0-df8e-41ee-b32f-c7c0a83f9269?index=0","futuristic elegant beige tram with neons and large window"
"ewaa_g_futuristic_elegent_tram_with_beige_interior_and_large__f34e1533-864f-4d3e-9cee-164d14040d21_1.png","https://www.midjourney.com/jobs/f34e1533-864f-4d3e-9cee-164d14040d21?index=1","futuristic elegent tram with beige interior and large window"
"ewaa_g_interior_tram_high_design_abstract_forms_geometrical_c_a2d06d88-32b2-4edd-9ec4-b57a43db503a_2.png","https://www.midjourney.com/jobs/a2d06d88-32b2-4edd-9ec4-b57a43db503a?index=2","interior, tram, high, design, abstract, forms, geometrical, chrome, elegant, silver, vibe, aesthetic"
"ewaa_g_tram_interior_glass_window_color_jacquemus_rectangle_c_11de17aa-a949-40c4-8739-9c138f6b778a_0.png","https://www.midjourney.com/jobs/11de17aa-a949-40c4-8739-9c138f6b778a?index=0","tram, interior, glass, window color, jacquemus, rectangle, circle, fashion"
"ewaa_g_tram_interior_80s_style_modern_minimlaist_chrome_plast_fee0311d-771a-4f7d-80fd-5f26ce650a27_0.png","https://www.midjourney.com/jobs/fee0311d-771a-4f7d-80fd-5f26ce650a27?index=0","tram interior 80s style modern minimlaist chrome plastic metal white"
"ewaa_g_tram_modern_tram_lighting_white_colour_clean_design_se_79b54045-8195-49cf-9ded-66e4bebb5f53_3.png","https://www.midjourney.com/jobs/79b54045-8195-49cf-9ded-66e4bebb5f53?index=3","tram, modern tram, lighting, white colour, clean design, seats, avaibility, place for bikes, place for dog, people in tram"
"ewaa_g_uturistic_seats_long_tape_lights_led_waves_bus_tram_ca_d975ba5b-cb53-42bc-a602-6833c835bea8_1.png","https://www.midjourney.com/jobs/d975ba5b-cb53-42bc-a602-6833c835bea8?index=1","uturistic seats, long tape lights, led, waves, bus, tram, car"
"ewaa_g_tram_interior_design_with_light_modern_led_organic_lon_b926afc1-1eab-44cc-bf71-eb99c0a84211_0.png","https://www.midjourney.com/jobs/b926afc1-1eab-44cc-bf71-eb99c0a84211?index=0","tram interior design with light modern led organic long irregular seats, tape seats, tape, long shapes, tram, transport, imagine, future, modern, futuristic, smart"
"ewaa_g_long_irregular_seats_tape_seats_tape_long_shapes_tram__4bb31f9b-b9c2-4f95-a2a2-4cc4a3e2df23_2.png","https://www.midjourney.com/jobs/4bb31f9b-b9c2-4f95-a2a2-4cc4a3e2df23?index=2","long irregular seats, tape seats, tape, long shapes, tram, transport, imagine, future, modern, futuristic, smart"
"ewaa_g_middle_of_the_tram_oval_shapes_metal_future_neon_f60c36a6-c22b-4c5e-94f6-637592a302ec_0.png","https://www.midjourney.com/jobs/f60c36a6-c22b-4c5e-94f6-637592a302ec?index=0","middle of the tram, oval shapes, metal, future, neon"
"ewaa_g_futuristic_elegant_beige_tram_with_neons_and_large_win_6c9cb5ec-4ce7-4e73-9e6d-442b76fff815_0.png","https://www.midjourney.com/jobs/6c9cb5ec-4ce7-4e73-9e6d-442b76fff815?index=0","futuristic elegant beige tram with neons and large window"
"ewaa_g_tram_interior_ergonomic_modern_future_eco_unusual_shap_7f7bf2bd-381f-4ce8-a104-87e690959e95_2.png","https://www.midjourney.com/jobs/7f7bf2bd-381f-4ce8-a104-87e690959e95?index=2","tram, interior, ergonomic, modern, future, eco, unusual shapes, biophilic, photorealistic, streamlined, luxurious, sustainable"
"ewaa_g_tram_interior_design_with_light_modern_led_organic_lon_e4861519-ce6d-409f-924e-0342b1398ee2_0.png","https://www.midjourney.com/jobs/e4861519-ce6d-409f-924e-0342b1398ee2?index=0","tram interior design with light modern led organic long irregular seats, tape seats, tape, long shapes, tram, transport, imagine, future, modern, futuristic, smart"
"ewaa_g_futuristic_elegant_beige_tram_with_neons_and_large_win_6c9cb5ec-4ce7-4e73-9e6d-442b76fff815_3.png","https://www.midjourney.com/jobs/6c9cb5ec-4ce7-4e73-9e6d-442b76fff815?index=3","futuristic elegant beige tram with neons and large window"
"ewaa_g_tram_modern_tram_traditional_town_nice_view_interestin_3aa8d361-1adf-4c20-9aac-794c4ce89789_0.png","https://www.midjourney.com/jobs/3aa8d361-1adf-4c20-9aac-794c4ce89789?index=0","tram, modern tram, traditional town, nice view, interesting lighting, green colour, white colour, clean design, avaibility, seats, space for bicycles, space for luggage"
"ewaa_g_futuristic_elegent_tram_with_beige_interior_and_large__9b7c03eb-0cbc-4c4b-9f90-b5767ee99c43_1.png","https://www.midjourney.com/jobs/9b7c03eb-0cbc-4c4b-9f90-b5767ee99c43?index=1","futuristic elegent tram with beige interior and large window"
"ewaa_g_tram_interesting_shapes_night_city_with_lights_modern__f1036ff3-8437-41a0-8956-fc51a532e231_3.png","https://www.midjourney.com/jobs/f1036ff3-8437-41a0-8956-fc51a532e231?index=3","tram, interesting shapes, night city with lights, modern tram, led violett, red, blue, space atmosphere, clean design, panoramic window, manoramic ceiling"
"ewaa_g_tram_elegant_neon_beige_7c0579cd-80cd-44e4-b407-c239d7d81fd9_2.png","https://www.midjourney.com/jobs/7c0579cd-80cd-44e4-b407-c239d7d81fd9?index=2","tram, elegant, neon, beige"
"ewaa_g_tram_space_oval_shapes_blue_pink_purple_future_metal_c_8b85d02f-181e-4cb8-a296-f99a079eb6d3_2.png","https://www.midjourney.com/jobs/8b85d02f-181e-4cb8-a296-f99a079eb6d3?index=2","tram, space, oval shapes, blue, pink, purple, future, metal, cosmos"
"ewaa_g_metro_form_of_window_future_tram_da81950a-5f13-4571-b03f-61e15a3232a9_2.png","https://www.midjourney.com/jobs/da81950a-5f13-4571-b03f-61e15a3232a9?index=2","metro, form of window, future, tram,"
"ewaa_g_metro_interor_tram_future_modern_intelegent_futuristic_f9a7fc97-3e9f-452d-a116-3537cde487d0_0.png","https://www.midjourney.com/jobs/f9a7fc97-3e9f-452d-a116-3537cde487d0?index=0","metro, interor, tram, future, modern, intelegent, futuristic, light"
"ewaa_g_tram_organic_shapes_nature_modern_545a07cf-3ec5-4335-97a0-3a3d2f877048_0.png","https://www.midjourney.com/jobs/545a07cf-3ec5-4335-97a0-3a3d2f877048?index=0","tram, organic shapes, nature, modern"
"ewaa_g_interior_tram_cozy_modern_minimalist_pop_of_colour_nic_cd05354f-49df-4ac9-ba32-abda30b0aa75_3.png","https://www.midjourney.com/jobs/cd05354f-49df-4ac9-ba32-abda30b0aa75?index=3","interior tram cozy modern minimalist pop of colour nice"
"ewaa_g_tram_metro_interior_future_modern_a9a53c58-e413-48a7-840f-656f5f6b169d_3.png","https://www.midjourney.com/jobs/a9a53c58-e413-48a7-840f-656f5f6b169d?index=3","tram, metro, interior, future, modern"
"ewaa_g_uturistic_elegant_beige_tram_interior_with_neons_and_l_3c6cb9e5-17e1-4a6b-98d3-68608cefa9f7_3.png","https://www.midjourney.com/jobs/3c6cb9e5-17e1-4a6b-98d3-68608cefa9f7?index=3","uturistic elegant beige tram interior with neons and large round window"
"ewaa_g_tram_interior_light_usefull_modern_japan_13a1f8dd-1dce-4990-bb98-973c64632d49_1.png","https://www.midjourney.com/jobs/13a1f8dd-1dce-4990-bb98-973c64632d49?index=1","tram, interior, light, usefull, modern, japan"
"ewaa_g_futuristic_elegent_tram_with_beige_interior_and_large__836c82e5-f370-4bed-9169-be14cbd57fae_3.png","https://www.midjourney.com/jobs/836c82e5-f370-4bed-9169-be14cbd57fae?index=3","futuristic elegent tram with beige interior and large window"
"ewaa_g_tram_interior_design_with_light_modern_led_organic_lon_ed856de9-bc5c-4fb2-9050-bf49197a7551_3.png","https://www.midjourney.com/jobs/ed856de9-bc5c-4fb2-9050-bf49197a7551?index=3","tram interior design with light modern led organic long irregular seats, tape seats, tape, long shapes, tram, transport, imagine, future, modern, futuristic, smart"
"ewaa_g_tram_interior_design_with_light_modern_led_organic_875982d2-f52c-4693-8bed-e4c13040715b_1.png","https://www.midjourney.com/jobs/875982d2-f52c-4693-8bed-e4c13040715b?index=1","tram interior design with light modern led organic"
"ewaa_g_tram_interior_ergonomic_modern_future_eco_unusual_shap_009bff78-f056-4e26-a671-ad7941a389d2_0.png","https://www.midjourney.com/jobs/009bff78-f056-4e26-a671-ad7941a389d2?index=0","tram, interior, ergonomic, modern, future, eco, unusual shapes, biophilic, photorealistic, streamlined, luxurious, sustainable"
"ewaa_g_futuristic_elegant_beige_tram_interior_with_neons_and__f4b3aa32-2f7f-4da6-a1d4-ef44fcc6d70b_0.png","https://www.midjourney.com/jobs/f4b3aa32-2f7f-4da6-a1d4-ef44fcc6d70b?index=0","futuristic elegant beige tram interior with neons and large round window"
"ewaa_g_tram_pink_glass_window_futuristic_design_cosmic_5a042949-c6a8-49ff-9a94-e8099117531a_2.png","https://www.midjourney.com/jobs/5a042949-c6a8-49ff-9a94-e8099117531a?index=2","tram pink glass window futuristic design cosmic"
"ewaa_g_tram_metro_interior_future_modern_faa592c7-a71c-4eb0-8418-a1afae829aac_1.png","https://www.midjourney.com/jobs/faa592c7-a71c-4eb0-8418-a1afae829aac?index=1","tram, metro, interior, future, modern"
"ewaa_g_tram_light_modern_interior_led_organic_aeaf6b25-80aa-4359-b4df-840c2de45a24_0.png","https://www.midjourney.com/jobs/aeaf6b25-80aa-4359-b4df-840c2de45a24?index=0","tram light modern interior led organic"
"ewaa_g_tram_interior_80s_style_modern_minimlaist_chrome_plast_a7e85ce8-2063-4501-9b75-d7317c36bb8c_0.png","https://www.midjourney.com/jobs/a7e85ce8-2063-4501-9b75-d7317c36bb8c?index=0","tram interior 80s style modern minimlaist chrome plastic metal white"
"ewaa_g_interior_tram_stained_glass_colorful_glass_white_uphol_363e75ed-a8e3-4a1c-8538-4dc5707f0394_1.png","https://www.midjourney.com/jobs/363e75ed-a8e3-4a1c-8538-4dc5707f0394?index=1","interior, tram, stained glass, colorful glass, white upholstery, chrome handles, calm, aesthetics, geometrical, minimalistic"
"ewaa_g_tram_modern_tram_traditional_town_nice_view_interestin_b3dd9146-80c5-4efd-9e93-b56f499067d3_2.png","https://www.midjourney.com/jobs/b3dd9146-80c5-4efd-9e93-b56f499067d3?index=2","tram, modern tram, traditional town, nice view, interesting lighting, green colour, white colour, clean design, avaibility, seats, space for bicycles, space for luggage"
"ewaa_g_tram_interior_white_design_coloured_seats_plastic_c0e259fb-223b-4386-b6eb-b79b1b76e2c0_3.png","https://www.midjourney.com/jobs/c0e259fb-223b-4386-b6eb-b79b1b76e2c0?index=3","tram interior white design coloured seats plastic"
"ewaa_g_metro_train_interior_organic_branches_form_84c4cc13-3526-4dc3-a9bd-6026d30a4b44_3.png","https://www.midjourney.com/jobs/84c4cc13-3526-4dc3-a9bd-6026d30a4b44?index=3","metro train interior organic branches form"
"ewaa_g_tram_interior_glass_window_color_jacquemus_rectangle_c_8c723128-45cc-49df-b06c-656aab2321c3_1.png","https://www.midjourney.com/jobs/8c723128-45cc-49df-b06c-656aab2321c3?index=1","tram, interior, glass, window color, jacquemus, rectangle, circle, fashion"
"ewaa_g_tram_interior_modern_organic_lighting_2cf65f32-b827-4637-b8d2-d1db4c361b4f_0.png","https://www.midjourney.com/jobs/2cf65f32-b827-4637-b8d2-d1db4c361b4f?index=0","tram interior modern organic lighting"
"ewaa_g_tram_spacious_modern_technology_innovative_aesthetic_f_91fff025-a2a4-4f73-9e9c-ecc11084ea10_0.png","https://www.midjourney.com/jobs/91fff025-a2a4-4f73-9e9c-ecc11084ea10?index=0","tram, spacious, modern technology, innovative, aesthetic, futuristic, interior, exterior, smart, elegant"
"ewaa_g_tram_interior_design_with_light_modern_led_organic_lon_2ab83725-b263-4e6b-829c-09dcf73b4259_1.png","https://www.midjourney.com/jobs/2ab83725-b263-4e6b-829c-09dcf73b4259?index=1","tram interior design with light modern led organic long irregular seats, tape seats, tape, long shapes, tram, transport, imagine, future, modern, futuristic, smart"
"ewaa_g_futuristic_seats_long_tape_lights_led_waves_bus_tram_c_e0dcdbf8-8f89-4471-964e-0a222eb5df8a_3.png","https://www.midjourney.com/jobs/e0dcdbf8-8f89-4471-964e-0a222eb5df8a?index=3","futuristic seats, long tape lights, led, waves, bus, tram, car"
"ewaa_g_futuristic_elegant_beige_tram_with_neons_and_large_rou_4916e426-4386-4fb6-8037-8d9295771b49_0.png","https://www.midjourney.com/jobs/4916e426-4386-4fb6-8037-8d9295771b49?index=0","futuristic elegant beige tram with neons and large round window"
"ewaa_g_long_irregular_seats_tape_seats_tape_long_shapes_tram__4bb31f9b-b9c2-4f95-a2a2-4cc4a3e2df23_0.png","https://www.midjourney.com/jobs/4bb31f9b-b9c2-4f95-a2a2-4cc4a3e2df23?index=0","long irregular seats, tape seats, tape, long shapes, tram, transport, imagine, future, modern, futuristic, smart"
"ewaa_g_metro_interor_tram_future_modern_intelegent_futuristic_abb1a861-fe30-4083-b04b-066823e3df12_1.png","https://www.midjourney.com/jobs/abb1a861-fe30-4083-b04b-066823e3df12?index=1","metro, interor, tram, future, modern, intelegent, futuristic, light"
"ewaa_g_tram_f71f2a16-4e45-49c5-a7e0-748584d2348c_0.png","https://www.midjourney.com/jobs/f71f2a16-4e45-49c5-a7e0-748584d2348c?index=0","tram"
"ewaa_g_train_interior_organic_tree_and_lighting_gaudi_inspire_bc2d7b8d-3747-4c23-903a-0b5e324b85c0_2.png","https://www.midjourney.com/jobs/bc2d7b8d-3747-4c23-903a-0b5e324b85c0?index=2","train interior organic tree and lighting gaudi inspired"
"ewaa_g_tram_interior_design_organic_shapes_ecology_ddbc2e10-f6a9-4850-af85-2ac59354f5a7_0.png","https://www.midjourney.com/jobs/ddbc2e10-f6a9-4850-af85-2ac59354f5a7?index=0","tram, interior design, organic shapes, ecology"
"ewaa_g_white_tram_interior_modern_clean_easy_big_windows_cush_c3e1cc21-d8b3-4cb2-bd30-25afc18e379c_0.png","https://www.midjourney.com/jobs/c3e1cc21-d8b3-4cb2-bd30-25afc18e379c?index=0","white tram interior modern clean easy big windows cushioned seats"
"ewaa_g_interior_tram_high_design_abstract_forms_geometrical_c_e73a71db-1c43-45f1-94c6-be500b7d242c_2.png","https://www.midjourney.com/jobs/e73a71db-1c43-45f1-94c6-be500b7d242c?index=2","interior, tram, high, design, abstract, forms, geometrical, chrome, elegant, silver, vibe, aesthetic"
"ewaa_g_futuristic_elegent_tram_with_beige_interior_and_large__f34e1533-864f-4d3e-9cee-164d14040d21_2.png","https://www.midjourney.com/jobs/f34e1533-864f-4d3e-9cee-164d14040d21?index=2","futuristic elegent tram with beige interior and large window"
"ewaa_g_futuristic_seats_module_cosmos_space_drain_round_tram__cc0bc808-880d-42cf-943d-9273f780ef7b_1.png","https://www.midjourney.com/jobs/cc0bc808-880d-42cf-943d-9273f780ef7b?index=1","futuristic, seats, module, cosmos, space, drain, round, tram, transport"
"ewaa_g_tram_interior_stained_glass_colorful_glass_monochrome__4bb0cf81-6d41-4538-bbed-3608d626a8cd_0.png","https://www.midjourney.com/jobs/4bb0cf81-6d41-4538-bbed-3608d626a8cd?index=0","tram, interior, stained glass, colorful glass, monochrome upholstery, modern"
"ewaa_g_futuristic_elegent_tram_with_beige_interior_and_large__0dc52c68-f2a1-4fbb-a7f1-a43dc4632e75_3.png","https://www.midjourney.com/jobs/0dc52c68-f2a1-4fbb-a7f1-a43dc4632e75?index=3","futuristic elegent tram with beige interior and large window"
"ewaa_g_metro_interor_tram_future_modern_intelegent_futuristic_1abd8182-f247-4996-a2e9-12bce06fadd7_1.png","https://www.midjourney.com/jobs/1abd8182-f247-4996-a2e9-12bce06fadd7?index=1","metro, interor, tram, future, modern, intelegent, futuristic, light"
"ewaa_g_interior_tram_stained_glass_colorful_glass_white_uphol_d5c730f7-444b-4e57-afe4-46f986cea295_0.png","https://www.midjourney.com/jobs/d5c730f7-444b-4e57-afe4-46f986cea295?index=0","interior, tram, stained glass, colorful glass, white upholstery, chrome handles, calm, aesthetics, geometrical, minimalistic"
"ewaa_g_middle_of_the_tram_oval_shapes_metal_future_neon_d8a040a2-7841-4864-a591-546d8777a666_2.png","https://www.midjourney.com/jobs/d8a040a2-7841-4864-a591-546d8777a666?index=2","middle of the tram, oval shapes, metal, future, neon"
"ewaa_g_tram_interior_stained_glass_colorful_glass_monochrome__0842d132-5d1b-4c3b-b886-61630298c66f_3.png","https://www.midjourney.com/jobs/0842d132-5d1b-4c3b-b886-61630298c66f?index=3","tram, interior, stained glass, colorful glass, monochrome upholstery, modern"
"ewaa_g_futuristic_seats_module_cosmos_space_drain_round_tram__28f8e50b-07d1-4db0-83df-bb1a4f6d9620_0.png","https://www.midjourney.com/jobs/28f8e50b-07d1-4db0-83df-bb1a4f6d9620?index=0","futuristic, seats, module, cosmos, space, drain, round, tram, transport"
"ewaa_g_tram_interior_design_organic_shapes_ecology_e6df295d-e6ab-4820-8fb9-e4aae869bb05_3.png","https://www.midjourney.com/jobs/e6df295d-e6ab-4820-8fb9-e4aae869bb05?index=3","tram, interior design, organic shapes, ecology"
"ewaa_g_tram_interior_cozy_white_pop_of_colour_lights_48784830-575f-4039-a07c-2d5cc039e058_2.png","https://www.midjourney.com/jobs/48784830-575f-4039-a07c-2d5cc039e058?index=2","tram interior cozy white pop of colour lights"
"ewaa_g_tram_design_futuristic_abstract_interior_84ba9b86-77fd-4d69-8471-545d158cba51_1.png","https://www.midjourney.com/jobs/84ba9b86-77fd-4d69-8471-545d158cba51?index=1","tram design futuristic abstract interior"
"ewaa_g_tram_interior_modern_cosmic_abstract_spaceship_0ebd998c-308d-4cae-964a-363d58cb09cb_3.png","https://www.midjourney.com/jobs/0ebd998c-308d-4cae-964a-363d58cb09cb?index=3","tram interior modern cosmic abstract spaceship"
"ewaa_g_classic_metro_design_train_old_2174b04d-62be-485d-8791-f6f66d9916ee_0.png","https://www.midjourney.com/jobs/2174b04d-62be-485d-8791-f6f66d9916ee?index=0","classic metro design train old"
"ewaa_g_tram_interior_80s_style_modern_minimlaist_chrome_plast_fee0311d-771a-4f7d-80fd-5f26ce650a27_2.png","https://www.midjourney.com/jobs/fee0311d-771a-4f7d-80fd-5f26ce650a27?index=2","tram interior 80s style modern minimlaist chrome plastic metal white"
"ewaa_g_tram_modern_tram_lighting_white_colour_clean_design_se_79b54045-8195-49cf-9ded-66e4bebb5f53_0.png","https://www.midjourney.com/jobs/79b54045-8195-49cf-9ded-66e4bebb5f53?index=0","tram, modern tram, lighting, white colour, clean design, seats, avaibility, place for bikes, place for dog, people in tram"
"ewaa_g_futuristic_elegant_beige_tram_interior_with_neons_and__ca7b5ab8-ddc3-481a-b139-444c0e2f9cd9_0.png","https://www.midjourney.com/jobs/ca7b5ab8-ddc3-481a-b139-444c0e2f9cd9?index=0","futuristic elegant beige tram interior with neons and large round window"
"ewaa_g_tram_interesting_shapes_night_city_with_lights_modern__2b88707a-4f8c-4a59-b2dd-c90237f2f0ed_3.png","https://www.midjourney.com/jobs/2b88707a-4f8c-4a59-b2dd-c90237f2f0ed?index=3","tram, interesting shapes, night city with lights, modern tram, led violett, red, blue, space atmosphere, clean design, panoramic window, manoramic ceiling"
"ewaa_g_tram_fast_future_streamlined_light_organic_structure_s_c9502f7e-b655-4e8b-8209-2048d7ed09de_0.png","https://www.midjourney.com/jobs/c9502f7e-b655-4e8b-8209-2048d7ed09de?index=0","tram, fast, future, streamlined, light, organic structure, seats"
"ewaa_g_window_form_furure_modern_a51b95b0-4c74-485b-ae03-519759c6f55d_2.png","https://www.midjourney.com/jobs/a51b95b0-4c74-485b-ae03-519759c6f55d?index=2","window, form, furure, modern"
"ewaa_g_tram_interesting_shapes_night_city_with_lights_modern__4cd4512d-880e-4b61-ab3f-5879cb90edaf_0.png","https://www.midjourney.com/jobs/4cd4512d-880e-4b61-ab3f-5879cb90edaf?index=0","tram, interesting shapes, night city with lights, modern tram, led violett, red, blue, space atmosphere, clean design, panoramic window, manoramic ceiling"
"ewaa_g_tram_interior_design_with_light_modern_led_organic_lon_e920ac96-e62e-4afc-9ee8-07a3892d14f5_0.png","https://www.midjourney.com/jobs/e920ac96-e62e-4afc-9ee8-07a3892d14f5?index=0","tram interior design with light modern led organic long irregular seats, tape seats, tape, long shapes, tram, transport, imagine, future, modern, futuristic, smart"
"ewaa_g_tram_interior_modern_organic_lighting_2cf65f32-b827-4637-b8d2-d1db4c361b4f_3.png","https://www.midjourney.com/jobs/2cf65f32-b827-4637-b8d2-d1db4c361b4f?index=3","tram interior modern organic lighting"
"ewaa_g_interior_tram_abstract_modern_classy_geometrical_liqui_4faf97cc-d503-4838-a87f-45a5c6206317_0.png","https://www.midjourney.com/jobs/4faf97cc-d503-4838-a87f-45a5c6206317?index=0","interior, tram, abstract, modern, classy, geometrical, liquid, blue, elegant, aesthetic, vibe, fluffy"
"ewaa_g_tram_interior_glass_window_color_jacquemus_rectangle_c_48bece5d-8abc-4c91-add0-60c8496d26ed_2.png","https://www.midjourney.com/jobs/48bece5d-8abc-4c91-add0-60c8496d26ed?index=2","tram, interior, glass, window color, jacquemus, rectangle, circle, fashion"
"ewaa_g_tram_interior_modern_organic_lighting_b0181130-00de-444b-af88-51bcf846cff6_0.png","https://www.midjourney.com/jobs/b0181130-00de-444b-af88-51bcf846cff6?index=0","tram interior modern organic lighting"
"ewaa_g_tram_interior_design_with_light_modern_led_organic_lon_2ab83725-b263-4e6b-829c-09dcf73b4259_0.png","https://www.midjourney.com/jobs/2ab83725-b263-4e6b-829c-09dcf73b4259?index=0","tram interior design with light modern led organic long irregular seats, tape seats, tape, long shapes, tram, transport, imagine, future, modern, futuristic, smart"
"ewaa_g_tram_interior_design_with_light_modern_led_organic_lon_1287e168-17d8-4274-8650-350297f5ac8a_2.png","https://www.midjourney.com/jobs/1287e168-17d8-4274-8650-350297f5ac8a?index=2","tram interior design with light modern led organic long irregular seats, tape seats, tape, long shapes, tram, transport, imagine, future, modern, futuristic, smart"
"ewaa_g_tram_light_modern_interior_led_organic_dac76932-a290-4b6f-984f-f9651689ab08_1.png","https://www.midjourney.com/jobs/dac76932-a290-4b6f-984f-f9651689ab08?index=1","tram light modern interior led organic"
"ewaa_g_futuristic_elegent_tram_with_beige_interior_and_large__836c82e5-f370-4bed-9169-be14cbd57fae_1.png","https://www.midjourney.com/jobs/836c82e5-f370-4bed-9169-be14cbd57fae?index=1","futuristic elegent tram with beige interior and large window"
"ewaa_g_middle_of_the_tram_oval_shapes_metal_future_ea9bfb77-ad15-44b1-8a95-f3b146fefb84_1.png","https://www.midjourney.com/jobs/ea9bfb77-ad15-44b1-8a95-f3b146fefb84?index=1","middle of the tram, oval shapes, metal, future"
"ewaa_g_futuristic_elegant_beige_tram_with_neons_and_large_win_129b864a-717e-4b52-8a72-8170167f4119_0.png","https://www.midjourney.com/jobs/129b864a-717e-4b52-8a72-8170167f4119?index=0","futuristic elegant beige tram with neons and large window"
"ewaa_g_tram_modern_colorful_windows_high_design_23bc6c44-a4f0-4b73-aff7-0e80710c0c6e_1.png","https://www.midjourney.com/jobs/23bc6c44-a4f0-4b73-aff7-0e80710c0c6e?index=1","tram modern colorful windows high design"
"ewaa_g_interior_tram_stained_glass_colorful_glass_white_uphol_ae1003ea-57a9-4479-973f-6a7778898580_0.png","https://www.midjourney.com/jobs/ae1003ea-57a9-4479-973f-6a7778898580?index=0","interior, tram, stained glass, colorful glass, white upholstery, chrome handles, calm, aesthetics, geometrical, minimalistic"
"ewaa_g_tram_metro_interior_modern_comfortable_white_led_irreg_901ac5af-3c18-4dfb-a34b-fd9811254658_0.png","https://www.midjourney.com/jobs/901ac5af-3c18-4dfb-a34b-fd9811254658?index=0","tram metro interior modern comfortable white led irregular seats organic shapes"
"ewaa_g_tram_interior_design_organic_shapes_ecology_ba9444a8-61d7-4b91-a8bf-cab912afac24_0.png","https://www.midjourney.com/jobs/ba9444a8-61d7-4b91-a8bf-cab912afac24?index=0","tram, interior design, organic shapes, ecology"
"ewaa_g_tram_interesting_shapes_night_city_with_lights_modern__e648e6cf-ce41-4e86-9c5f-1f409ec3541d_1.png","https://www.midjourney.com/jobs/e648e6cf-ce41-4e86-9c5f-1f409ec3541d?index=1","tram, interesting shapes, night city with lights, modern tram, led violett, red, blue, space atmosphere, clean design, panoramic window, manoramic ceiling"
"ewaa_g_tram_elegant_neon_beige_7c0579cd-80cd-44e4-b407-c239d7d81fd9_3.png","https://www.midjourney.com/jobs/7c0579cd-80cd-44e4-b407-c239d7d81fd9?index=3","tram, elegant, neon, beige"
"ewaa_g_tram_ergoomic_interior_spacious_comfortable_with_wood__e8bef7f7-9619-46a3-91b2-3169e65188ef_0.png","https://www.midjourney.com/jobs/e8bef7f7-9619-46a3-91b2-3169e65188ef?index=0","tram, ergoomic, interior, spacious, comfortable, with wood, aesthetic, cozy, environmentlly friendly"
"ewaa_g_tram_modern_tram_traditional_town_nice_view_interestin_537d7fc9-2523-4be0-a8aa-65f49b991d69_0.png","https://www.midjourney.com/jobs/537d7fc9-2523-4be0-a8aa-65f49b991d69?index=0","tram, modern tram, traditional town, nice view, interesting lighting, green colour, white colour, clean design, avaibility, seats, space for bicycles, space for luggage"
"ewaa_g_train_interior_organic_tree_and_lighting_gaudi_inspire_bc2d7b8d-3747-4c23-903a-0b5e324b85c0_1.png","https://www.midjourney.com/jobs/bc2d7b8d-3747-4c23-903a-0b5e324b85c0?index=1","train interior organic tree and lighting gaudi inspired"
"ewaa_g_tram_interior_glass_window_color_jacquemus_rectangle_c_8c723128-45cc-49df-b06c-656aab2321c3_3.png","https://www.midjourney.com/jobs/8c723128-45cc-49df-b06c-656aab2321c3?index=3","tram, interior, glass, window color, jacquemus, rectangle, circle, fashion"
"ewaa_g_tram_interior_glass_window_color_jacquemus_rectangle_c_a9ea67e2-c530-4da5-8534-9ce0602a5a49_0.png","https://www.midjourney.com/jobs/a9ea67e2-c530-4da5-8534-9ce0602a5a49?index=0","tram, interior, glass, window color, jacquemus, rectangle, circle, fashion"
"ewaa_g_minimalist_modern_retro_tram_interior_2bfdc3b0-a429-4e5c-a26c-e745c6792b8c_3.png","https://www.midjourney.com/jobs/2bfdc3b0-a429-4e5c-a26c-e745c6792b8c?index=3","minimalist modern retro tram interior"
"ewaa_g_tram_interior_modern_colourful_2a697ecf-1a18-4334-b7b6-b12543928cc3_1.png","https://www.midjourney.com/jobs/2a697ecf-1a18-4334-b7b6-b12543928cc3?index=1","tram, interior, modern, colourful,"
"ewaa_g_tram_modern_tram_lighting_white_colour_clean_design_se_e4cc391c-e5a1-41c9-a5e4-964105075def_1.png","https://www.midjourney.com/jobs/e4cc391c-e5a1-41c9-a5e4-964105075def?index=1","tram, modern tram, lighting, white colour, clean design, seats, avaibility, place for bikes, place for dog, people in tram"
"ewaa_g_tram_interior_design_with_light_modern_led_organic_3a2b078f-0868-4986-8646-34e3ccdba42b_1.png","https://www.midjourney.com/jobs/3a2b078f-0868-4986-8646-34e3ccdba42b?index=1","tram interior design with light modern led organic"
"ewaa_g_tram_interior_ergonomic_modern_future_eco_unusual_shap_b8771839-ecbc-49ad-8cce-64ecb3a2617e_0.png","https://www.midjourney.com/jobs/b8771839-ecbc-49ad-8cce-64ecb3a2617e?index=0","tram, interior, ergonomic, modern, future, eco, unusual shapes, biophilic, photorealistic, streamlined, luxurious, sustainable"
"ewaa_g_tram_interior_white_design_coloured_seats_plastic_c0e259fb-223b-4386-b6eb-b79b1b76e2c0_2.png","https://www.midjourney.com/jobs/c0e259fb-223b-4386-b6eb-b79b1b76e2c0?index=2","tram interior white design coloured seats plastic"
"ewaa_g_futuristic_elegant_beige_tram_with_neons_and_large_win_6c9cb5ec-4ce7-4e73-9e6d-442b76fff815_2.png","https://www.midjourney.com/jobs/6c9cb5ec-4ce7-4e73-9e6d-442b76fff815?index=2","futuristic elegant beige tram with neons and large window"
"ewaa_g_interior_tram_stained_glass_colorful_glass_white_uphol_ae1003ea-57a9-4479-973f-6a7778898580_1.png","https://www.midjourney.com/jobs/ae1003ea-57a9-4479-973f-6a7778898580?index=1","interior, tram, stained glass, colorful glass, white upholstery, chrome handles, calm, aesthetics, geometrical, minimalistic"
"ewaa_g_tram_metro_interior_future_modern_460d7a3a-50e8-4dec-96d2-6b74015d549c_2.png","https://www.midjourney.com/jobs/460d7a3a-50e8-4dec-96d2-6b74015d549c?index=2","tram, metro, interior, future, modern"
"ewaa_g_tram_space_oval_shapes_blue_pink_purple_future_metal_c_8b85d02f-181e-4cb8-a296-f99a079eb6d3_1.png","https://www.midjourney.com/jobs/8b85d02f-181e-4cb8-a296-f99a079eb6d3?index=1","tram, space, oval shapes, blue, pink, purple, future, metal, cosmos"
"ewaa_g_tram_interior_design_with_light_modern_led_organic_0bafc5d3-f462-42f9-988a-589322606b60_2.png","https://www.midjourney.com/jobs/0bafc5d3-f462-42f9-988a-589322606b60?index=2","tram interior design with light modern led organic"
"ewaa_g_tram_interesting_shapes_night_city_with_lights_modern__f1036ff3-8437-41a0-8956-fc51a532e231_0.png","https://www.midjourney.com/jobs/f1036ff3-8437-41a0-8956-fc51a532e231?index=0","tram, interesting shapes, night city with lights, modern tram, led violett, red, blue, space atmosphere, clean design, panoramic window, manoramic ceiling"
"ewaa_g_tram_interior_design_with_light_modern_led_organic_lon_ac1f2352-14d4-4ea6-954d-5980a523becb_2.png","https://www.midjourney.com/jobs/ac1f2352-14d4-4ea6-954d-5980a523becb?index=2","tram interior design with light modern led organic long irregular seats, tape seats, tape, long shapes, tram, transport, imagine, future, modern, futuristic, smart"
"ewaa_g_tram_interesting_shapes_sunny_day_modern_tram_led_viol_bf5160df-eaac-432c-b45c-f8088a225d58_0.png","https://www.midjourney.com/jobs/bf5160df-eaac-432c-b45c-f8088a225d58?index=0","tram, interesting shapes, sunny day, modern tram, led violett, red, blue, space atmosphere, clean design, panoramic window, manoramic ceiling"
"ewaa_g_tram_f71f2a16-4e45-49c5-a7e0-748584d2348c_2.png","https://www.midjourney.com/jobs/f71f2a16-4e45-49c5-a7e0-748584d2348c?index=2","tram"
"ewaa_g_tram_interesting_shapes_sunny_day_modern_tram_led_viol_bf5160df-eaac-432c-b45c-f8088a225d58_3.png","https://www.midjourney.com/jobs/bf5160df-eaac-432c-b45c-f8088a225d58?index=3","tram, interesting shapes, sunny day, modern tram, led violett, red, blue, space atmosphere, clean design, panoramic window, manoramic ceiling"
"ewaa_g_futuristic_elegant_beige_tram_with_neons_and_large_win_a12a7456-ef18-46b1-b0ba-8cd3fe53663f_0.png","https://www.midjourney.com/jobs/a12a7456-ef18-46b1-b0ba-8cd3fe53663f?index=0","futuristic elegant beige tram with neons and large window on top"
"ewaa_g_tram_interior_design_organic_shapes_ecology_888ea015-28d4-4d23-8c3b-0f700750b607_0.png","https://www.midjourney.com/jobs/888ea015-28d4-4d23-8c3b-0f700750b607?index=0","tram, interior design, organic shapes, ecology"
"ewaa_g_tram_interior_stained_glass_colorful_glass_monochrome__97649578-8944-4d40-b58c-17d8722b64ce_3.png","https://www.midjourney.com/jobs/97649578-8944-4d40-b58c-17d8722b64ce?index=3","tram, interior, stained glass, colorful glass, monochrome upholstery, modern"
"ewaa_g_white_tram_interior_modern_clean_easy_big_windows_cush_c3e1cc21-d8b3-4cb2-bd30-25afc18e379c_1.png","https://www.midjourney.com/jobs/c3e1cc21-d8b3-4cb2-bd30-25afc18e379c?index=1","white tram interior modern clean easy big windows cushioned seats"
"ewaa_g_tram_metro_interior_future_modern_a9a53c58-e413-48a7-840f-656f5f6b169d_0.png","https://www.midjourney.com/jobs/a9a53c58-e413-48a7-840f-656f5f6b169d?index=0","tram, metro, interior, future, modern"
"ewaa_g_tram_space_oval_shapes_blue_pink_purple_future_metal_c_83966d05-cd28-45e7-a0b0-93c994d60cf9_0.png","https://www.midjourney.com/jobs/83966d05-cd28-45e7-a0b0-93c994d60cf9?index=0","tram, space, oval shapes, blue, pink, purple, future, metal, cosmos"
"ewaa_g_middle_of_the_tram_oval_shapes_metal_future_0e51f611-f854-445d-90ff-116499fbd651_0.png","https://www.midjourney.com/jobs/0e51f611-f854-445d-90ff-116499fbd651?index=0","middle of the tram, oval shapes, metal, future"
"ewaa_g_tram_interior_modern_colourful_ac5f70e6-7c27-41fc-ae0d-cc05ab8d76af_0.png","https://www.midjourney.com/jobs/ac5f70e6-7c27-41fc-ae0d-cc05ab8d76af?index=0","tram, interior, modern, colourful,"
"ewaa_g_tram_interesting_shapes_night_city_with_lights_modern__33496c53-4401-44f4-8aaa-0b0deaed5572_2.png","https://www.midjourney.com/jobs/33496c53-4401-44f4-8aaa-0b0deaed5572?index=2","tram, interesting shapes, night city with lights, modern tram, led violett, red, blue, space atmosphere, clean design, panoramic window, manoramic ceiling"
"ewaa_g_tram_interior_minimalist_modern_light_white_led_clean__b93b62a6-c8fa-47aa-ba72-a1516272e915_3.png","https://www.midjourney.com/jobs/b93b62a6-c8fa-47aa-ba72-a1516272e915?index=3","tram interior minimalist modern light white led clean aesthetic"
"ewaa_g_interior_tram_cozy_modern_minimalist_pop_of_colour_nic_2a4bbd92-55de-493d-8ec2-cf25d77cfcf4_3.png","https://www.midjourney.com/jobs/2a4bbd92-55de-493d-8ec2-cf25d77cfcf4?index=3","interior tram cozy modern minimalist pop of colour nice"
"ewaa_g_e_tram_modern_glass_interior_led_light_--v_6.0_d5c8e954-bb03-46c9-acad-b4ae51367209_0.png","https://www.midjourney.com/jobs/d5c8e954-bb03-46c9-acad-b4ae51367209?index=0","e tram, modern, glass, interior, led light"
"ewaa_g_tram_interesting_shapes_night_city_with_lights_modern__2b88707a-4f8c-4a59-b2dd-c90237f2f0ed_2.png","https://www.midjourney.com/jobs/2b88707a-4f8c-4a59-b2dd-c90237f2f0ed?index=2","tram, interesting shapes, night city with lights, modern tram, led violett, red, blue, space atmosphere, clean design, panoramic window, manoramic ceiling"
"ewaa_g_futuristic_elegent_tram_with_beige_interior_and_large__0dc52c68-f2a1-4fbb-a7f1-a43dc4632e75_0.png","https://www.midjourney.com/jobs/0dc52c68-f2a1-4fbb-a7f1-a43dc4632e75?index=0","futuristic elegent tram with beige interior and large window"
"ewaa_g_metro_train_interior_organic_branches_form_ec35c5e7-c06e-496b-bcfb-7bda9474af72_3.png","https://www.midjourney.com/jobs/ec35c5e7-c06e-496b-bcfb-7bda9474af72?index=3","metro train interior organic branches form"
"ewaa_g_interior_tram_abstract_modern_classy_geometrical_liqui_4faf97cc-d503-4838-a87f-45a5c6206317_3.png","https://www.midjourney.com/jobs/4faf97cc-d503-4838-a87f-45a5c6206317?index=3","interior, tram, abstract, modern, classy, geometrical, liquid, blue, elegant, aesthetic, vibe, fluffy"
"ewaa_g_tram_modern_tram_lighting_white_colour_clean_design_se_01d3995c-9546-4cec-b643-887ed157b501_3.png","https://www.midjourney.com/jobs/01d3995c-9546-4cec-b643-887ed157b501?index=3","tram, modern tram, lighting, white colour, clean design, seats, avaibility, place for bikes, place for dog, people in tram"
"ewaa_g_tram_bike_place_interior_design_4e9b93fa-db25-421e-926b-535b2d4b616d_2.png","https://www.midjourney.com/jobs/4e9b93fa-db25-421e-926b-535b2d4b616d?index=2","tram, bike place, interior design,"
"ewaa_g_tram_interior_stained_glass_colorful_glass_monochrome__648b9dad-e9e8-4999-b2ac-8b9ebee05ddd_2.png","https://www.midjourney.com/jobs/648b9dad-e9e8-4999-b2ac-8b9ebee05ddd?index=2","tram, interior, stained glass, colorful glass, monochrome upholstery, modern"
"ewaa_g_interior_tram_stained_glass_colorful_glass_white_uphol_363e75ed-a8e3-4a1c-8538-4dc5707f0394_2.png","https://www.midjourney.com/jobs/363e75ed-a8e3-4a1c-8538-4dc5707f0394?index=2","interior, tram, stained glass, colorful glass, white upholstery, chrome handles, calm, aesthetics, geometrical, minimalistic"
"ewaa_g_uturistic_elegant_beige_tram_interior_with_neons_and_l_3c6cb9e5-17e1-4a6b-98d3-68608cefa9f7_2.png","https://www.midjourney.com/jobs/3c6cb9e5-17e1-4a6b-98d3-68608cefa9f7?index=2","uturistic elegant beige tram interior with neons and large round window"
"ewaa_g_tram_interior_modern_colourful_c47f4b69-0e54-4ee2-b4e0-f5dc44376b6c_0.png","https://www.midjourney.com/jobs/c47f4b69-0e54-4ee2-b4e0-f5dc44376b6c?index=0","tram, interior, modern, colourful,"
"ewaa_g_tram_modern_retro_led_future_356b8567-4eb5-407d-aa3b-a0faba38b662_2.png","https://www.midjourney.com/jobs/356b8567-4eb5-407d-aa3b-a0faba38b662?index=2","tram, modern, retro, led, future"
"ewaa_g_tram_interior_design_organic_shapes_ecology_f3c46d9b-f393-4ee0-bce5-7be3ebdd4140_1.png","https://www.midjourney.com/jobs/f3c46d9b-f393-4ee0-bce5-7be3ebdd4140?index=1","tram, interior design, organic shapes, ecology"
"ewaa_g_tram_metro_interior_modern_comfortable_white_led_irreg_ba5bc14e-9e50-4168-93d2-890c086fbc82_1.png","https://www.midjourney.com/jobs/ba5bc14e-9e50-4168-93d2-890c086fbc82?index=1","tram metro interior modern comfortable white led irregular seats organic shapes"
"ewaa_g_tram_interior_pink_glass_fd21bab4-3e7b-4573-9833-37dc31510e6f_0.png","https://www.midjourney.com/jobs/fd21bab4-3e7b-4573-9833-37dc31510e6f?index=0","tram interior pink glass"
"ewaa_g_tram_interior_design_with_light_modern_led_organic_lon_2ab83725-b263-4e6b-829c-09dcf73b4259_2.png","https://www.midjourney.com/jobs/2ab83725-b263-4e6b-829c-09dcf73b4259?index=2","tram interior design with light modern led organic long irregular seats, tape seats, tape, long shapes, tram, transport, imagine, future, modern, futuristic, smart"
"ewaa_g_tram_metro_interior_future_modern_431e1d08-f32c-4d93-b5fa-b36cebf84f4a_3.png","https://www.midjourney.com/jobs/431e1d08-f32c-4d93-b5fa-b36cebf84f4a?index=3","tram, metro, interior, future, modern"
"ewaa_g_train_interior_organic_tree_and_lighting_gaudi_inspire_bc2d7b8d-3747-4c23-903a-0b5e324b85c0_0.png","https://www.midjourney.com/jobs/bc2d7b8d-3747-4c23-903a-0b5e324b85c0?index=0","train interior organic tree and lighting gaudi inspired"
"ewaa_g_tram_retro_interior_with_colorful_window_metal_blue_an_5295e323-1271-4c3b-ae26-f7f805b4edc5_1.png","https://www.midjourney.com/jobs/5295e323-1271-4c3b-ae26-f7f805b4edc5?index=1","tram retro interior with colorful window metal blue and red irregular seats irregular window"
"ewaa_g_tram_modern_retro_led_future_c18d4f11-3610-4a9e-9f37-8d1939fd5061_3.png","https://www.midjourney.com/jobs/c18d4f11-3610-4a9e-9f37-8d1939fd5061?index=3","tram, modern, retro, led, future"
"ewaa_g_tram_modern_retro_led_future_c18d4f11-3610-4a9e-9f37-8d1939fd5061_2.png","https://www.midjourney.com/jobs/c18d4f11-3610-4a9e-9f37-8d1939fd5061?index=2","tram, modern, retro, led, future"
"ewaa_g_train_interior_organic_tree_and_lighting_gaudi_inspire_f37ddea5-4e21-480a-b647-53adeef004ee_1.png","https://www.midjourney.com/jobs/f37ddea5-4e21-480a-b647-53adeef004ee?index=1","train interior organic tree and lighting gaudi inspired"
"ewaa_g_tram_metro_interior_future_modern_b8e069d1-10c2-4b77-8008-8e7961668c70_0.png","https://www.midjourney.com/jobs/b8e069d1-10c2-4b77-8008-8e7961668c70?index=0","tram, metro, interior, future, modern"
"ewaa_g_tram_metro_interior_future_modern_336e17fe-4547-48eb-b597-515a59e7f094_0.png","https://www.midjourney.com/jobs/336e17fe-4547-48eb-b597-515a59e7f094?index=0","tram, metro, interior, future, modern"
"ewaa_g_tram_interior_white_design_coloured_seats_plastic_c0e259fb-223b-4386-b6eb-b79b1b76e2c0_1.png","https://www.midjourney.com/jobs/c0e259fb-223b-4386-b6eb-b79b1b76e2c0?index=1","tram interior white design coloured seats plastic"
"ewaa_g_tram_light_modern_interior_led_organic_dac76932-a290-4b6f-984f-f9651689ab08_2.png","https://www.midjourney.com/jobs/dac76932-a290-4b6f-984f-f9651689ab08?index=2","tram light modern interior led organic"
"ewaa_g_uturistic_elegant_beige_tram_interior_with_neons_and_l_ea90eba2-196f-4bf5-82cc-efbb952262c5_0.png","https://www.midjourney.com/jobs/ea90eba2-196f-4bf5-82cc-efbb952262c5?index=0","uturistic elegant beige tram interior with neons and large round window"
"ewaa_g_tram_interior_glass_window_color_jacquemus_rectangle_c_af40b497-af61-4ddc-9915-caff5f03365d_2.png","https://www.midjourney.com/jobs/af40b497-af61-4ddc-9915-caff5f03365d?index=2","tram, interior, glass, window color, jacquemus, rectangle, circle, fashion"
"ewaa_g_tram_metro_interior_future_modern_336e17fe-4547-48eb-b597-515a59e7f094_1.png","https://www.midjourney.com/jobs/336e17fe-4547-48eb-b597-515a59e7f094?index=1","tram, metro, interior, future, modern"
"ewaa_g_train_interior_organic_tree_and_lighting_gaudi_inspire_1e4ea07e-6815-4eb5-8c45-c46060bb95f7_1.png","https://www.midjourney.com/jobs/1e4ea07e-6815-4eb5-8c45-c46060bb95f7?index=1","train interior organic tree and lighting gaudi inspired"
"ewaa_g_tram_exterior_smart_elegant_colorful_ergonomic_place_f_2d920df2-0c61-441e-bab8-79ebfe6aab61_2.png","https://www.midjourney.com/jobs/2d920df2-0c61-441e-bab8-79ebfe6aab61?index=2","tram, exterior, smart, elegant, colorful, ergonomic, place for bike"
"ewaa_g_interior_tram_cozy_modern_minimalist_pop_of_colour_nic_cd05354f-49df-4ac9-ba32-abda30b0aa75_2.png","https://www.midjourney.com/jobs/cd05354f-49df-4ac9-ba32-abda30b0aa75?index=2","interior tram cozy modern minimalist pop of colour nice"
"ewaa_g_tram_light_modern_interior_led_organic_aeaf6b25-80aa-4359-b4df-840c2de45a24_1.png","https://www.midjourney.com/jobs/aeaf6b25-80aa-4359-b4df-840c2de45a24?index=1","tram light modern interior led organic"
"ewaa_g_tram_modern_minimalistic_window_space_metal_natral_lig_28c3e859-2b6e-4f77-bdf0-d9925e1d0691_0.png","https://www.midjourney.com/jobs/28c3e859-2b6e-4f77-bdf0-d9925e1d0691?index=0","tram modern minimalistic window space metal natral light comfortable seats"
"ewaa_g_tram_interior_glass_window_color_jacquemus_rectangle_c_48bece5d-8abc-4c91-add0-60c8496d26ed_0.png","https://www.midjourney.com/jobs/48bece5d-8abc-4c91-add0-60c8496d26ed?index=0","tram, interior, glass, window color, jacquemus, rectangle, circle, fashion"
"ewaa_g_interior_tram_high_design_abstract_forms_geometrical_c_a2d06d88-32b2-4edd-9ec4-b57a43db503a_1.png","https://www.midjourney.com/jobs/a2d06d88-32b2-4edd-9ec4-b57a43db503a?index=1","interior, tram, high, design, abstract, forms, geometrical, chrome, elegant, silver, vibe, aesthetic"
"ewaa_g_interior_tram_high_design_abstract_forms_geometrical_c_38d5dce7-2e1f-4056-b1b4-c3252e278a1e_0.png","https://www.midjourney.com/jobs/38d5dce7-2e1f-4056-b1b4-c3252e278a1e?index=0","interior, tram, high, design, abstract, forms, geometrical, chrome, elegant, silver, vibe, aesthetic"
"ewaa_g_futuristic_seats_module_cosmos_space_drain_round_tram__f6162cb4-799c-4e90-899e-66cab0f34eb4_0.png","https://www.midjourney.com/jobs/f6162cb4-799c-4e90-899e-66cab0f34eb4?index=0","futuristic, seats, module, cosmos, space, drain, round, tram, transport"
"ewaa_g_tram_interior_design_organic_shapes_ecology_ad356144-eecb-432c-842b-5ec21e6e5d66_3.png","https://www.midjourney.com/jobs/ad356144-eecb-432c-842b-5ec21e6e5d66?index=3","tram, interior design, organic shapes, ecology"
"ewaa_g_train_interior_organic_tree_branches_and_roots_form_e248f9ba-f4b4-4422-acb0-e00ed9cb1ae4_3.png","https://www.midjourney.com/jobs/e248f9ba-f4b4-4422-acb0-e00ed9cb1ae4?index=3","train interior organic tree branches and roots form"
"ewaa_g_tram_interior_light_usefull_modern_japan_13a1f8dd-1dce-4990-bb98-973c64632d49_0.png","https://www.midjourney.com/jobs/13a1f8dd-1dce-4990-bb98-973c64632d49?index=0","tram, interior, light, usefull, modern, japan"
"ewaa_g_tram_exterior_smart_elegant_colorful_ergonomic_place_f_2d920df2-0c61-441e-bab8-79ebfe6aab61_0.png","https://www.midjourney.com/jobs/2d920df2-0c61-441e-bab8-79ebfe6aab61?index=0","tram, exterior, smart, elegant, colorful, ergonomic, place for bike"
"ewaa_g_interior_tram_stained_glass_colorful_glass_white_uphol_d5c730f7-444b-4e57-afe4-46f986cea295_1.png","https://www.midjourney.com/jobs/d5c730f7-444b-4e57-afe4-46f986cea295?index=1","interior, tram, stained glass, colorful glass, white upholstery, chrome handles, calm, aesthetics, geometrical, minimalistic"
"ewaa_g_tram_spacious_modern_technology_innovative_aesthetic_f_6157d1ea-cb09-42d2-9509-15a8d3f82f3e_3.png","https://www.midjourney.com/jobs/6157d1ea-cb09-42d2-9509-15a8d3f82f3e?index=3","tram, spacious, modern technology, innovative, aesthetic, futuristic, interior, exterior, smart, elegant"
"ewaa_g_interior_tram_high_design_abstract_forms_geometrical_c_892fd949-e2fe-4714-a8c4-6e07f100c368_0.png","https://www.midjourney.com/jobs/892fd949-e2fe-4714-a8c4-6e07f100c368?index=0","interior, tram, high, design, abstract, forms, geometrical, chrome, elegant, silver, vibe, aesthetic"
"ewaa_g_tram_metro_interior_modern_comfortable_white_led_irreg_5306c7c8-ec9e-4f2b-a21d-5d275e633ffa_0.png","https://www.midjourney.com/jobs/5306c7c8-ec9e-4f2b-a21d-5d275e633ffa?index=0","tram metro interior modern comfortable white led irregular seats organic shapes"
"ewaa_g_e_tram_modern_glass_interior_led_light_992c939d-2e0d-4525-a937-b080faecfd8d_1.png","https://www.midjourney.com/jobs/992c939d-2e0d-4525-a937-b080faecfd8d?index=1","e tram, modern, glass, interior, led light"
"ewaa_g_tram_interior_glass_window_color_jacquemus_rectangle_c_af40b497-af61-4ddc-9915-caff5f03365d_3.png","https://www.midjourney.com/jobs/af40b497-af61-4ddc-9915-caff5f03365d?index=3","tram, interior, glass, window color, jacquemus, rectangle, circle, fashion"
"ewaa_g_tram_interior_modern_colourful_c47f4b69-0e54-4ee2-b4e0-f5dc44376b6c_2.png","https://www.midjourney.com/jobs/c47f4b69-0e54-4ee2-b4e0-f5dc44376b6c?index=2","tram, interior, modern, colourful,"
"ewaa_g_tram_for_disabled_people_ergonomic_good_design_ac3183c3-33f3-4f7e-a725-42082c4fd1cf_2.png","https://www.midjourney.com/jobs/ac3183c3-33f3-4f7e-a725-42082c4fd1cf?index=2","tram for disabled people, ergonomic, good design"
"ewaa_g_tram_interior_design_organic_shapes_ecology_57777921-4871-4742-ac8c-a3ea1ccb9ecf_0.png","https://www.midjourney.com/jobs/57777921-4871-4742-ac8c-a3ea1ccb9ecf?index=0","tram, interior design, organic shapes, ecology"
"ewaa_g_tram_metro_interior_modern_comfortable_white_led_irreg_d28cb13a-b232-49e1-b25e-0eaea9344522_0.png","https://www.midjourney.com/jobs/d28cb13a-b232-49e1-b25e-0eaea9344522?index=0","tram metro interior modern comfortable white led irregular seats organic shapes in the middle"
"ewaa_g_tram_interior_design_with_light_modern_led_organic_lon_1287e168-17d8-4274-8650-350297f5ac8a_3.png","https://www.midjourney.com/jobs/1287e168-17d8-4274-8650-350297f5ac8a?index=3","tram interior design with light modern led organic long irregular seats, tape seats, tape, long shapes, tram, transport, imagine, future, modern, futuristic, smart"
"ewaa_g_metro_train_interior_organic_branches_form_84c4cc13-3526-4dc3-a9bd-6026d30a4b44_2.png","https://www.midjourney.com/jobs/84c4cc13-3526-4dc3-a9bd-6026d30a4b44?index=2","metro train interior organic branches form"
"ewaa_g_tram_space_oval_shapes_blue_pink_purple_future_metal_c_8b85d02f-181e-4cb8-a296-f99a079eb6d3_3.png","https://www.midjourney.com/jobs/8b85d02f-181e-4cb8-a296-f99a079eb6d3?index=3","tram, space, oval shapes, blue, pink, purple, future, metal, cosmos"
"ewaa_g_tram_interior_design_with_light_modern_led_organic_lon_1287e168-17d8-4274-8650-350297f5ac8a_1.png","https://www.midjourney.com/jobs/1287e168-17d8-4274-8650-350297f5ac8a?index=1","tram interior design with light modern led organic long irregular seats, tape seats, tape, long shapes, tram, transport, imagine, future, modern, futuristic, smart"
"ewaa_g_middle_of_the_tram_oval_shapes_metal_future_neon_9a655922-6f1f-4d5a-bce5-0511cbaa9e11_3.png","https://www.midjourney.com/jobs/9a655922-6f1f-4d5a-bce5-0511cbaa9e11?index=3","middle of the tram, oval shapes, metal, future, neon"
"ewaa_g_tram_interior_modern_colourful_2a697ecf-1a18-4334-b7b6-b12543928cc3_2.png","https://www.midjourney.com/jobs/2a697ecf-1a18-4334-b7b6-b12543928cc3?index=2","tram, interior, modern, colourful,"
"ewaa_g_tram_modern_tram_traditional_town_nice_view_interestin_e13e2bf8-ab09-49c0-a527-f5115dcca6fa_1.png","https://www.midjourney.com/jobs/e13e2bf8-ab09-49c0-a527-f5115dcca6fa?index=1","tram, modern tram, traditional town, nice view, interesting lighting, green colour, white colour, clean design, avaibility, seats, space for bicycles, space for luggage"
"ewaa_g_middle_of_the_tram_oval_shapes_metal_future_neon_1a7bfc00-e198-43b3-848f-63266c662104_0.png","https://www.midjourney.com/jobs/1a7bfc00-e198-43b3-848f-63266c662104?index=0","middle of the tram, oval shapes, metal, future, neon"
"ewaa_g_metro_form_of_window_future_tram_da81950a-5f13-4571-b03f-61e15a3232a9_1.png","https://www.midjourney.com/jobs/da81950a-5f13-4571-b03f-61e15a3232a9?index=1","metro, form of window, future, tram,"
"ewaa_g_tram_hygenic_beautiful_view_comfortable_led_light_mode_97bf0d5d-a3d2-4065-bb8e-d3966d3335d6_0.png","https://www.midjourney.com/jobs/97bf0d5d-a3d2-4065-bb8e-d3966d3335d6?index=0","tram, hygenic, beautiful view, comfortable, led light, modern, big windows"
"ewaa_g_tram_interior_design_with_light_modern_led_organic_lon_dc72620a-01ad-40c8-91aa-20dce3082cf6_3.png","https://www.midjourney.com/jobs/dc72620a-01ad-40c8-91aa-20dce3082cf6?index=3","tram interior design with light modern led organic long irregular seats, tape seats, tape, long shapes, tram, transport, imagine, future, modern, futuristic, smart"
"ewaa_g_middle_of_the_tram_oval_shapes_metal_future_ea9bfb77-ad15-44b1-8a95-f3b146fefb84_3.png","https://www.midjourney.com/jobs/ea9bfb77-ad15-44b1-8a95-f3b146fefb84?index=3","middle of the tram, oval shapes, metal, future"
"ewaa_g_tram_hygenic_beautiful_view_comfortable_led_light_mode_b262d663-2521-474d-b52d-f0db03ba861a_3.png","https://www.midjourney.com/jobs/b262d663-2521-474d-b52d-f0db03ba861a?index=3","tram, hygenic, beautiful view, comfortable, led light, modern, big windows"
"ewaa_g_tram_interior_white_design_coloured_seats_plastic_c0e259fb-223b-4386-b6eb-b79b1b76e2c0_0.png","https://www.midjourney.com/jobs/c0e259fb-223b-4386-b6eb-b79b1b76e2c0?index=0","tram interior white design coloured seats plastic"
"ewaa_g_futuristic_elegent_tram_with_beige_interior_and_large__d745efef-0d20-4c03-ac67-fd601d34e1fa_2.png","https://www.midjourney.com/jobs/d745efef-0d20-4c03-ac67-fd601d34e1fa?index=2","futuristic elegent tram with beige interior and large window"
"ewaa_g_metro_interor_tram_future_modern_intelegent_futuristic_abb1a861-fe30-4083-b04b-066823e3df12_0.png","https://www.midjourney.com/jobs/abb1a861-fe30-4083-b04b-066823e3df12?index=0","metro, interor, tram, future, modern, intelegent, futuristic, light"
"ewaa_g_tram_interior_design_with_light_modern_led_organic_875982d2-f52c-4693-8bed-e4c13040715b_3.png","https://www.midjourney.com/jobs/875982d2-f52c-4693-8bed-e4c13040715b?index=3","tram interior design with light modern led organic"
"ewaa_g_tram_metro_interior_future_modern_a9a53c58-e413-48a7-840f-656f5f6b169d_2.png","https://www.midjourney.com/jobs/a9a53c58-e413-48a7-840f-656f5f6b169d?index=2","tram, metro, interior, future, modern"
"ewaa_g_tram_interior_design_organic_shapes_ecology_f91112ca-1cce-4ac0-9162-8860a7046232_0.png","https://www.midjourney.com/jobs/f91112ca-1cce-4ac0-9162-8860a7046232?index=0","tram, interior design, organic shapes, ecology"
"ewaa_g_futuristic_elegent_tram_with_beige_interior_and_large__6b859b52-1031-4f43-82a2-198cbac23e4e_0.png","https://www.midjourney.com/jobs/6b859b52-1031-4f43-82a2-198cbac23e4e?index=0","futuristic elegent tram with beige interior and large window"
"ewaa_g_metro_form_of_window_future_tram_da81950a-5f13-4571-b03f-61e15a3232a9_0.png","https://www.midjourney.com/jobs/da81950a-5f13-4571-b03f-61e15a3232a9?index=0","metro, form of window, future, tram,"
"ewaa_g_tram_pink_round_5b1aeda5-f523-461e-852e-ca48dd4d0e42_3.png","https://www.midjourney.com/jobs/5b1aeda5-f523-461e-852e-ca48dd4d0e42?index=3","tram pink round"
"ewaa_g_tram_metro_interior_modern_comfortable_white_led_irreg_eda31d8a-06f3-4374-be5e-15c4cb2f86ee_3.png","https://www.midjourney.com/jobs/eda31d8a-06f3-4374-be5e-15c4cb2f86ee?index=3","tram metro interior modern comfortable white led irregular seats organic shapes in the middle"
"ewaa_g_tram_interior_80s_style_modern_minimlaist_chrome_plast_a7e85ce8-2063-4501-9b75-d7317c36bb8c_3.png","https://www.midjourney.com/jobs/a7e85ce8-2063-4501-9b75-d7317c36bb8c?index=3","tram interior 80s style modern minimlaist chrome plastic metal white"
"ewaa_g_tram_interior_design_with_light_modern_led_organic_3a2b078f-0868-4986-8646-34e3ccdba42b_3.png","https://www.midjourney.com/jobs/3a2b078f-0868-4986-8646-34e3ccdba42b?index=3","tram interior design with light modern led organic"
"ewaa_g_tram_modern_tram_nice_view_interesting_lighting_white__61345c9d-b4f2-40b8-bddb-e1f267a5afb3_0.png","https://www.midjourney.com/jobs/61345c9d-b4f2-40b8-bddb-e1f267a5afb3?index=0","tram, modern tram, nice view, interesting lighting, white colour, clean design, place for seats, avaibility, luggage, dog"
"ewaa_g_tram_modern_retro_led_future_c18d4f11-3610-4a9e-9f37-8d1939fd5061_0.png","https://www.midjourney.com/jobs/c18d4f11-3610-4a9e-9f37-8d1939fd5061?index=0","tram, modern, retro, led, future"
"ewaa_g_tram_modern_tram_nice_view_interesting_lighting_white__1f7e9eb6-f502-4e2c-a78d-c3fe68f375c5_0.png","https://www.midjourney.com/jobs/1f7e9eb6-f502-4e2c-a78d-c3fe68f375c5?index=0","tram, modern tram, nice view, interesting lighting, white colour, clean design, place for seats, avaibility, luggage, dog"
"ewaa_g_interior_tram_stained_glass_colorful_glass_white_uphol_ae1003ea-57a9-4479-973f-6a7778898580_2.png","https://www.midjourney.com/jobs/ae1003ea-57a9-4479-973f-6a7778898580?index=2","interior, tram, stained glass, colorful glass, white upholstery, chrome handles, calm, aesthetics, geometrical, minimalistic"
"ewaa_g_tram_interior_design_with_light_modern_led_organic_875982d2-f52c-4693-8bed-e4c13040715b_0.png","https://www.midjourney.com/jobs/875982d2-f52c-4693-8bed-e4c13040715b?index=0","tram interior design with light modern led organic"
"ewaa_g_tram_window_exterior_modent_future_2f703b03-9e68-4f50-b2b0-48fd61b04caf_2.png","https://www.midjourney.com/jobs/2f703b03-9e68-4f50-b2b0-48fd61b04caf?index=2","tram, window, exterior, modent, future"
"ewaa_g_tram_metro_interior_future_modern_431e1d08-f32c-4d93-b5fa-b36cebf84f4a_0.png","https://www.midjourney.com/jobs/431e1d08-f32c-4d93-b5fa-b36cebf84f4a?index=0","tram, metro, interior, future, modern"
"ewaa_g_tram_interesting_shapes_night_city_with_lights_modern__33496c53-4401-44f4-8aaa-0b0deaed5572_1.png","https://www.midjourney.com/jobs/33496c53-4401-44f4-8aaa-0b0deaed5572?index=1","tram, interesting shapes, night city with lights, modern tram, led violett, red, blue, space atmosphere, clean design, panoramic window, manoramic ceiling"
"ewaa_g_futuristic_elegent_tram_with_beige_interior_and_large__d745efef-0d20-4c03-ac67-fd601d34e1fa_3.png","https://www.midjourney.com/jobs/d745efef-0d20-4c03-ac67-fd601d34e1fa?index=3","futuristic elegent tram with beige interior and large window"
"ewaa_g_tram_modern_tram_traditional_town_nice_view_interestin_e13e2bf8-ab09-49c0-a527-f5115dcca6fa_3.png","https://www.midjourney.com/jobs/e13e2bf8-ab09-49c0-a527-f5115dcca6fa?index=3","tram, modern tram, traditional town, nice view, interesting lighting, green colour, white colour, clean design, avaibility, seats, space for bicycles, space for luggage"
"ewaa_g_tram_interior_design_with_light_modern_led_organic_lon_eae19f5e-dd84-46cf-9205-56f96faca413_1.png","https://www.midjourney.com/jobs/eae19f5e-dd84-46cf-9205-56f96faca413?index=1","tram interior design with light modern led organic long irregular seats, tape seats, tape, long shapes, tram, transport, imagine, future, modern, futuristic, smart"
"ewaa_g_futuristic_elegent_tram_with_beige_interior_and_large__f34e1533-864f-4d3e-9cee-164d14040d21_3.png","https://www.midjourney.com/jobs/f34e1533-864f-4d3e-9cee-164d14040d21?index=3","futuristic elegent tram with beige interior and large window"
"ewaa_g_tram_fast_future_streamlined_light_organic_structure_s_2eaa4ddb-caef-49ef-8210-83942a1ff932_0.png","https://www.midjourney.com/jobs/2eaa4ddb-caef-49ef-8210-83942a1ff932?index=0","tram, fast, future, streamlined, light, organic structure, seats"
"ewaa_g_tram_spacious_modern_technology_innovative_aesthetic_f_69c2c9e9-b60e-4fa8-a6a7-6458926315b2_1.png","https://www.midjourney.com/jobs/69c2c9e9-b60e-4fa8-a6a7-6458926315b2?index=1","tram, spacious, modern technology, innovative, aesthetic, futuristic, interior, exterior, smart, elegant"
"ewaa_g_tram_modern_tram_lighting_white_colour_clean_design_se_01d3995c-9546-4cec-b643-887ed157b501_2.png","https://www.midjourney.com/jobs/01d3995c-9546-4cec-b643-887ed157b501?index=2","tram, modern tram, lighting, white colour, clean design, seats, avaibility, place for bikes, place for dog, people in tram"
"ewaa_g_tram_modern_retro_led_future_b14ff711-25c1-44be-9b1f-94c26195742f_3.png","https://www.midjourney.com/jobs/b14ff711-25c1-44be-9b1f-94c26195742f?index=3","tram, modern, retro, led, future"
"ewaa_g_tram_for_disabled_people_ergonomic_good_design_ac3183c3-33f3-4f7e-a725-42082c4fd1cf_0.png","https://www.midjourney.com/jobs/ac3183c3-33f3-4f7e-a725-42082c4fd1cf?index=0","tram for disabled people, ergonomic, good design"
"ewaa_g_uturistic_seats_long_tape_lights_led_waves_bus_tram_ca_d975ba5b-cb53-42bc-a602-6833c835bea8_2.png","https://www.midjourney.com/jobs/d975ba5b-cb53-42bc-a602-6833c835bea8?index=2","uturistic seats, long tape lights, led, waves, bus, tram, car"
"ewaa_g_tram_fast_future_streamlined_light_organic_structure_s_c9502f7e-b655-4e8b-8209-2048d7ed09de_3.png","https://www.midjourney.com/jobs/c9502f7e-b655-4e8b-8209-2048d7ed09de?index=3","tram, fast, future, streamlined, light, organic structure, seats"
"ewaa_g_tram_exterior_smart_elegant_colorful_ergonomic_place_f_4eb5e1d2-9a9c-4da8-a17c-9c9c7816ec6f_2.png","https://www.midjourney.com/jobs/4eb5e1d2-9a9c-4da8-a17c-9c9c7816ec6f?index=2","tram, exterior, smart, elegant, colorful, ergonomic, place for bike"
"ewaa_g_futuristic_elegant_beige_tram_interior_with_neons_and__ca7b5ab8-ddc3-481a-b139-444c0e2f9cd9_2.png","https://www.midjourney.com/jobs/ca7b5ab8-ddc3-481a-b139-444c0e2f9cd9?index=2","futuristic elegant beige tram interior with neons and large round window"
"ewaa_g_tram_interior_design_with_light_modern_led_organic_lon_02342ce4-9196-4c89-9c15-cb257492f3b6_3.png","https://www.midjourney.com/jobs/02342ce4-9196-4c89-9c15-cb257492f3b6?index=3","tram interior design with light modern led organic long irregular seats, tape seats, tape, long shapes, tram, transport, imagine, future, modern, futuristic, smart"
"ewaa_g_futuristic_seats_module_cosmos_space_drain_round_tram__cc0bc808-880d-42cf-943d-9273f780ef7b_0.png","https://www.midjourney.com/jobs/cc0bc808-880d-42cf-943d-9273f780ef7b?index=0","futuristic, seats, module, cosmos, space, drain, round, tram, transport"
"ewaa_g_tram_modern_minimalistic_window_space_metal_natral_lig_2440574d-d590-49ea-851d-d19a67474ac2_0.png","https://www.midjourney.com/jobs/2440574d-d590-49ea-851d-d19a67474ac2?index=0","tram modern minimalistic window space metal natral light comfortable seats"
"ewaa_g_tram_interior_design_organic_shapes_ecology_7bd9cdff-6b1c-421b-8a9a-21d389df2eac_0.png","https://www.midjourney.com/jobs/7bd9cdff-6b1c-421b-8a9a-21d389df2eac?index=0","tram, interior design, organic shapes, ecology"
"ewaa_g_e_tram_modern_glass_interior_led_light_f37b4bc0-7d66-469a-8639-3e9d33531486_2.png","https://www.midjourney.com/jobs/f37b4bc0-7d66-469a-8639-3e9d33531486?index=2","e tram, modern, glass, interior, led light"
"ewaa_g_train_interior_organic_tree_branches_form_and_lighting_04c95e0e-fe36-4c4f-86db-a24b7cf56efc_3.png","https://www.midjourney.com/jobs/04c95e0e-fe36-4c4f-86db-a24b7cf56efc?index=3","train interior organic tree branches form and lighting"
"ewaa_g_tram_fast_future_streamlined_light_organic_structure_s_c9502f7e-b655-4e8b-8209-2048d7ed09de_1.png","https://www.midjourney.com/jobs/c9502f7e-b655-4e8b-8209-2048d7ed09de?index=1","tram, fast, future, streamlined, light, organic structure, seats"
"ewaa_g_tram_comfort_cosmos_oval_shapes_e201cd5c-23a5-4d79-a3e4-d928194e3b48_2.png","https://www.midjourney.com/jobs/e201cd5c-23a5-4d79-a3e4-d928194e3b48?index=2","tram, comfort, cosmos, oval shapes"
"ewaa_g_tram_interior_coloured_glass_monochrome_upholstery_min_1518a9b1-c995-4664-894c-7396e8eeea2e_3.png","https://www.midjourney.com/jobs/1518a9b1-c995-4664-894c-7396e8eeea2e?index=3","tram, interior, coloured glass, monochrome upholstery, minimalistic, modern, calm, aesthetic"
"ewaa_g_tram_metro_interior_future_modern_987f2221-74c4-48c8-84f5-d88f711c1d75_0.png","https://www.midjourney.com/jobs/987f2221-74c4-48c8-84f5-d88f711c1d75?index=0","tram, metro, interior, future, modern"
"ewaa_g_interior_tram_high_design_abstract_forms_geometrical_c_e73a71db-1c43-45f1-94c6-be500b7d242c_1.png","https://www.midjourney.com/jobs/e73a71db-1c43-45f1-94c6-be500b7d242c?index=1","interior, tram, high, design, abstract, forms, geometrical, chrome, elegant, silver, vibe, aesthetic"
"ewaa_g_white_tram_interior_modern_clean_easy_big_windows_cush_30dbf95a-2f9b-42dc-87bb-ec62fa336c4a_0.png","https://www.midjourney.com/jobs/30dbf95a-2f9b-42dc-87bb-ec62fa336c4a?index=0","white tram interior modern clean easy big windows cushioned seats"
"ewaa_g_long_irregular_seats_tape_seats_tape_long_shapes_tram__62e4d174-aa1c-417c-a4be-b3485a54430d_1.png","https://www.midjourney.com/jobs/62e4d174-aa1c-417c-a4be-b3485a54430d?index=1","long irregular seats, tape seats, tape, long shapes, tram, transport, imagine, future, modern, futuristic, smart"
"ewaa_g_futuristic_elegant_beige_tram_with_neons_and_large_win_639d799a-399b-4697-905c-87e6ba51fe5a_0.png","https://www.midjourney.com/jobs/639d799a-399b-4697-905c-87e6ba51fe5a?index=0","futuristic elegant beige tram with neons and large window"
"ewaa_g_tram_interesting_shapes_sunny_day_modern_tram_led_viol_7fcff659-0e79-4005-bbf5-7685d374699f_2.png","https://www.midjourney.com/jobs/7fcff659-0e79-4005-bbf5-7685d374699f?index=2","tram, interesting shapes, sunny day, modern tram, led violett, red, blue, space atmosphere, clean design, panoramic window, manoramic ceiling"
"ewaa_g_tram_metro_interior_future_modern_--v_6.0_55ff310d-95bd-48c4-b0ed-6a7cde36efc2_3.png","https://www.midjourney.com/jobs/55ff310d-95bd-48c4-b0ed-6a7cde36efc2?index=3","tram, metro, interior, future, modern"
"ewaa_g_train_interior_organic_tree_branches_form_and_lighting_04c95e0e-fe36-4c4f-86db-a24b7cf56efc_2.png","https://www.midjourney.com/jobs/04c95e0e-fe36-4c4f-86db-a24b7cf56efc?index=2","train interior organic tree branches form and lighting"
"ewaa_g_tram_interior_stained_glass_colorful_glass_monochrome__deac5163-fa77-411d-ac97-a1a2303ea5a5_0.png","https://www.midjourney.com/jobs/deac5163-fa77-411d-ac97-a1a2303ea5a5?index=0","tram, interior, stained glass, colorful glass, monochrome upholstery, modern"
"ewaa_g_tram_interior_modern_good_design_clean_1ccb8075-b2d2-4646-87de-0fbb32338ee1_3.png","https://www.midjourney.com/jobs/1ccb8075-b2d2-4646-87de-0fbb32338ee1?index=3","tram interior modern good design clean"
"ewaa_g_tram_interior_goth_minimalistic_black_7c1f752a-bbde-465f-985c-69b1d1efbd76_0.png","https://www.midjourney.com/jobs/7c1f752a-bbde-465f-985c-69b1d1efbd76?index=0","tram interior goth minimalistic black"
"ewaa_g_tram_light_modern_interior_led_organic_b52bca48-f1f3-4e85-af38-8f96599594b2_0.png","https://www.midjourney.com/jobs/b52bca48-f1f3-4e85-af38-8f96599594b2?index=0","tram light modern interior led organic"
"ewaa_g_tram_modern_retro_led_future_356b8567-4eb5-407d-aa3b-a0faba38b662_0.png","https://www.midjourney.com/jobs/356b8567-4eb5-407d-aa3b-a0faba38b662?index=0","tram, modern, retro, led, future"
"ewaa_g_tram_interior_modern_organic_lighting_2cf65f32-b827-4637-b8d2-d1db4c361b4f_1.png","https://www.midjourney.com/jobs/2cf65f32-b827-4637-b8d2-d1db4c361b4f?index=1","tram interior modern organic lighting"
"ewaa_g_train_interior_organic_tree_and_lighting_gaudi_inspire_f37ddea5-4e21-480a-b647-53adeef004ee_0.png","https://www.midjourney.com/jobs/f37ddea5-4e21-480a-b647-53adeef004ee?index=0","train interior organic tree and lighting gaudi inspired"
"ewaa_g_tram_interior_ergonomic_modern_future_eco_unusual_shap_936ec8fc-3c20-4b91-8853-251e99238a08_0.png","https://www.midjourney.com/jobs/936ec8fc-3c20-4b91-8853-251e99238a08?index=0","tram, interior, ergonomic, modern, future, eco, unusual shapes, biophilic, photorealistic, streamlined, luxurious, sustainable"
"ewaa_g_tram_window_exterior_modent_future_85f33f7f-19ec-47fe-823a-3a36b88deb3e_0.png","https://www.midjourney.com/jobs/85f33f7f-19ec-47fe-823a-3a36b88deb3e?index=0","tram, window, exterior, modent, future"
"ewaa_g_tram_metro_interior_future_modern_460d7a3a-50e8-4dec-96d2-6b74015d549c_1.png","https://www.midjourney.com/jobs/460d7a3a-50e8-4dec-96d2-6b74015d549c?index=1","tram, metro, interior, future, modern"
"ewaa_g_tram_window_exterior_modent_future_85f33f7f-19ec-47fe-823a-3a36b88deb3e_1.png","https://www.midjourney.com/jobs/85f33f7f-19ec-47fe-823a-3a36b88deb3e?index=1","tram, window, exterior, modent, future"
"ewaa_g_tram_design_futuristic_abstract_interior_84ba9b86-77fd-4d69-8471-545d158cba51_3.png","https://www.midjourney.com/jobs/84ba9b86-77fd-4d69-8471-545d158cba51?index=3","tram design futuristic abstract interior"
"ewaa_g_tram_futuristic_colorful_joy_young_people_led_sunshine_ce9387a5-eeb5-4dcd-b92a-aa7c5e7a333f_3.png","https://www.midjourney.com/jobs/ce9387a5-eeb5-4dcd-b92a-aa7c5e7a333f?index=3","tram, futuristic, colorful, joy, young, people, led, sunshine, widewindow"
"ewaa_g_tram_interior_pink_glass_5e578e03-d725-4105-aeb7-889c34d561c0_2.png","https://www.midjourney.com/jobs/5e578e03-d725-4105-aeb7-889c34d561c0?index=2","tram interior pink glass"
"ewaa_g_middle_of_the_tram_oval_shapes_metal_future_9b3d0ad3-ae5a-4705-b86f-eaf56fc22aca_0.png","https://www.midjourney.com/jobs/9b3d0ad3-ae5a-4705-b86f-eaf56fc22aca?index=0","middle of the tram, oval shapes, metal, future"
"ewaa_g_interior_tram_cozy_modern_minimalist_pop_of_colour_nic_2a4bbd92-55de-493d-8ec2-cf25d77cfcf4_1.png","https://www.midjourney.com/jobs/2a4bbd92-55de-493d-8ec2-cf25d77cfcf4?index=1","interior tram cozy modern minimalist pop of colour nice"
"ewaa_g_metro_interor_tram_future_modern_intelegent_futuristic_1abd8182-f247-4996-a2e9-12bce06fadd7_3.png","https://www.midjourney.com/jobs/1abd8182-f247-4996-a2e9-12bce06fadd7?index=3","metro, interor, tram, future, modern, intelegent, futuristic, light"
"ewaa_g_tram_exterior_smart_elegant_colorful_ergonomic_place_f_baa008a3-0af9-4791-afb2-16d81b47a17f_0.png","https://www.midjourney.com/jobs/baa008a3-0af9-4791-afb2-16d81b47a17f?index=0","tram, exterior, smart, elegant, colorful, ergonomic, place for bike"
"ewaa_g_tram_interior_design_with_light_modern_led_organic_34aa49dd-91b9-4b68-9a8f-dd6535968af2_0.png","https://www.midjourney.com/jobs/34aa49dd-91b9-4b68-9a8f-dd6535968af2?index=0","tram interior design with light modern led organic"
"ewaa_g_tram_space_oval_shapes_blue_pink_purple_future_metal_c_8b85d02f-181e-4cb8-a296-f99a079eb6d3_0.png","https://www.midjourney.com/jobs/8b85d02f-181e-4cb8-a296-f99a079eb6d3?index=0","tram, space, oval shapes, blue, pink, purple, future, metal, cosmos"
"ewaa_g_tram_interesting_shapes_night_city_with_lights_modern__baa938ea-fe2e-4d1a-9aff-bef11e953219_0.png","https://www.midjourney.com/jobs/baa938ea-fe2e-4d1a-9aff-bef11e953219?index=0","tram, interesting shapes, night city with lights, modern tram, led violett, red, blue, space atmosphere, clean design, panoramic window, manoramic ceiling"
"ewaa_g_tram_fast_future_streamlined_light_organic_structure_s_bf369719-203b-475d-a185-724ef7b69658_2.png","https://www.midjourney.com/jobs/bf369719-203b-475d-a185-724ef7b69658?index=2","tram, fast, future, streamlined, light, organic structure, seats"
"ewaa_g_tram_interior_modern_colourful_2a697ecf-1a18-4334-b7b6-b12543928cc3_3.png","https://www.midjourney.com/jobs/2a697ecf-1a18-4334-b7b6-b12543928cc3?index=3","tram, interior, modern, colourful,"
"ewaa_g_tram_interior_design_with_light_modern_led_organic_0bafc5d3-f462-42f9-988a-589322606b60_0.png","https://www.midjourney.com/jobs/0bafc5d3-f462-42f9-988a-589322606b60?index=0","tram interior design with light modern led organic"
"ewaa_g_tram_interior_ergonomic_modern_future_eco_unusual_shap_c1f5a4dc-c768-44af-985b-9c62dfc2b336_3.png","https://www.midjourney.com/jobs/c1f5a4dc-c768-44af-985b-9c62dfc2b336?index=3","tram, interior, ergonomic, modern, future, eco, unusual shapes, biophilic, photorealistic, streamlined, luxurious, sustainable"
"ewaa_g_futuristic_elegant_beige_tram_with_neons_and_large_win_35124cb0-df8e-41ee-b32f-c7c0a83f9269_3.png","https://www.midjourney.com/jobs/35124cb0-df8e-41ee-b32f-c7c0a83f9269?index=3","futuristic elegant beige tram with neons and large window"
"ewaa_g_middle_of_the_tram_oval_shapes_metal_future_neon_315cb194-b351-40f0-ae74-b486bfb6cf53_0.png","https://www.midjourney.com/jobs/315cb194-b351-40f0-ae74-b486bfb6cf53?index=0","middle of the tram, oval shapes, metal, future, neon"
"ewaa_g_tram_fast_future_streamlined_light_organic_structure_s_def1adbc-6663-48c1-b5ee-4a88005f4b05_2.png","https://www.midjourney.com/jobs/def1adbc-6663-48c1-b5ee-4a88005f4b05?index=2","tram, fast, future, streamlined, light, organic structure, seats"
"ewaa_g_tram_interior_stained_glass_colorful_glass_monochrome__228cd2ad-305f-4e81-b9a1-31bed5b69f7a_0.png","https://www.midjourney.com/jobs/228cd2ad-305f-4e81-b9a1-31bed5b69f7a?index=0","tram, interior, stained glass, colorful glass, monochrome upholstery, modern"
"ewaa_g_tram_interior_design_organic_shapes_ecology_e6df295d-e6ab-4820-8fb9-e4aae869bb05_0.png","https://www.midjourney.com/jobs/e6df295d-e6ab-4820-8fb9-e4aae869bb05?index=0","tram, interior design, organic shapes, ecology"
"ewaa_g_middle_of_the_tram_oval_shapes_a0908687-0f42-4dcd-8784-2a2083f97e0f_1.png","https://www.midjourney.com/jobs/a0908687-0f42-4dcd-8784-2a2083f97e0f?index=1","middle of the tram, oval shapes"
"ewaa_g_tram_window_exterior_modent_future_2f703b03-9e68-4f50-b2b0-48fd61b04caf_0.png","https://www.midjourney.com/jobs/2f703b03-9e68-4f50-b2b0-48fd61b04caf?index=0","tram, window, exterior, modent, future"
"ewaa_g_metro_train_interior_organic_branches_form_84c4cc13-3526-4dc3-a9bd-6026d30a4b44_1.png","https://www.midjourney.com/jobs/84c4cc13-3526-4dc3-a9bd-6026d30a4b44?index=1","metro train interior organic branches form"
"ewaa_g_tram_interior_glass_window_color_jacquemus_rectangle_c_af40b497-af61-4ddc-9915-caff5f03365d_1.png","https://www.midjourney.com/jobs/af40b497-af61-4ddc-9915-caff5f03365d?index=1","tram, interior, glass, window color, jacquemus, rectangle, circle, fashion"
"ewaa_g_futuristic_elegent_tram_with_beige_interior_and_large__836c82e5-f370-4bed-9169-be14cbd57fae_0.png","https://www.midjourney.com/jobs/836c82e5-f370-4bed-9169-be14cbd57fae?index=0","futuristic elegent tram with beige interior and large window"
"ewaa_g_metro_interor_tram_future_modern_intelegent_futuristic_abb1a861-fe30-4083-b04b-066823e3df12_2.png","https://www.midjourney.com/jobs/abb1a861-fe30-4083-b04b-066823e3df12?index=2","metro, interor, tram, future, modern, intelegent, futuristic, light"
"ewaa_g_middle_of_the_tram_oval_shapes_metal_future_66733f1a-de6f-47c0-9e77-642a16beae00_0.png","https://www.midjourney.com/jobs/66733f1a-de6f-47c0-9e77-642a16beae00?index=0","middle of the tram, oval shapes, metal, future"
"ewaa_g_tram_retro_interior_with_colorful_window_metal_blue_an_5295e323-1271-4c3b-ae26-f7f805b4edc5_0.png","https://www.midjourney.com/jobs/5295e323-1271-4c3b-ae26-f7f805b4edc5?index=0","tram retro interior with colorful window metal blue and red irregular seats irregular window"
"ewaa_g_interior_tram_cozy_modern_minimalist_pop_of_colour_nic_2a4bbd92-55de-493d-8ec2-cf25d77cfcf4_0.png","https://www.midjourney.com/jobs/2a4bbd92-55de-493d-8ec2-cf25d77cfcf4?index=0","interior tram cozy modern minimalist pop of colour nice"
"ewaa_g_middle_of_the_tram_oval_shapes_metal_future_066d558f-7df1-465c-9997-7da048d42c45_0.png","https://www.midjourney.com/jobs/066d558f-7df1-465c-9997-7da048d42c45?index=0","middle of the tram, oval shapes, metal, future"
"ewaa_g_interior_tram_stained_glass_colorful_glass_white_uphol_d4b2aad7-bba9-4bd9-84f6-08890e9c59e0_0.png","https://www.midjourney.com/jobs/d4b2aad7-bba9-4bd9-84f6-08890e9c59e0?index=0","interior, tram, stained glass, colorful glass, white upholstery, chrome handles, calm, aesthetics, geometrical, minimalistic"
"ewaa_g_tram_modern_tram_lighting_white_colour_clean_design_se_01d3995c-9546-4cec-b643-887ed157b501_0.png","https://www.midjourney.com/jobs/01d3995c-9546-4cec-b643-887ed157b501?index=0","tram, modern tram, lighting, white colour, clean design, seats, avaibility, place for bikes, place for dog, people in tram"
"ewaa_g_tram_interior_80s_style_modern_minimlaist_chrome_plast_a7e85ce8-2063-4501-9b75-d7317c36bb8c_2.png","https://www.midjourney.com/jobs/a7e85ce8-2063-4501-9b75-d7317c36bb8c?index=2","tram interior 80s style modern minimlaist chrome plastic metal white"
"ewaa_g_futuristic_elegent_tram_with_beige_interior_and_large__2ff386f2-0d1f-4853-925e-719acf020da0_2.png","https://www.midjourney.com/jobs/2ff386f2-0d1f-4853-925e-719acf020da0?index=2","futuristic elegent tram with beige interior and large window"
"ewaa_g_tram_design_futuristic_abstract_interior_d4f9eb5b-f288-4be6-9371-b93791242e93_0.png","https://www.midjourney.com/jobs/d4f9eb5b-f288-4be6-9371-b93791242e93?index=0","tram design futuristic abstract interior"
"ewaa_g_interior_tram_cozy_modern_minimalist_pop_of_colour_nic_cd05354f-49df-4ac9-ba32-abda30b0aa75_1.png","https://www.midjourney.com/jobs/cd05354f-49df-4ac9-ba32-abda30b0aa75?index=1","interior tram cozy modern minimalist pop of colour nice"
"ewaa_g_interior_tram_high_design_abstract_forms_geometrical_c_7ac4d6a3-218a-4287-9586-e716a5507ec1_0.png","https://www.midjourney.com/jobs/7ac4d6a3-218a-4287-9586-e716a5507ec1?index=0","interior, tram, high, design, abstract, forms, geometrical, chrome, elegant, silver, vibe, aesthetic"
"ewaa_g_metro_interor_tram_future_modern_intelegent_futuristic_1abd8182-f247-4996-a2e9-12bce06fadd7_0.png","https://www.midjourney.com/jobs/1abd8182-f247-4996-a2e9-12bce06fadd7?index=0","metro, interor, tram, future, modern, intelegent, futuristic, light"
"ewaa_g_uturistic_seats_long_tape_lights_led_waves_bus_tram_ca_56af2665-cd29-44e5-98d6-28a0fe2121f6_0.png","https://www.midjourney.com/jobs/56af2665-cd29-44e5-98d6-28a0fe2121f6?index=0","uturistic seats, long tape lights, led, waves, bus, tram, car"
"ewaa_g_tram_hygenic_beautiful_view_comfortable_led_light_mode_b262d663-2521-474d-b52d-f0db03ba861a_0.png","https://www.midjourney.com/jobs/b262d663-2521-474d-b52d-f0db03ba861a?index=0","tram, hygenic, beautiful view, comfortable, led light, modern, big windows"
"ewaa_g_tram_interior_glass_window_color_jacquemus_rectangle_c_97b7b7af-955c-44c6-9524-539fd02c30a4_0.png","https://www.midjourney.com/jobs/97b7b7af-955c-44c6-9524-539fd02c30a4?index=0","tram, interior, glass, window color, jacquemus, rectangle, circle, fashion"
"ewaa_g_tram_interior_coloured_glass_monochrome_upholstery_min_1518a9b1-c995-4664-894c-7396e8eeea2e_1.png","https://www.midjourney.com/jobs/1518a9b1-c995-4664-894c-7396e8eeea2e?index=1","tram, interior, coloured glass, monochrome upholstery, minimalistic, modern, calm, aesthetic"
"ewaa_g_middle_of_the_tram_oval_shapes_metal_future_neon_9eb80a08-39c1-47a8-bc47-50d1bdd03cab_2.png","https://www.midjourney.com/jobs/9eb80a08-39c1-47a8-bc47-50d1bdd03cab?index=2","middle of the tram, oval shapes, metal, future, neon"
"ewaa_g_tram_modern_soft_shapes_people_with_disability_1c03fe3c-7a77-443b-a785-c1d35c715435_1.png","https://www.midjourney.com/jobs/1c03fe3c-7a77-443b-a785-c1d35c715435?index=1","tram, modern, soft shapes, people with disability"
"ewaa_g_tram_light_modern_interior_led_organic_aeaf6b25-80aa-4359-b4df-840c2de45a24_3.png","https://www.midjourney.com/jobs/aeaf6b25-80aa-4359-b4df-840c2de45a24?index=3","tram light modern interior led organic"
"ewaa_g_middle_of_the_tram_oval_shapes_metal_future_neon_0af35947-4346-4aa1-a138-e4f34b955d27_0.png","https://www.midjourney.com/jobs/0af35947-4346-4aa1-a138-e4f34b955d27?index=0","middle of the tram, oval shapes, metal, future, neon"
"ewaa_g_futuristic_elegent_tram_with_beige_interior_and_large__15e26928-2dbb-4556-8e12-a54b7953a978_0.png","https://www.midjourney.com/jobs/15e26928-2dbb-4556-8e12-a54b7953a978?index=0","futuristic elegent tram with beige interior and large window"
"ewaa_g_tram_interior_glass_window_color_jacquemus_rectangle_c_a99fc877-1b2a-472d-a376-fc7c704def05_0.png","https://www.midjourney.com/jobs/a99fc877-1b2a-472d-a376-fc7c704def05?index=0","tram, interior, glass, window color, jacquemus, rectangle, circle, fashion"
"ewaa_g_tram_fast_future_streamlined_light_organic_structure_s_497a06df-7f8d-4373-a7c6-5f75dee21b04_1.png","https://www.midjourney.com/jobs/497a06df-7f8d-4373-a7c6-5f75dee21b04?index=1","tram, fast, future, streamlined, light, organic structure, seats"
"ewaa_g_tram_metro_interior_future_modern_ce90c241-2f62-43d0-820f-d41061008172_1.png","https://www.midjourney.com/jobs/ce90c241-2f62-43d0-820f-d41061008172?index=1","tram, metro, interior, future, modern"
"ewaa_g_tram_interior_coloured_glass_monochrome_upholstery_min_1518a9b1-c995-4664-894c-7396e8eeea2e_0.png","https://www.midjourney.com/jobs/1518a9b1-c995-4664-894c-7396e8eeea2e?index=0","tram, interior, coloured glass, monochrome upholstery, minimalistic, modern, calm, aesthetic"
"ewaa_g_tram_modern_tram_traditional_town_nice_view_interestin_ce9f5685-8ad0-435a-829f-6bc6ca204622_0.png","https://www.midjourney.com/jobs/ce9f5685-8ad0-435a-829f-6bc6ca204622?index=0","tram, modern tram, traditional town, nice view, interesting lighting, green colour, white colour, clean design, avaibility, seats, space for bicycles, space for luggage"
"ewaa_g_tram_metro_interior_future_modern_faa592c7-a71c-4eb0-8418-a1afae829aac_2.png","https://www.midjourney.com/jobs/faa592c7-a71c-4eb0-8418-a1afae829aac?index=2","tram, metro, interior, future, modern"
"ewaa_g_tram_interior_stained_glass_colorful_glass_monochrome__648b9dad-e9e8-4999-b2ac-8b9ebee05ddd_3.png","https://www.midjourney.com/jobs/648b9dad-e9e8-4999-b2ac-8b9ebee05ddd?index=3","tram, interior, stained glass, colorful glass, monochrome upholstery, modern"
"ewaa_g_tram_modern_tram_nice_view_interesting_lighting_white__cf666726-f37e-43fb-9e46-e42afb7dbadf_3.png","https://www.midjourney.com/jobs/cf666726-f37e-43fb-9e46-e42afb7dbadf?index=3","tram, modern tram, nice view, interesting lighting, white colour, clean design, place for seats, avaibility, luggage, dog"
"ewaa_g_tram_interior_design_with_light_modern_led_organic_lon_0ee0349c-caf6-4614-9979-052736b36fa9_3.png","https://www.midjourney.com/jobs/0ee0349c-caf6-4614-9979-052736b36fa9?index=3","tram interior design with light modern led organic long irregular seats, tape seats, tape, long shapes, tram, transport, imagine, future, modern, futuristic, smart"
"ewaa_g_tram_interior_modern_organic_lighting_2cf65f32-b827-4637-b8d2-d1db4c361b4f_2.png","https://www.midjourney.com/jobs/2cf65f32-b827-4637-b8d2-d1db4c361b4f?index=2","tram interior modern organic lighting"
"ewaa_g_interior_tram_abstract_modern_classy_geometrical_liqui_4faf97cc-d503-4838-a87f-45a5c6206317_2.png","https://www.midjourney.com/jobs/4faf97cc-d503-4838-a87f-45a5c6206317?index=2","interior, tram, abstract, modern, classy, geometrical, liquid, blue, elegant, aesthetic, vibe, fluffy"
"ewaa_g_tram_futuristic_colorful_joy_young_people_led_sunshine_ce9387a5-eeb5-4dcd-b92a-aa7c5e7a333f_0.png","https://www.midjourney.com/jobs/ce9387a5-eeb5-4dcd-b92a-aa7c5e7a333f?index=0","tram, futuristic, colorful, joy, young, people, led, sunshine, widewindow"
"ewaa_g_tram_modern_minimalistic_window_space_metal_natral_lig_31d97a3a-3743-4ca8-9333-77cbd5591b73_2.png","https://www.midjourney.com/jobs/31d97a3a-3743-4ca8-9333-77cbd5591b73?index=2","tram modern minimalistic window space metal natral light comfortable seats"
"ewaa_g_middle_of_the_tram_oval_shapes_a0908687-0f42-4dcd-8784-2a2083f97e0f_0.png","https://www.midjourney.com/jobs/a0908687-0f42-4dcd-8784-2a2083f97e0f?index=0","middle of the tram, oval shapes"
"ewaa_g_interior_tram_abstract_modern_classy_geometrical_liqui_2cd3eead-df88-4f6e-a97e-305834c126df_0.png","https://www.midjourney.com/jobs/2cd3eead-df88-4f6e-a97e-305834c126df?index=0","interior, tram, abstract, modern, classy, geometrical, liquid, blue, elegant, aesthetic, vibe, fluffy"
"ewaa_g_tram_modern_tram_traditional_town_nice_view_interestin_c8726454-46c8-4405-b6c8-1b1527ef2bc4_0.png","https://www.midjourney.com/jobs/c8726454-46c8-4405-b6c8-1b1527ef2bc4?index=0","tram, modern tram, traditional town, nice view, interesting lighting, green colour, white colour, clean design, avaibility, seats, space for bicycles, space for luggage"
"ewaa_g_tram_fast_future_streamlined_light_organic_structure_s_497a06df-7f8d-4373-a7c6-5f75dee21b04_3.png","https://www.midjourney.com/jobs/497a06df-7f8d-4373-a7c6-5f75dee21b04?index=3","tram, fast, future, streamlined, light, organic structure, seats"
"ewaa_g_tram_modern_tram_traditional_town_nice_view_interestin_e13e2bf8-ab09-49c0-a527-f5115dcca6fa_0.png","https://www.midjourney.com/jobs/e13e2bf8-ab09-49c0-a527-f5115dcca6fa?index=0","tram, modern tram, traditional town, nice view, interesting lighting, green colour, white colour, clean design, avaibility, seats, space for bicycles, space for luggage"
"ewaa_g_tram_interior_stained_glass_colorful_glass_monochrome__69c63d4a-4a94-41a9-80dc-9017088df4e6_2.png","https://www.midjourney.com/jobs/69c63d4a-4a94-41a9-80dc-9017088df4e6?index=2","tram, interior, stained glass, colorful glass, monochrome upholstery, modern"
"ewaa_g_tram_interior_80s_style_modern_minimlaist_chrome_plast_a7e85ce8-2063-4501-9b75-d7317c36bb8c_1.png","https://www.midjourney.com/jobs/a7e85ce8-2063-4501-9b75-d7317c36bb8c?index=1","tram interior 80s style modern minimlaist chrome plastic metal white"
"ewaa_g_tram_spacious_modern_technology_innovative_aesthetic_f_774c4d02-29f2-41e6-8ea3-61196f819424_2.png","https://www.midjourney.com/jobs/774c4d02-29f2-41e6-8ea3-61196f819424?index=2","tram, spacious, modern technology, innovative, aesthetic, futuristic, interior, exterior, smart, elegant"
"ewaa_g_tram_spacious_modern_technology_innovative_aesthetic_f_69c2c9e9-b60e-4fa8-a6a7-6458926315b2_3.png","https://www.midjourney.com/jobs/69c2c9e9-b60e-4fa8-a6a7-6458926315b2?index=3","tram, spacious, modern technology, innovative, aesthetic, futuristic, interior, exterior, smart, elegant"
"ewaa_g_tram_interior_coloured_glass_windows_minimalist_seats__9dc36417-fc1c-4ff7-b9e6-339d53922be4_0.png","https://www.midjourney.com/jobs/9dc36417-fc1c-4ff7-b9e6-339d53922be4?index=0","tram interior coloured glass windows minimalist seats white colour aesthetic"
"ewaa_g_classic_metro_design_train_old_2174b04d-62be-485d-8791-f6f66d9916ee_1.png","https://www.midjourney.com/jobs/2174b04d-62be-485d-8791-f6f66d9916ee?index=1","classic metro design train old"
"ewaa_g_tram_interior_design_with_light_modern_led_organic_lon_eae19f5e-dd84-46cf-9205-56f96faca413_0.png","https://www.midjourney.com/jobs/eae19f5e-dd84-46cf-9205-56f96faca413?index=0","tram interior design with light modern led organic long irregular seats, tape seats, tape, long shapes, tram, transport, imagine, future, modern, futuristic, smart"
"ewaa_g_middle_of_the_tram_oval_shapes_metal_future_neon_ef5c136b-a73f-41dd-a2b1-3c6c4c36b1a7_0.png","https://www.midjourney.com/jobs/ef5c136b-a73f-41dd-a2b1-3c6c4c36b1a7?index=0","middle of the tram, oval shapes, metal, future, neon"
"ewaa_g_tram_interior_ergonomic_modern_future_eco_unusual_shap_76649906-acc0-4f25-a77c-58d607d0b27c_3.png","https://www.midjourney.com/jobs/76649906-acc0-4f25-a77c-58d607d0b27c?index=3","tram, interior, ergonomic, modern, future, eco, unusual shapes, biophilic, photorealistic, streamlined, luxurious, sustainable"
"ewaa_g_tram_metro_interior_modern_comfortable_white_led_irreg_ba5bc14e-9e50-4168-93d2-890c086fbc82_0.png","https://www.midjourney.com/jobs/ba5bc14e-9e50-4168-93d2-890c086fbc82?index=0","tram metro interior modern comfortable white led irregular seats organic shapes"
"ewaa_g_tram_metro_interior_future_modern_553740e6-6c06-4bdb-bbf2-65181251140b_2.png","https://www.midjourney.com/jobs/553740e6-6c06-4bdb-bbf2-65181251140b?index=2","tram, metro, interior, future, modern"
"ewaa_g_tram_exterior_smart_elegant_colorful_ergonomic_place_f_17ed5b15-5ad8-4135-a222-7f086c00f89b_0.png","https://www.midjourney.com/jobs/17ed5b15-5ad8-4135-a222-7f086c00f89b?index=0","tram, exterior, smart, elegant, colorful, ergonomic, place for bike"
"ewaa_g_tram_metro_interior_future_modern_--v_6.0_55ff310d-95bd-48c4-b0ed-6a7cde36efc2_1.png","https://www.midjourney.com/jobs/55ff310d-95bd-48c4-b0ed-6a7cde36efc2?index=1","tram, metro, interior, future, modern"
"ewaa_g_tram_fast_future_streamlined_light_organic_structure_s_2eaa4ddb-caef-49ef-8210-83942a1ff932_2.png","https://www.midjourney.com/jobs/2eaa4ddb-caef-49ef-8210-83942a1ff932?index=2","tram, fast, future, streamlined, light, organic structure, seats"
"ewaa_g_tram_modern_tram_nice_view_interesting_lighting_white__697c9259-0caf-44cb-99e2-4356b93075f7_0.png","https://www.midjourney.com/jobs/697c9259-0caf-44cb-99e2-4356b93075f7?index=0","tram, modern tram, nice view, interesting lighting, white colour, clean design, place for seats, avaibility, luggage, dog"
"ewaa_g_tram_bike_place_interior_design_4e9b93fa-db25-421e-926b-535b2d4b616d_0.png","https://www.midjourney.com/jobs/4e9b93fa-db25-421e-926b-535b2d4b616d?index=0","tram, bike place, interior design,"
"ewaa_g_futuristic_elegant_beige_tram_with_neons_and_large_win_a12a7456-ef18-46b1-b0ba-8cd3fe53663f_1.png","https://www.midjourney.com/jobs/a12a7456-ef18-46b1-b0ba-8cd3fe53663f?index=1","futuristic elegant beige tram with neons and large window on top"
"ewaa_g_tram_modern_tram_traditional_town_nice_view_interestin_27853ae3-5046-4ff5-bdec-ea1503988041_0.png","https://www.midjourney.com/jobs/27853ae3-5046-4ff5-bdec-ea1503988041?index=0","tram, modern tram, traditional town, nice view, interesting lighting, green colour, white colour, clean design, avaibility, seats, space for bicycles, space for luggage"
"ewaa_g_tram_interior_80s_style_modern_minimlaist_chrome_plast_fee0311d-771a-4f7d-80fd-5f26ce650a27_1.png","https://www.midjourney.com/jobs/fee0311d-771a-4f7d-80fd-5f26ce650a27?index=1","tram interior 80s style modern minimlaist chrome plastic metal white"
"ewaa_g_tram_metro_interior_future_modern_a9a53c58-e413-48a7-840f-656f5f6b169d_1.png","https://www.midjourney.com/jobs/a9a53c58-e413-48a7-840f-656f5f6b169d?index=1","tram, metro, interior, future, modern"
"ewaa_g_futuristic_elegent_tram_with_beige_interior_and_large__9b7c03eb-0cbc-4c4b-9f90-b5767ee99c43_2.png","https://www.midjourney.com/jobs/9b7c03eb-0cbc-4c4b-9f90-b5767ee99c43?index=2","futuristic elegent tram with beige interior and large window"
"ewaa_g_futuristic_elegent_tram_with_beige_interior_and_large__9b7c03eb-0cbc-4c4b-9f90-b5767ee99c43_3.png","https://www.midjourney.com/jobs/9b7c03eb-0cbc-4c4b-9f90-b5767ee99c43?index=3","futuristic elegent tram with beige interior and large window"
"ewaa_g_tram_interior_design_with_light_modern_led_organic_3a2b078f-0868-4986-8646-34e3ccdba42b_0.png","https://www.midjourney.com/jobs/3a2b078f-0868-4986-8646-34e3ccdba42b?index=0","tram interior design with light modern led organic"
"ewaa_g_tram_interior_glass_window_color_jacquemus_rectangle_c_204d1e1c-3bea-4431-ad82-ebb29bc4dfa7_0.png","https://www.midjourney.com/jobs/204d1e1c-3bea-4431-ad82-ebb29bc4dfa7?index=0","tram, interior, glass, window color, jacquemus, rectangle, circle, fashion"
"ewaa_g_tram_elegant_neon_beige_7c0579cd-80cd-44e4-b407-c239d7d81fd9_1.png","https://www.midjourney.com/jobs/7c0579cd-80cd-44e4-b407-c239d7d81fd9?index=1","tram, elegant, neon, beige"
"ewaa_g_tram_interior_stained_glass_colorful_glass_monochrome__648b9dad-e9e8-4999-b2ac-8b9ebee05ddd_1.png","https://www.midjourney.com/jobs/648b9dad-e9e8-4999-b2ac-8b9ebee05ddd?index=1","tram, interior, stained glass, colorful glass, monochrome upholstery, modern"
"ewaa_g_tram_interesting_shapes_night_city_with_lights_modern__e648e6cf-ce41-4e86-9c5f-1f409ec3541d_3.png","https://www.midjourney.com/jobs/e648e6cf-ce41-4e86-9c5f-1f409ec3541d?index=3","tram, interesting shapes, night city with lights, modern tram, led violett, red, blue, space atmosphere, clean design, panoramic window, manoramic ceiling"
"ewaa_g_tram_interior_ergonomic_modern_future_eco_unusual_shap_b8771839-ecbc-49ad-8cce-64ecb3a2617e_2.png","https://www.midjourney.com/jobs/b8771839-ecbc-49ad-8cce-64ecb3a2617e?index=2","tram, interior, ergonomic, modern, future, eco, unusual shapes, biophilic, photorealistic, streamlined, luxurious, sustainable"
"ewaa_g_tram_interior_glass_window_color_jacquemus_rectangle_c_a9ea67e2-c530-4da5-8534-9ce0602a5a49_1.png","https://www.midjourney.com/jobs/a9ea67e2-c530-4da5-8534-9ce0602a5a49?index=1","tram, interior, glass, window color, jacquemus, rectangle, circle, fashion"
"ewaa_g_tram_comfort_cosmos_oval_shapes_e201cd5c-23a5-4d79-a3e4-d928194e3b48_1.png","https://www.midjourney.com/jobs/e201cd5c-23a5-4d79-a3e4-d928194e3b48?index=1","tram, comfort, cosmos, oval shapes"
"ewaa_g_tram_interior_design_organic_shapes_ecology_e6df295d-e6ab-4820-8fb9-e4aae869bb05_2.png","https://www.midjourney.com/jobs/e6df295d-e6ab-4820-8fb9-e4aae869bb05?index=2","tram, interior design, organic shapes, ecology"
"ewaa_g_tram_interior_minimalist_modern_light_white_led_clean__a09583ee-92de-41ff-b662-7697ed34e207_0.png","https://www.midjourney.com/jobs/a09583ee-92de-41ff-b662-7697ed34e207?index=0","tram interior minimalist modern light white led clean aesthetic"
"ewaa_g_interior_tram_cozy_modern_minimalist_pop_of_colour_nic_2a4bbd92-55de-493d-8ec2-cf25d77cfcf4_2.png","https://www.midjourney.com/jobs/2a4bbd92-55de-493d-8ec2-cf25d77cfcf4?index=2","interior tram cozy modern minimalist pop of colour nice"
"ewaa_g_tram_interior_modern_good_design_clean_1ccb8075-b2d2-4646-87de-0fbb32338ee1_0.png","https://www.midjourney.com/jobs/1ccb8075-b2d2-4646-87de-0fbb32338ee1?index=0","tram interior modern good design clean"
"ewaa_g_futuristic_elegant_beige_tram_with_neons_and_large_win_a12a7456-ef18-46b1-b0ba-8cd3fe53663f_3.png","https://www.midjourney.com/jobs/a12a7456-ef18-46b1-b0ba-8cd3fe53663f?index=3","futuristic elegant beige tram with neons and large window on top"
"ewaa_g_futuristic_elegant_beige_tram_with_neons_and_large_win_6f803161-dc0d-48ae-8df9-aecd4882e361_2.png","https://www.midjourney.com/jobs/6f803161-dc0d-48ae-8df9-aecd4882e361?index=2","futuristic elegant beige tram with neons and large window"
"ewaa_g_tram_interior_design_with_light_modern_led_organic_lon_f351f045-b76f-4a6f-99fd-9626c8a95cef_2.png","https://www.midjourney.com/jobs/f351f045-b76f-4a6f-99fd-9626c8a95cef?index=2","tram interior design with light modern led organic long irregular seats, tape seats, tape, long shapes, tram, transport, imagine, future, modern, futuristic, smart"
"ewaa_g_tram_interesting_shapes_night_city_with_lights_modern__f1036ff3-8437-41a0-8956-fc51a532e231_2.png","https://www.midjourney.com/jobs/f1036ff3-8437-41a0-8956-fc51a532e231?index=2","tram, interesting shapes, night city with lights, modern tram, led violett, red, blue, space atmosphere, clean design, panoramic window, manoramic ceiling"
"ewaa_g_train_interior_organic_tree_branches_and_roots_form_5594f3ac-9845-4b43-b13b-fb6b25cb483d_0.png","https://www.midjourney.com/jobs/5594f3ac-9845-4b43-b13b-fb6b25cb483d?index=0","train interior organic tree branches and roots form"
"ewaa_g_futuristic_elegent_tram_with_beige_interior_and_large__836c82e5-f370-4bed-9169-be14cbd57fae_2.png","https://www.midjourney.com/jobs/836c82e5-f370-4bed-9169-be14cbd57fae?index=2","futuristic elegent tram with beige interior and large window"
"ewaa_g_metro_train_interior_organic_branches_form_1fe69908-5f82-4574-81e2-4747a82e2ad1_2.png","https://www.midjourney.com/jobs/1fe69908-5f82-4574-81e2-4747a82e2ad1?index=2","metro train interior organic branches form"
"ewaa_g_tram_modern_retro_led_future_c18d4f11-3610-4a9e-9f37-8d1939fd5061_1.png","https://www.midjourney.com/jobs/c18d4f11-3610-4a9e-9f37-8d1939fd5061?index=1","tram, modern, retro, led, future"
"ewaa_g_metro_form_of_window_future_tram_daa11dd4-ad24-40da-b61a-bd8f732063de_0.png","https://www.midjourney.com/jobs/daa11dd4-ad24-40da-b61a-bd8f732063de?index=0","metro, form of window, future, tram,"
"ewaa_g_interior_tram_stained_glass_colorful_glass_white_uphol_363e75ed-a8e3-4a1c-8538-4dc5707f0394_0.png","https://www.midjourney.com/jobs/363e75ed-a8e3-4a1c-8538-4dc5707f0394?index=0","interior, tram, stained glass, colorful glass, white upholstery, chrome handles, calm, aesthetics, geometrical, minimalistic"
"ewaa_g_tram_ergoomic_interior_spacious_comfortable_with_wood__e8bef7f7-9619-46a3-91b2-3169e65188ef_3.png","https://www.midjourney.com/jobs/e8bef7f7-9619-46a3-91b2-3169e65188ef?index=3","tram, ergoomic, interior, spacious, comfortable, with wood, aesthetic, cozy, environmentlly friendly"
"ewaa_g_tram_metro_interior_modern_comfortable_white_led_irreg_ba5bc14e-9e50-4168-93d2-890c086fbc82_3.png","https://www.midjourney.com/jobs/ba5bc14e-9e50-4168-93d2-890c086fbc82?index=3","tram metro interior modern comfortable white led irregular seats organic shapes"
"ewaa_g_tram_fast_future_streamlined_light_organic_structure_s_c9502f7e-b655-4e8b-8209-2048d7ed09de_2.png","https://www.midjourney.com/jobs/c9502f7e-b655-4e8b-8209-2048d7ed09de?index=2","tram, fast, future, streamlined, light, organic structure, seats"
"ewaa_g_tram_interior_design_with_light_modern_led_organic_62599436-8651-4249-af61-9348276f0f3d_0.png","https://www.midjourney.com/jobs/62599436-8651-4249-af61-9348276f0f3d?index=0","tram interior design with light modern led organic"
"ewaa_g_tram_interior_80s_style_modern_minimlaist_chrome_plast_f86c52a5-54b9-4ae9-8609-ed0463fae815_0.png","https://www.midjourney.com/jobs/f86c52a5-54b9-4ae9-8609-ed0463fae815?index=0","tram interior 80s style modern minimlaist chrome plastic metal white"
"ewaa_g_tram_interior_design_with_light_modern_led_organic_lon_0ee0349c-caf6-4614-9979-052736b36fa9_0.png","https://www.midjourney.com/jobs/0ee0349c-caf6-4614-9979-052736b36fa9?index=0","tram interior design with light modern led organic long irregular seats, tape seats, tape, long shapes, tram, transport, imagine, future, modern, futuristic, smart"
"ewaa_g_tram_space_oval_shapes_blue_pink_purple_future_metal_c_f734895b-2936-4e16-8a08-caac77c008ea_0.png","https://www.midjourney.com/jobs/f734895b-2936-4e16-8a08-caac77c008ea?index=0","tram, space, oval shapes, blue, pink, purple, future, metal, cosmos"
"ewaa_g_tram_space_oval_shapes_blue_pink_purple_future_metal_c_f734895b-2936-4e16-8a08-caac77c008ea_2.png","https://www.midjourney.com/jobs/f734895b-2936-4e16-8a08-caac77c008ea?index=2","tram, space, oval shapes, blue, pink, purple, future, metal, cosmos"
"ewaa_g_uturistic_elegant_beige_tram_interior_with_neons_and_l_e2d12926-38a3-468e-b8ab-cd12eb2f0857_1.png","https://www.midjourney.com/jobs/e2d12926-38a3-468e-b8ab-cd12eb2f0857?index=1","uturistic elegant beige tram interior with neons and large round window"
"ewaa_g_tram_metro_interior_future_modern_553740e6-6c06-4bdb-bbf2-65181251140b_0.png","https://www.midjourney.com/jobs/553740e6-6c06-4bdb-bbf2-65181251140b?index=0","tram, metro, interior, future, modern"
"ewaa_g_tram_high_design_abstract_forms_geometrical_chrome_ele_8383823c-f474-49b5-b120-564a5bea391f_0.png","https://www.midjourney.com/jobs/8383823c-f474-49b5-b120-564a5bea391f?index=0","tram, high, design, abstract, forms, geometrical, chrome, elegant, vibe"
"ewaa_g_tram_light_modern_interior_led_organic_dac76932-a290-4b6f-984f-f9651689ab08_3.png","https://www.midjourney.com/jobs/dac76932-a290-4b6f-984f-f9651689ab08?index=3","tram light modern interior led organic"
"ewaa_g_futuristic_elegant_beige_tram_with_neons_and_large_win_a12a7456-ef18-46b1-b0ba-8cd3fe53663f_2.png","https://www.midjourney.com/jobs/a12a7456-ef18-46b1-b0ba-8cd3fe53663f?index=2","futuristic elegant beige tram with neons and large window on top"
"ewaa_g_interior_tram_high_design_abstract_forms_geometrical_c_892fd949-e2fe-4714-a8c4-6e07f100c368_1.png","https://www.midjourney.com/jobs/892fd949-e2fe-4714-a8c4-6e07f100c368?index=1","interior, tram, high, design, abstract, forms, geometrical, chrome, elegant, silver, vibe, aesthetic"
"ewaa_g_window_form_furure_modern_a51b95b0-4c74-485b-ae03-519759c6f55d_0.png","https://www.midjourney.com/jobs/a51b95b0-4c74-485b-ae03-519759c6f55d?index=0","window, form, furure, modern"
"ewaa_g_train_interior_organic_tree_and_lighting_gaudi_inspire_1e4ea07e-6815-4eb5-8c45-c46060bb95f7_0.png","https://www.midjourney.com/jobs/1e4ea07e-6815-4eb5-8c45-c46060bb95f7?index=0","train interior organic tree and lighting gaudi inspired"
"ewaa_g_futuristic_elegent_tram_with_beige_interior_and_large__f34e1533-864f-4d3e-9cee-164d14040d21_0.png","https://www.midjourney.com/jobs/f34e1533-864f-4d3e-9cee-164d14040d21?index=0","futuristic elegent tram with beige interior and large window"
"ewaa_g_tram_organic_shapes_nature_modern_155f2809-be72-433c-990a-0d01b51db49a_2.png","https://www.midjourney.com/jobs/155f2809-be72-433c-990a-0d01b51db49a?index=2","tram, organic shapes, nature, modern"
"ewaa_g_tram_interesting_shapes_sunny_day_modern_tram_led_viol_bf5160df-eaac-432c-b45c-f8088a225d58_1.png","https://www.midjourney.com/jobs/bf5160df-eaac-432c-b45c-f8088a225d58?index=1","tram, interesting shapes, sunny day, modern tram, led violett, red, blue, space atmosphere, clean design, panoramic window, manoramic ceiling"
"ewaa_g_tram_fast_future_streamlined_light_organic_structure_s_54f39fb9-0a1d-4310-8cd5-fbbec63327ad_0.png","https://www.midjourney.com/jobs/54f39fb9-0a1d-4310-8cd5-fbbec63327ad?index=0","tram, fast, future, streamlined, light, organic structure, seats"
"ewaa_g_tram_space_oval_shapes_blue_pink_purple_future_metal_c_33d61a65-cb22-4e19-80dc-427bd860a322_0.png","https://www.midjourney.com/jobs/33d61a65-cb22-4e19-80dc-427bd860a322?index=0","tram, space, oval shapes, blue, pink, purple, future, metal, cosmos"
"ewaa_g_tram_interior_stained_glass_colorful_glass_monochrome__69c63d4a-4a94-41a9-80dc-9017088df4e6_1.png","https://www.midjourney.com/jobs/69c63d4a-4a94-41a9-80dc-9017088df4e6?index=1","tram, interior, stained glass, colorful glass, monochrome upholstery, modern"
"ewaa_g_tram_interior_coloured_glass_windows_minimalist_seats__b04eafa7-4d83-4ce8-bf27-6ba47293c7b7_2.png","https://www.midjourney.com/jobs/b04eafa7-4d83-4ce8-bf27-6ba47293c7b7?index=2","tram interior coloured glass windows minimalist seats white colour aesthetic"
"ewaa_g_tram_interior_stained_glass_colorful_glass_monochrome__0842d132-5d1b-4c3b-b886-61630298c66f_1.png","https://www.midjourney.com/jobs/0842d132-5d1b-4c3b-b886-61630298c66f?index=1","tram, interior, stained glass, colorful glass, monochrome upholstery, modern"
"ewaa_g_tram_led_comfortable_seats_high_end_modern_e6fd471d-a190-41e2-bd31-40d310cf5996_2.png","https://www.midjourney.com/jobs/e6fd471d-a190-41e2-bd31-40d310cf5996?index=2","tram, led, comfortable seats, high end, modern"
"ewaa_g_interior_tram_stained_glass_colorful_glass_white_uphol_89f076ac-3ca7-44ce-af07-c1c473fdc174_0.png","https://www.midjourney.com/jobs/89f076ac-3ca7-44ce-af07-c1c473fdc174?index=0","interior, tram, stained glass, colorful glass, white upholstery, chrome handles, calm, aesthetics, geometrical, minimalistic"
"ewaa_g_interior_tram_high_design_abstract_forms_geometrical_c_892fd949-e2fe-4714-a8c4-6e07f100c368_2.png","https://www.midjourney.com/jobs/892fd949-e2fe-4714-a8c4-6e07f100c368?index=2","interior, tram, high, design, abstract, forms, geometrical, chrome, elegant, silver, vibe, aesthetic"
"ewaa_g_tram_light_modern_interior_led_organic_7a7a998c-157d-47ca-a033-a86df0aedbb6_1.png","https://www.midjourney.com/jobs/7a7a998c-157d-47ca-a033-a86df0aedbb6?index=1","tram light modern interior led organic"
"ewaa_g_long_irregular_seats_tape_seats_tape_long_shapes_tram__4bb31f9b-b9c2-4f95-a2a2-4cc4a3e2df23_1.png","https://www.midjourney.com/jobs/4bb31f9b-b9c2-4f95-a2a2-4cc4a3e2df23?index=1","long irregular seats, tape seats, tape, long shapes, tram, transport, imagine, future, modern, futuristic, smart"
"ewaa_g_classic_metro_design_train_old_2174b04d-62be-485d-8791-f6f66d9916ee_3.png","https://www.midjourney.com/jobs/2174b04d-62be-485d-8791-f6f66d9916ee?index=3","classic metro design train old"
"ewaa_g_tram_interior_glass_window_color_jacquemus_rectangle_c_7d160f24-e6c8-4e14-8ded-74e61f39919e_0.png","https://www.midjourney.com/jobs/7d160f24-e6c8-4e14-8ded-74e61f39919e?index=0","tram, interior, glass, window color, jacquemus, rectangle, circle, fashion"
"ewaa_g_metro_form_of_window_future_tram_daa11dd4-ad24-40da-b61a-bd8f732063de_1.png","https://www.midjourney.com/jobs/daa11dd4-ad24-40da-b61a-bd8f732063de?index=1","metro, form of window, future, tram,"
"ewaa_g_tram_interior_design_organic_shapes_ecology_ad356144-eecb-432c-842b-5ec21e6e5d66_1.png","https://www.midjourney.com/jobs/ad356144-eecb-432c-842b-5ec21e6e5d66?index=1","tram, interior design, organic shapes, ecology"
"ewaa_g_tram_interior_light_usefull_modern_japan_13a1f8dd-1dce-4990-bb98-973c64632d49_3.png","https://www.midjourney.com/jobs/13a1f8dd-1dce-4990-bb98-973c64632d49?index=3","tram, interior, light, usefull, modern, japan"
"ewaa_g_tram_modern_minimalistic_window_space_metal_natral_lig_2440574d-d590-49ea-851d-d19a67474ac2_3.png","https://www.midjourney.com/jobs/2440574d-d590-49ea-851d-d19a67474ac2?index=3","tram modern minimalistic window space metal natral light comfortable seats"
"ewaa_g_tram_exterior_smart_elegant_colorful_ergonomic_place_f_baa008a3-0af9-4791-afb2-16d81b47a17f_2.png","https://www.midjourney.com/jobs/baa008a3-0af9-4791-afb2-16d81b47a17f?index=2","tram, exterior, smart, elegant, colorful, ergonomic, place for bike"
"ewaa_g_metro_interor_tram_future_modern_intelegent_futuristic_abb1a861-fe30-4083-b04b-066823e3df12_3.png","https://www.midjourney.com/jobs/abb1a861-fe30-4083-b04b-066823e3df12?index=3","metro, interor, tram, future, modern, intelegent, futuristic, light"
"ewaa_g_tram_led_comfortable_seats_high_end_modern_e6fd471d-a190-41e2-bd31-40d310cf5996_3.png","https://www.midjourney.com/jobs/e6fd471d-a190-41e2-bd31-40d310cf5996?index=3","tram, led, comfortable seats, high end, modern"
"ewaa_g_tram_led_comfortable_seats_high_end_modern_45390612-9d92-4045-9fb3-2d78505fe36e_3.png","https://www.midjourney.com/jobs/45390612-9d92-4045-9fb3-2d78505fe36e?index=3","tram, led, comfortable seats, high end, modern"
"ewaa_g_tram_window_exterior_modent_future_55c9b508-7d28-406c-8a4a-a3648aaf157a_1.png","https://www.midjourney.com/jobs/55c9b508-7d28-406c-8a4a-a3648aaf157a?index=1","tram, window, exterior, modent, future"
"ewaa_g_tram_interior_ergonomic_modern_future_eco_unusual_shap_76649906-acc0-4f25-a77c-58d607d0b27c_2.png","https://www.midjourney.com/jobs/76649906-acc0-4f25-a77c-58d607d0b27c?index=2","tram, interior, ergonomic, modern, future, eco, unusual shapes, biophilic, photorealistic, streamlined, luxurious, sustainable"
"ewaa_g_futuristic_elegant_beige_tram_with_neons_and_large_win_35539544-7861-4209-8f26-a0297e9f62f6_1.png","https://www.midjourney.com/jobs/35539544-7861-4209-8f26-a0297e9f62f6?index=1","futuristic elegant beige tram with neons and large window"
"ewaa_g_tram_interior_stained_glass_colorful_glass_monochrome__4bb0cf81-6d41-4538-bbed-3608d626a8cd_2.png","https://www.midjourney.com/jobs/4bb0cf81-6d41-4538-bbed-3608d626a8cd?index=2","tram, interior, stained glass, colorful glass, monochrome upholstery, modern"
"ewaa_g_tram_interior_pink_glass_5e578e03-d725-4105-aeb7-889c34d561c0_0.png","https://www.midjourney.com/jobs/5e578e03-d725-4105-aeb7-889c34d561c0?index=0","tram interior pink glass"
"ewaa_g_tram_metro_interior_future_modern_ce90c241-2f62-43d0-820f-d41061008172_2.png","https://www.midjourney.com/jobs/ce90c241-2f62-43d0-820f-d41061008172?index=2","tram, metro, interior, future, modern"
"ewaa_g_tram_modern_tram_traditional_town_nice_view_interestin_b47db531-c163-4e35-9dfc-06d75fe461d0_0.png","https://www.midjourney.com/jobs/b47db531-c163-4e35-9dfc-06d75fe461d0?index=0","tram, modern tram, traditional town, nice view, interesting lighting, green colour, white colour, clean design, avaibility, seats, space for bicycles, space for luggage"
"ewaa_g_tram_metro_interior_future_modern_553740e6-6c06-4bdb-bbf2-65181251140b_3.png","https://www.midjourney.com/jobs/553740e6-6c06-4bdb-bbf2-65181251140b?index=3","tram, metro, interior, future, modern"
"ewaa_g_tram_interior_glass_window_color_jacquemus_rectangle_c_af40b497-af61-4ddc-9915-caff5f03365d_0.png","https://www.midjourney.com/jobs/af40b497-af61-4ddc-9915-caff5f03365d?index=0","tram, interior, glass, window color, jacquemus, rectangle, circle, fashion"
"ewaa_g_middle_of_the_tram_oval_shapes_metal_future_0e51f611-f854-445d-90ff-116499fbd651_3.png","https://www.midjourney.com/jobs/0e51f611-f854-445d-90ff-116499fbd651?index=3","middle of the tram, oval shapes, metal, future"
"ewaa_g_tram_interior_cozy_white_pop_of_colour_lights_ee5f6e0f-be47-4290-b954-847d86894568_2.png","https://www.midjourney.com/jobs/ee5f6e0f-be47-4290-b954-847d86894568?index=2","tram interior cozy white pop of colour lights"
"ewaa_g_tram_exterior_smart_elegant_colorful_ergonomic_place_f_0a21874a-43ef-4f6a-82a2-98ec5c6754f5_0.png","https://www.midjourney.com/jobs/0a21874a-43ef-4f6a-82a2-98ec5c6754f5?index=0","tram, exterior, smart, elegant, colorful, ergonomic, place for bike"
"ewaa_g_tram_modern_classic_natural_light_retro_organic_shape__ecef7e67-fc90-4b8c-8132-42e9260fc675_2.png","https://www.midjourney.com/jobs/ecef7e67-fc90-4b8c-8132-42e9260fc675?index=2","tram modern classic natural light retro organic shape marble metal glass"
"ewaa_g_tram_interior_stained_glass_colorful_glass_monochrome__69c63d4a-4a94-41a9-80dc-9017088df4e6_0.png","https://www.midjourney.com/jobs/69c63d4a-4a94-41a9-80dc-9017088df4e6?index=0","tram, interior, stained glass, colorful glass, monochrome upholstery, modern"
"ewaa_g_tram_metro_interior_modern_comfortable_white_led_irreg_901ac5af-3c18-4dfb-a34b-fd9811254658_1.png","https://www.midjourney.com/jobs/901ac5af-3c18-4dfb-a34b-fd9811254658?index=1","tram metro interior modern comfortable white led irregular seats organic shapes"
"ewaa_g_tram_ergoomic_interior_spacious_comfortable_with_wood__cfeddf7c-db2f-4f9f-be87-932e3087d2a7_1.png","https://www.midjourney.com/jobs/cfeddf7c-db2f-4f9f-be87-932e3087d2a7?index=1","tram, ergoomic, interior, spacious, comfortable, with wood, aesthetic, cozy, environmentlly friendly"
"ewaa_g_tram_ergoomic_interior_spacious_comfortable_with_wood__d87cc001-ce55-428e-80a1-3a8c6f939acf_3.png","https://www.midjourney.com/jobs/d87cc001-ce55-428e-80a1-3a8c6f939acf?index=3","tram, ergoomic, interior, spacious, comfortable, with wood, aesthetic, cozy, environmentlly friendly"
"ewaa_g_tram_ergoomic_interior_spacious_comfortable_with_wood__fb34b42e-5a43-411a-94cb-407b92b504ed_2.png","https://www.midjourney.com/jobs/fb34b42e-5a43-411a-94cb-407b92b504ed?index=2","tram, ergoomic, interior, spacious, comfortable, with wood, aesthetic, cozy, environmentlly friendly"
"ewaa_g_window_form_furure_modern_a51b95b0-4c74-485b-ae03-519759c6f55d_3.png","https://www.midjourney.com/jobs/a51b95b0-4c74-485b-ae03-519759c6f55d?index=3","window, form, furure, modern"
"ewaa_g_tram_metro_interior_future_modern_--v_6.0_55ff310d-95bd-48c4-b0ed-6a7cde36efc2_2.png","https://www.midjourney.com/jobs/55ff310d-95bd-48c4-b0ed-6a7cde36efc2?index=2","tram, metro, interior, future, modern"
"ewaa_g_interior_tram_abstract_modern_classy_geometrical_liqui_2cd3eead-df88-4f6e-a97e-305834c126df_3.png","https://www.midjourney.com/jobs/2cd3eead-df88-4f6e-a97e-305834c126df?index=3","interior, tram, abstract, modern, classy, geometrical, liquid, blue, elegant, aesthetic, vibe, fluffy"
"ewaa_g_tram_bike_place_interior_design_807ded53-28be-494f-8fbc-d58c7f9daa2b_1.png","https://www.midjourney.com/jobs/807ded53-28be-494f-8fbc-d58c7f9daa2b?index=1","tram, bike place, interior design,"
"ewaa_g_tram_organic_shapes_nature_modern_155f2809-be72-433c-990a-0d01b51db49a_1.png","https://www.midjourney.com/jobs/155f2809-be72-433c-990a-0d01b51db49a?index=1","tram, organic shapes, nature, modern"
"ewaa_g_tram_metro_interior_future_modern_460d7a3a-50e8-4dec-96d2-6b74015d549c_0.png","https://www.midjourney.com/jobs/460d7a3a-50e8-4dec-96d2-6b74015d549c?index=0","tram, metro, interior, future, modern"
"ewaa_g_futuristic_elegant_beige_tram_with_neons_and_large_rou_4916e426-4386-4fb6-8037-8d9295771b49_1.png","https://www.midjourney.com/jobs/4916e426-4386-4fb6-8037-8d9295771b49?index=1","futuristic elegant beige tram with neons and large round window"
"ewaa_g_tram_interior_ergonomic_modern_future_eco_unusual_shap_b8771839-ecbc-49ad-8cce-64ecb3a2617e_3.png","https://www.midjourney.com/jobs/b8771839-ecbc-49ad-8cce-64ecb3a2617e?index=3","tram, interior, ergonomic, modern, future, eco, unusual shapes, biophilic, photorealistic, streamlined, luxurious, sustainable"
"ewaa_g_tram_interior_light_usefull_modern_japan_13a1f8dd-1dce-4990-bb98-973c64632d49_2.png","https://www.midjourney.com/jobs/13a1f8dd-1dce-4990-bb98-973c64632d49?index=2","tram, interior, light, usefull, modern, japan"
"ewaa_g_metro_interor_tram_future_modern_intelegent_futuristic_f9a7fc97-3e9f-452d-a116-3537cde487d0_1.png","https://www.midjourney.com/jobs/f9a7fc97-3e9f-452d-a116-3537cde487d0?index=1","metro, interor, tram, future, modern, intelegent, futuristic, light"
"ewaa_g_tram_pink_glass_window_futuristic_design_cosmic_5a042949-c6a8-49ff-9a94-e8099117531a_3.png","https://www.midjourney.com/jobs/5a042949-c6a8-49ff-9a94-e8099117531a?index=3","tram pink glass window futuristic design cosmic"
"ewaa_g_middle_of_the_tram_oval_shapes_metal_future_ea9bfb77-ad15-44b1-8a95-f3b146fefb84_0.png","https://www.midjourney.com/jobs/ea9bfb77-ad15-44b1-8a95-f3b146fefb84?index=0","middle of the tram, oval shapes, metal, future"
"ewaa_g_middle_of_the_tram_oval_shapes_metal_future_963ea23d-dbb8-4dae-ba67-e3300225f299_0.png","https://www.midjourney.com/jobs/963ea23d-dbb8-4dae-ba67-e3300225f299?index=0","middle of the tram, oval shapes, metal, future"
"ewaa_g_middle_of_the_tram_oval_shapes_metal_future_neon_a54dded1-49ae-45d3-a595-ed4774ee7422_0.png","https://www.midjourney.com/jobs/a54dded1-49ae-45d3-a595-ed4774ee7422?index=0","middle of the tram, oval shapes, metal, future, neon"
"ewaa_g_modern_long_seats_tape_seats_connection_irregular_shap_85515ad0-2457-497e-a70c-922a13e5f598_1.png","https://www.midjourney.com/jobs/85515ad0-2457-497e-a70c-922a13e5f598?index=1","modern, long seats, tape seats, connection, irregular shapes, capsule, tram"
"ewaa_g_interior_tram_high_design_abstract_forms_geometrical_c_892fd949-e2fe-4714-a8c4-6e07f100c368_3.png","https://www.midjourney.com/jobs/892fd949-e2fe-4714-a8c4-6e07f100c368?index=3","interior, tram, high, design, abstract, forms, geometrical, chrome, elegant, silver, vibe, aesthetic"
"ewaa_g_futuristic_elegant_beige_tram_with_neons_and_large_win_35124cb0-df8e-41ee-b32f-c7c0a83f9269_2.png","https://www.midjourney.com/jobs/35124cb0-df8e-41ee-b32f-c7c0a83f9269?index=2","futuristic elegant beige tram with neons and large window"
"ewaa_g_tram_bike_place_interior_design_4e9b93fa-db25-421e-926b-535b2d4b616d_1.png","https://www.midjourney.com/jobs/4e9b93fa-db25-421e-926b-535b2d4b616d?index=1","tram, bike place, interior design,"
"ewaa_g_metro_train_interior_organic_branches_form_1fe69908-5f82-4574-81e2-4747a82e2ad1_3.png","https://www.midjourney.com/jobs/1fe69908-5f82-4574-81e2-4747a82e2ad1?index=3","metro train interior organic branches form"
"ewaa_g_tram_interior_80s_style_modern_minimlaist_chrome_plast_61461181-4b96-425d-bf2b-46b30926e931_0.png","https://www.midjourney.com/jobs/61461181-4b96-425d-bf2b-46b30926e931?index=0","tram interior 80s style modern minimlaist chrome plastic metal white"
"ewaa_g_tram_ergoomic_interior_spacious_comfortable_with_wood__d87cc001-ce55-428e-80a1-3a8c6f939acf_2.png","https://www.midjourney.com/jobs/d87cc001-ce55-428e-80a1-3a8c6f939acf?index=2","tram, ergoomic, interior, spacious, comfortable, with wood, aesthetic, cozy, environmentlly friendly"
"ewaa_g_tram_interior_ergonomic_modern_future_eco_unusual_shap_8baf9750-4421-42a4-af44-4bdd5af70d2e_2.png","https://www.midjourney.com/jobs/8baf9750-4421-42a4-af44-4bdd5af70d2e?index=2","tram, interior, ergonomic, modern, future, eco, unusual shapes, biophilic, photorealistic, streamlined, luxurious, sustainable"
"ewaa_g_futuristic_seats_module_cosmos_space_drain_round_tram__cc0bc808-880d-42cf-943d-9273f780ef7b_2.png","https://www.midjourney.com/jobs/cc0bc808-880d-42cf-943d-9273f780ef7b?index=2","futuristic, seats, module, cosmos, space, drain, round, tram, transport"
"ewaa_g_tram_bike_place_interior_design_f4a526a5-711a-4bb2-8332-1b9545ee815b_0.png","https://www.midjourney.com/jobs/f4a526a5-711a-4bb2-8332-1b9545ee815b?index=0","tram, bike place, interior design,"
"ewaa_g_tram_interior_pink_glass_5e578e03-d725-4105-aeb7-889c34d561c0_3.png","https://www.midjourney.com/jobs/5e578e03-d725-4105-aeb7-889c34d561c0?index=3","tram interior pink glass"
"ewaa_g_tram_interior_design_with_light_modern_led_organic_lon_02342ce4-9196-4c89-9c15-cb257492f3b6_0.png","https://www.midjourney.com/jobs/02342ce4-9196-4c89-9c15-cb257492f3b6?index=0","tram interior design with light modern led organic long irregular seats, tape seats, tape, long shapes, tram, transport, imagine, future, modern, futuristic, smart"
"ewaa_g_tram_metro_interior_future_modern_460d7a3a-50e8-4dec-96d2-6b74015d549c_3.png","https://www.midjourney.com/jobs/460d7a3a-50e8-4dec-96d2-6b74015d549c?index=3","tram, metro, interior, future, modern"
"ewaa_g_modern_long_seats_tape_seats_connection_irregular_shap_85515ad0-2457-497e-a70c-922a13e5f598_2.png","https://www.midjourney.com/jobs/85515ad0-2457-497e-a70c-922a13e5f598?index=2","modern, long seats, tape seats, connection, irregular shapes, capsule, tram"
"ewaa_g_tram_metro_interior_modern_comfortable_white_led_irreg_d28cb13a-b232-49e1-b25e-0eaea9344522_3.png","https://www.midjourney.com/jobs/d28cb13a-b232-49e1-b25e-0eaea9344522?index=3","tram metro interior modern comfortable white led irregular seats organic shapes in the middle"
"ewaa_g_uturistic_seats_long_tape_lights_led_waves_bus_tram_ca_56af2665-cd29-44e5-98d6-28a0fe2121f6_3.png","https://www.midjourney.com/jobs/56af2665-cd29-44e5-98d6-28a0fe2121f6?index=3","uturistic seats, long tape lights, led, waves, bus, tram, car"
"ewaa_g_metro_form_of_window_future_tram_da81950a-5f13-4571-b03f-61e15a3232a9_3.png","https://www.midjourney.com/jobs/da81950a-5f13-4571-b03f-61e15a3232a9?index=3","metro, form of window, future, tram,"
"ewaa_g_futuristic_elegant_beige_tram_with_neons_and_large_win_6f803161-dc0d-48ae-8df9-aecd4882e361_1.png","https://www.midjourney.com/jobs/6f803161-dc0d-48ae-8df9-aecd4882e361?index=1","futuristic elegant beige tram with neons and large window"
"ewaa_g_tram_interesting_shapes_night_city_with_lights_modern__e648e6cf-ce41-4e86-9c5f-1f409ec3541d_2.png","https://www.midjourney.com/jobs/e648e6cf-ce41-4e86-9c5f-1f409ec3541d?index=2","tram, interesting shapes, night city with lights, modern tram, led violett, red, blue, space atmosphere, clean design, panoramic window, manoramic ceiling"
"ewaa_g_tram_ergoomic_interior_spacious_comfortable_with_wood__cfeddf7c-db2f-4f9f-be87-932e3087d2a7_2.png","https://www.midjourney.com/jobs/cfeddf7c-db2f-4f9f-be87-932e3087d2a7?index=2","tram, ergoomic, interior, spacious, comfortable, with wood, aesthetic, cozy, environmentlly friendly"
"ewaa_g_tram_interior_cozy_white_pop_of_colour_lights_ee5f6e0f-be47-4290-b954-847d86894568_1.png","https://www.midjourney.com/jobs/ee5f6e0f-be47-4290-b954-847d86894568?index=1","tram interior cozy white pop of colour lights"
"ewaa_g_tram_interesting_shapes_night_city_with_lights_modern__4f43e621-6d00-4b3a-8e3c-b8fb4147d5e3_2.png","https://www.midjourney.com/jobs/4f43e621-6d00-4b3a-8e3c-b8fb4147d5e3?index=2","tram, interesting shapes, night city with lights, modern tram, led violett, red, blue, space atmosphere, clean design, panoramic window, manoramic ceiling"
"ewaa_g_interior_tram_high_design_abstract_forms_geometrical_c_7ac4d6a3-218a-4287-9586-e716a5507ec1_2.png","https://www.midjourney.com/jobs/7ac4d6a3-218a-4287-9586-e716a5507ec1?index=2","interior, tram, high, design, abstract, forms, geometrical, chrome, elegant, silver, vibe, aesthetic"
"ewaa_g_uturistic_seats_long_tape_lights_led_waves_bus_tram_ca_56af2665-cd29-44e5-98d6-28a0fe2121f6_2.png","https://www.midjourney.com/jobs/56af2665-cd29-44e5-98d6-28a0fe2121f6?index=2","uturistic seats, long tape lights, led, waves, bus, tram, car"
"ewaa_g_tram_modern_tram_lighting_white_colour_clean_design_se_c44e30b2-10a3-4456-8970-4091f73064b3_0.png","https://www.midjourney.com/jobs/c44e30b2-10a3-4456-8970-4091f73064b3?index=0","tram, modern tram, lighting, white colour, clean design, seats, avaibility, place for bikes, place for dog, people in tram"
"ewaa_g_tram_ergoomic_interior_spacious_comfortable_with_wood__fb34b42e-5a43-411a-94cb-407b92b504ed_0.png","https://www.midjourney.com/jobs/fb34b42e-5a43-411a-94cb-407b92b504ed?index=0","tram, ergoomic, interior, spacious, comfortable, with wood, aesthetic, cozy, environmentlly friendly"
"ewaa_g_tram_led_comfortable_seats_high_end_modern_e6fd471d-a190-41e2-bd31-40d310cf5996_1.png","https://www.midjourney.com/jobs/e6fd471d-a190-41e2-bd31-40d310cf5996?index=1","tram, led, comfortable seats, high end, modern"
"ewaa_g_tram_interior_coloured_glass_windows_minimalist_seats__b04eafa7-4d83-4ce8-bf27-6ba47293c7b7_0.png","https://www.midjourney.com/jobs/b04eafa7-4d83-4ce8-bf27-6ba47293c7b7?index=0","tram interior coloured glass windows minimalist seats white colour aesthetic"
"ewaa_g_tram_interior_modern_colourful_c47f4b69-0e54-4ee2-b4e0-f5dc44376b6c_1.png","https://www.midjourney.com/jobs/c47f4b69-0e54-4ee2-b4e0-f5dc44376b6c?index=1","tram, interior, modern, colourful,"
"ewaa_g_tram_light_modern_interior_led_organic_97d6af5c-ebc1-4518-80b6-df7cd47c7ca3_0.png","https://www.midjourney.com/jobs/97d6af5c-ebc1-4518-80b6-df7cd47c7ca3?index=0","tram light modern interior led organic"
"ewaa_g_tram_modern_minimalistic_window_space_metal_natral_lig_31d97a3a-3743-4ca8-9333-77cbd5591b73_1.png","https://www.midjourney.com/jobs/31d97a3a-3743-4ca8-9333-77cbd5591b73?index=1","tram modern minimalistic window space metal natral light comfortable seats"
"ewaa_g_tram_spacious_modern_technology_innovative_aesthetic_f_774c4d02-29f2-41e6-8ea3-61196f819424_1.png","https://www.midjourney.com/jobs/774c4d02-29f2-41e6-8ea3-61196f819424?index=1","tram, spacious, modern technology, innovative, aesthetic, futuristic, interior, exterior, smart, elegant"
"ewaa_g_tram_interior_cozy_white_pop_of_colour_lights_48784830-575f-4039-a07c-2d5cc039e058_1.png","https://www.midjourney.com/jobs/48784830-575f-4039-a07c-2d5cc039e058?index=1","tram interior cozy white pop of colour lights"
"ewaa_g_tram_modern_classic_natural_light_retro_organic_shape__ecef7e67-fc90-4b8c-8132-42e9260fc675_3.png","https://www.midjourney.com/jobs/ecef7e67-fc90-4b8c-8132-42e9260fc675?index=3","tram modern classic natural light retro organic shape marble metal glass"
"ewaa_g_tram_interior_glass_window_color_jacquemus_rectangle_c_48bece5d-8abc-4c91-add0-60c8496d26ed_1.png","https://www.midjourney.com/jobs/48bece5d-8abc-4c91-add0-60c8496d26ed?index=1","tram, interior, glass, window color, jacquemus, rectangle, circle, fashion"
"ewaa_g_tram_design_futuristic_abstract_interior_84ba9b86-77fd-4d69-8471-545d158cba51_2.png","https://www.midjourney.com/jobs/84ba9b86-77fd-4d69-8471-545d158cba51?index=2","tram design futuristic abstract interior"
"ewaa_g_tram_modern_tram_nice_view_interesting_lighting_white__cf666726-f37e-43fb-9e46-e42afb7dbadf_0.png","https://www.midjourney.com/jobs/cf666726-f37e-43fb-9e46-e42afb7dbadf?index=0","tram, modern tram, nice view, interesting lighting, white colour, clean design, place for seats, avaibility, luggage, dog"
"ewaa_g_tram_ergoomic_interior_spacious_comfortable_with_wood__d87cc001-ce55-428e-80a1-3a8c6f939acf_1.png","https://www.midjourney.com/jobs/d87cc001-ce55-428e-80a1-3a8c6f939acf?index=1","tram, ergoomic, interior, spacious, comfortable, with wood, aesthetic, cozy, environmentlly friendly"
"ewaa_g_tram_interior_ergonomic_modern_future_eco_unusual_shap_c1f5a4dc-c768-44af-985b-9c62dfc2b336_1.png","https://www.midjourney.com/jobs/c1f5a4dc-c768-44af-985b-9c62dfc2b336?index=1","tram, interior, ergonomic, modern, future, eco, unusual shapes, biophilic, photorealistic, streamlined, luxurious, sustainable"
"ewaa_g_tram_interior_design_with_light_modern_led_organic_lon_e2b35503-8b31-4a20-9a62-cbc1a1e01503_0.png","https://www.midjourney.com/jobs/e2b35503-8b31-4a20-9a62-cbc1a1e01503?index=0","tram interior design with light modern led organic long irregular seats, tape seats, tape, long shapes, tram, transport, imagine, future, modern, futuristic, smart"
"ewaa_g_tram_interior_glass_window_color_jacquemus_rectangle_c_a9ea67e2-c530-4da5-8534-9ce0602a5a49_3.png","https://www.midjourney.com/jobs/a9ea67e2-c530-4da5-8534-9ce0602a5a49?index=3","tram, interior, glass, window color, jacquemus, rectangle, circle, fashion"
"ewaa_g_tram_metro_interior_future_modern_ce90c241-2f62-43d0-820f-d41061008172_0.png","https://www.midjourney.com/jobs/ce90c241-2f62-43d0-820f-d41061008172?index=0","tram, metro, interior, future, modern"
"ewaa_g_tram_window_exterior_modent_future_02881afe-fe88-47d2-98a3-d38f56284d85_1.png","https://www.midjourney.com/jobs/02881afe-fe88-47d2-98a3-d38f56284d85?index=1","tram, window, exterior, modent, future"
"ewaa_g_tram_interesting_shapes_night_city_with_lights_modern__e5a75c4a-5ef7-4a5e-af7b-73878411e213_2.png","https://www.midjourney.com/jobs/e5a75c4a-5ef7-4a5e-af7b-73878411e213?index=2","tram, interesting shapes, night city with lights, modern tram, led violett, red, blue, space atmosphere, clean design, panoramic window, manoramic ceiling"
"ewaa_g_interior_tram_stained_glass_colorful_glass_white_uphol_d5c730f7-444b-4e57-afe4-46f986cea295_3.png","https://www.midjourney.com/jobs/d5c730f7-444b-4e57-afe4-46f986cea295?index=3","interior, tram, stained glass, colorful glass, white upholstery, chrome handles, calm, aesthetics, geometrical, minimalistic"
"ewaa_g_train_interior_organic_tree_branches_and_roots_form_e248f9ba-f4b4-4422-acb0-e00ed9cb1ae4_2.png","https://www.midjourney.com/jobs/e248f9ba-f4b4-4422-acb0-e00ed9cb1ae4?index=2","train interior organic tree branches and roots form"
"ewaa_g_tram_interior_ergonomic_modern_future_eco_unusual_shap_8baf9750-4421-42a4-af44-4bdd5af70d2e_0.png","https://www.midjourney.com/jobs/8baf9750-4421-42a4-af44-4bdd5af70d2e?index=0","tram, interior, ergonomic, modern, future, eco, unusual shapes, biophilic, photorealistic, streamlined, luxurious, sustainable"
"ewaa_g_white_tram_interior_modern_clean_easy_big_windows_cush_1f460670-8a8f-4b49-9532-d97e2a1d8be1_0.png","https://www.midjourney.com/jobs/1f460670-8a8f-4b49-9532-d97e2a1d8be1?index=0","white tram interior modern clean easy big windows cushioned seats"
"ewaa_g_tram_modern_tram_lighting_white_colour_clean_design_se_18fdf143-f82b-42a7-bfdf-039b5910fed2_0.png","https://www.midjourney.com/jobs/18fdf143-f82b-42a7-bfdf-039b5910fed2?index=0","tram, modern tram, lighting, white colour, clean design, seats, avaibility, place for bikes, place for dog, people in tram"
"ewaa_g_tram_bike_place_interior_design_807ded53-28be-494f-8fbc-d58c7f9daa2b_3.png","https://www.midjourney.com/jobs/807ded53-28be-494f-8fbc-d58c7f9daa2b?index=3","tram, bike place, interior design,"
"ewaa_g_futuristic_elegant_beige_tram_interior_with_neons_and__ca7b5ab8-ddc3-481a-b139-444c0e2f9cd9_3.png","https://www.midjourney.com/jobs/ca7b5ab8-ddc3-481a-b139-444c0e2f9cd9?index=3","futuristic elegant beige tram interior with neons and large round window"
"ewaa_g_tram_metro_interior_future_modern_431e1d08-f32c-4d93-b5fa-b36cebf84f4a_1.png","https://www.midjourney.com/jobs/431e1d08-f32c-4d93-b5fa-b36cebf84f4a?index=1","tram, metro, interior, future, modern"
"ewaa_g_tram_futuristic_colorful_joy_young_people_led_sunshine_ce9387a5-eeb5-4dcd-b92a-aa7c5e7a333f_2.png","https://www.midjourney.com/jobs/ce9387a5-eeb5-4dcd-b92a-aa7c5e7a333f?index=2","tram, futuristic, colorful, joy, young, people, led, sunshine, widewindow"
"ewaa_g_tram_metro_interior_modern_comfortable_white_led_irreg_d28cb13a-b232-49e1-b25e-0eaea9344522_1.png","https://www.midjourney.com/jobs/d28cb13a-b232-49e1-b25e-0eaea9344522?index=1","tram metro interior modern comfortable white led irregular seats organic shapes in the middle"
"ewaa_g_interior_tram_stained_glass_colorful_glass_white_uphol_d5c730f7-444b-4e57-afe4-46f986cea295_2.png","https://www.midjourney.com/jobs/d5c730f7-444b-4e57-afe4-46f986cea295?index=2","interior, tram, stained glass, colorful glass, white upholstery, chrome handles, calm, aesthetics, geometrical, minimalistic"
"ewaa_g_tram_interior_cozy_white_pop_of_colour_lights_48784830-575f-4039-a07c-2d5cc039e058_3.png","https://www.midjourney.com/jobs/48784830-575f-4039-a07c-2d5cc039e058?index=3","tram interior cozy white pop of colour lights"
"ewaa_g_tram_hygenic_beautiful_view_comfortable_led_light_mode_b262d663-2521-474d-b52d-f0db03ba861a_1.png","https://www.midjourney.com/jobs/b262d663-2521-474d-b52d-f0db03ba861a?index=1","tram, hygenic, beautiful view, comfortable, led light, modern, big windows"
"ewaa_g_window_form_furure_modern_a51b95b0-4c74-485b-ae03-519759c6f55d_1.png","https://www.midjourney.com/jobs/a51b95b0-4c74-485b-ae03-519759c6f55d?index=1","window, form, furure, modern"
"ewaa_g_tram_interior_ergonomic_modern_future_eco_unusual_shap_7f7bf2bd-381f-4ce8-a104-87e690959e95_1.png","https://www.midjourney.com/jobs/7f7bf2bd-381f-4ce8-a104-87e690959e95?index=1","tram, interior, ergonomic, modern, future, eco, unusual shapes, biophilic, photorealistic, streamlined, luxurious, sustainable"
"ewaa_g_tram_ergoomic_interior_spacious_comfortable_with_wood__27765a70-fd8d-4cbd-8d92-5fb9da8ab97c_0.png","https://www.midjourney.com/jobs/27765a70-fd8d-4cbd-8d92-5fb9da8ab97c?index=0","tram, ergoomic, interior, spacious, comfortable, with wood, aesthetic, cozy, environmentlly friendly"
"ewaa_g_tram_interior_design_organic_shapes_ecology_57777921-4871-4742-ac8c-a3ea1ccb9ecf_2.png","https://www.midjourney.com/jobs/57777921-4871-4742-ac8c-a3ea1ccb9ecf?index=2","tram, interior design, organic shapes, ecology"
"ewaa_g_train_interior_organic_tree_and_lighting_gaudi_inspire_45f8f287-1bba-4d78-a45a-5faf894dd235_0.png","https://www.midjourney.com/jobs/45f8f287-1bba-4d78-a45a-5faf894dd235?index=0","train interior organic tree and lighting gaudi inspired"
"ewaa_g_tram_pink_round_5b1aeda5-f523-461e-852e-ca48dd4d0e42_1.png","https://www.midjourney.com/jobs/5b1aeda5-f523-461e-852e-ca48dd4d0e42?index=1","tram pink round"
"ewaa_g_tram_exterior_smart_elegant_colorful_ergonomic_place_f_0a21874a-43ef-4f6a-82a2-98ec5c6754f5_2.png","https://www.midjourney.com/jobs/0a21874a-43ef-4f6a-82a2-98ec5c6754f5?index=2","tram, exterior, smart, elegant, colorful, ergonomic, place for bike"
"ewaa_g_futuristic_elegent_tram_with_beige_interior_and_large__2ff386f2-0d1f-4853-925e-719acf020da0_3.png","https://www.midjourney.com/jobs/2ff386f2-0d1f-4853-925e-719acf020da0?index=3","futuristic elegent tram with beige interior and large window"
"ewaa_g_futuristic_elegant_beige_tram_with_neons_and_large_win_1ac856ca-28b9-460e-acd2-a6591731d440_0.png","https://www.midjourney.com/jobs/1ac856ca-28b9-460e-acd2-a6591731d440?index=0","futuristic elegant beige tram with neons and large window"
"ewaa_g_tram_exterior_smart_elegant_colorful_ergonomic_place_f_0a21874a-43ef-4f6a-82a2-98ec5c6754f5_3.png","https://www.midjourney.com/jobs/0a21874a-43ef-4f6a-82a2-98ec5c6754f5?index=3","tram, exterior, smart, elegant, colorful, ergonomic, place for bike"
"ewaa_g_tram_hygenic_beautiful_view_comfortable_led_light_mode_b262d663-2521-474d-b52d-f0db03ba861a_2.png","https://www.midjourney.com/jobs/b262d663-2521-474d-b52d-f0db03ba861a?index=2","tram, hygenic, beautiful view, comfortable, led light, modern, big windows"
"ewaa_g_tram_exterior_smart_elegant_colorful_ergonomic_place_f_2d920df2-0c61-441e-bab8-79ebfe6aab61_3.png","https://www.midjourney.com/jobs/2d920df2-0c61-441e-bab8-79ebfe6aab61?index=3","tram, exterior, smart, elegant, colorful, ergonomic, place for bike"
"ewaa_g_tram_modern_classic_natural_light_retro_organic_shape__ecef7e67-fc90-4b8c-8132-42e9260fc675_1.png","https://www.midjourney.com/jobs/ecef7e67-fc90-4b8c-8132-42e9260fc675?index=1","tram modern classic natural light retro organic shape marble metal glass"
"ewaa_g_tram_organic_shapes_nature_modern_545a07cf-3ec5-4335-97a0-3a3d2f877048_1.png","https://www.midjourney.com/jobs/545a07cf-3ec5-4335-97a0-3a3d2f877048?index=1","tram, organic shapes, nature, modern"
"ewaa_g_tram_interior_design_with_light_modern_led_organic_lon_0ee0349c-caf6-4614-9979-052736b36fa9_2.png","https://www.midjourney.com/jobs/0ee0349c-caf6-4614-9979-052736b36fa9?index=2","tram interior design with light modern led organic long irregular seats, tape seats, tape, long shapes, tram, transport, imagine, future, modern, futuristic, smart"
"ewaa_g_tram_pink_round_5b1aeda5-f523-461e-852e-ca48dd4d0e42_0.png","https://www.midjourney.com/jobs/5b1aeda5-f523-461e-852e-ca48dd4d0e42?index=0","tram pink round"
"ewaa_g_train_interior_organic_tree_and_lighting_gaudi_inspire_7e1e4eb8-c2a1-41d6-8b15-07f6ce06840a_0.png","https://www.midjourney.com/jobs/7e1e4eb8-c2a1-41d6-8b15-07f6ce06840a?index=0","train interior organic tree and lighting gaudi inspired"
"ewaa_g_futuristic_elegant_beige_tram_with_neons_and_large_win_35124cb0-df8e-41ee-b32f-c7c0a83f9269_1.png","https://www.midjourney.com/jobs/35124cb0-df8e-41ee-b32f-c7c0a83f9269?index=1","futuristic elegant beige tram with neons and large window"
"ewaa_g_uturistic_elegant_beige_tram_interior_with_neons_and_l_e2d12926-38a3-468e-b8ab-cd12eb2f0857_3.png","https://www.midjourney.com/jobs/e2d12926-38a3-468e-b8ab-cd12eb2f0857?index=3","uturistic elegant beige tram interior with neons and large round window"
"ewaa_g_tram_elegant_neon_beige_7c0579cd-80cd-44e4-b407-c239d7d81fd9_0.png","https://www.midjourney.com/jobs/7c0579cd-80cd-44e4-b407-c239d7d81fd9?index=0","tram, elegant, neon, beige"
"ewaa_g_tram_modern_tram_lighting_white_colour_clean_design_se_a9a91455-d3e3-474c-b200-f527c5580de6_0.png","https://www.midjourney.com/jobs/a9a91455-d3e3-474c-b200-f527c5580de6?index=0","tram, modern tram, lighting, white colour, clean design, seats, avaibility, place for bikes, place for dog, people in tram"
"ewaa_g_tram_fast_future_streamlined_light_organic_structure_s_497a06df-7f8d-4373-a7c6-5f75dee21b04_2.png","https://www.midjourney.com/jobs/497a06df-7f8d-4373-a7c6-5f75dee21b04?index=2","tram, fast, future, streamlined, light, organic structure, seats"
"ewaa_g_tram_window_exterior_modent_future_1d497c50-0f18-4513-b47d-f8fcc85f8c9d_0.png","https://www.midjourney.com/jobs/1d497c50-0f18-4513-b47d-f8fcc85f8c9d?index=0","tram, window, exterior, modent, future"
"ewaa_g_tram_interesting_shapes_night_city_with_lights_modern__4f43e621-6d00-4b3a-8e3c-b8fb4147d5e3_3.png","https://www.midjourney.com/jobs/4f43e621-6d00-4b3a-8e3c-b8fb4147d5e3?index=3","tram, interesting shapes, night city with lights, modern tram, led violett, red, blue, space atmosphere, clean design, panoramic window, manoramic ceiling"
"ewaa_g_tram_interior_design_with_light_modern_led_organic_lon_33d67b4c-2ca2-43be-8fdd-095f2805b01b_0.png","https://www.midjourney.com/jobs/33d67b4c-2ca2-43be-8fdd-095f2805b01b?index=0","tram interior design with light modern led organic long irregular seats, tape seats, tape, long shapes, tram, transport, imagine, future, modern, futuristic, smart"
"ewaa_g_tram_interior_design_with_light_modern_led_organic_lon_ac1f2352-14d4-4ea6-954d-5980a523becb_0.png","https://www.midjourney.com/jobs/ac1f2352-14d4-4ea6-954d-5980a523becb?index=0","tram interior design with light modern led organic long irregular seats, tape seats, tape, long shapes, tram, transport, imagine, future, modern, futuristic, smart"
"ewaa_g_interior_tram_high_design_abstract_forms_geometrical_c_a2d06d88-32b2-4edd-9ec4-b57a43db503a_3.png","https://www.midjourney.com/jobs/a2d06d88-32b2-4edd-9ec4-b57a43db503a?index=3","interior, tram, high, design, abstract, forms, geometrical, chrome, elegant, silver, vibe, aesthetic"
"ewaa_g_tram_ergoomic_interior_spacious_comfortable_with_wood__e8bef7f7-9619-46a3-91b2-3169e65188ef_2.png","https://www.midjourney.com/jobs/e8bef7f7-9619-46a3-91b2-3169e65188ef?index=2","tram, ergoomic, interior, spacious, comfortable, with wood, aesthetic, cozy, environmentlly friendly"
"ewaa_g_tram_interior_design_with_light_modern_led_organic_lon_6e04c6a8-d5d1-48e3-a4a4-72ae325bf76b_0.png","https://www.midjourney.com/jobs/6e04c6a8-d5d1-48e3-a4a4-72ae325bf76b?index=0","tram interior design with light modern led organic long irregular seats, tape seats, tape, long shapes, tram, transport, imagine, future, modern, futuristic, smart"
"ewaa_g_tram_interesting_shapes_night_city_with_lights_modern__f1036ff3-8437-41a0-8956-fc51a532e231_1.png","https://www.midjourney.com/jobs/f1036ff3-8437-41a0-8956-fc51a532e231?index=1","tram, interesting shapes, night city with lights, modern tram, led violett, red, blue, space atmosphere, clean design, panoramic window, manoramic ceiling"
"ewaa_g_tram_interior_white_design_coloured_seats_plastic_8f14a2ac-4e33-45f8-a2b1-040667311165_0.png","https://www.midjourney.com/jobs/8f14a2ac-4e33-45f8-a2b1-040667311165?index=0","tram interior white design coloured seats plastic"
"ewaa_g_tram_window_exterior_modent_future_02881afe-fe88-47d2-98a3-d38f56284d85_2.png","https://www.midjourney.com/jobs/02881afe-fe88-47d2-98a3-d38f56284d85?index=2","tram, window, exterior, modent, future"
"ewaa_g_train_interior_organic_tree_branches_and_roots_form_e248f9ba-f4b4-4422-acb0-e00ed9cb1ae4_0.png","https://www.midjourney.com/jobs/e248f9ba-f4b4-4422-acb0-e00ed9cb1ae4?index=0","train interior organic tree branches and roots form"
"ewaa_g_tram_light_modern_interior_led_organic_dac76932-a290-4b6f-984f-f9651689ab08_0.png","https://www.midjourney.com/jobs/dac76932-a290-4b6f-984f-f9651689ab08?index=0","tram light modern interior led organic"
"ewaa_g_tram_interesting_shapes_night_city_with_lights_modern__e5a75c4a-5ef7-4a5e-af7b-73878411e213_3.png","https://www.midjourney.com/jobs/e5a75c4a-5ef7-4a5e-af7b-73878411e213?index=3","tram, interesting shapes, night city with lights, modern tram, led violett, red, blue, space atmosphere, clean design, panoramic window, manoramic ceiling"
"ewaa_g_tram_design_futuristic_abstract_interior_f140dc10-a7b8-4219-b14a-f9b404394ebe_0.png","https://www.midjourney.com/jobs/f140dc10-a7b8-4219-b14a-f9b404394ebe?index=0","tram design futuristic abstract interior"
"ewaa_g_tram_interior_glass_window_color_jacquemus_rectangle_c_d67fcd60-f4bf-4afe-8bcc-63dccd3ebb21_0.png","https://www.midjourney.com/jobs/d67fcd60-f4bf-4afe-8bcc-63dccd3ebb21?index=0","tram, interior, glass, window color, jacquemus, rectangle, circle, fashion"
"ewaa_g_tram_interior_goth_minimalistic_black_1496c7d6-870b-464f-b056-c06f49e76077_0.png","https://www.midjourney.com/jobs/1496c7d6-870b-464f-b056-c06f49e76077?index=0","tram interior goth minimalistic black"
"ewaa_g_tram_modern_tram_lighting_white_colour_clean_design_se_4ea2ae9e-964e-47ba-bcda-3250af9b1564_0.png","https://www.midjourney.com/jobs/4ea2ae9e-964e-47ba-bcda-3250af9b1564?index=0","tram, modern tram, lighting, white colour, clean design, seats, avaibility, place for bikes, place for dog, people in tram"
"ewaa_g_tram_modern_tram_nice_view_interesting_lighting_white__cf666726-f37e-43fb-9e46-e42afb7dbadf_2.png","https://www.midjourney.com/jobs/cf666726-f37e-43fb-9e46-e42afb7dbadf?index=2","tram, modern tram, nice view, interesting lighting, white colour, clean design, place for seats, avaibility, luggage, dog"
"ewaa_g_interior_tram_high_design_abstract_forms_geometrical_c_a2d06d88-32b2-4edd-9ec4-b57a43db503a_0.png","https://www.midjourney.com/jobs/a2d06d88-32b2-4edd-9ec4-b57a43db503a?index=0","interior, tram, high, design, abstract, forms, geometrical, chrome, elegant, silver, vibe, aesthetic"
"ewaa_g_white_tram_interior_modern_clean_easy_big_windows_cush_c3e1cc21-d8b3-4cb2-bd30-25afc18e379c_3.png","https://www.midjourney.com/jobs/c3e1cc21-d8b3-4cb2-bd30-25afc18e379c?index=3","white tram interior modern clean easy big windows cushioned seats"
"ewaa_g_tram_interior_ergonomic_modern_future_eco_unusual_shap_76649906-acc0-4f25-a77c-58d607d0b27c_0.png","https://www.midjourney.com/jobs/76649906-acc0-4f25-a77c-58d607d0b27c?index=0","tram, interior, ergonomic, modern, future, eco, unusual shapes, biophilic, photorealistic, streamlined, luxurious, sustainable"
"ewaa_g_futuristic_elegant_beige_tram_with_neons_and_large_win_6c9cb5ec-4ce7-4e73-9e6d-442b76fff815_1.png","https://www.midjourney.com/jobs/6c9cb5ec-4ce7-4e73-9e6d-442b76fff815?index=1","futuristic elegant beige tram with neons and large window"
"ewaa_g_futuristic_elegent_tram_with_beige_interior_and_large__151fe769-126c-4fd0-a774-cab52a2e99be_0.png","https://www.midjourney.com/jobs/151fe769-126c-4fd0-a774-cab52a2e99be?index=0","futuristic elegent tram with beige interior and large window"
"ewaa_g_tram_interior_80s_style_modern_minimlaist_chrome_plast_fee0311d-771a-4f7d-80fd-5f26ce650a27_3.png","https://www.midjourney.com/jobs/fee0311d-771a-4f7d-80fd-5f26ce650a27?index=3","tram interior 80s style modern minimlaist chrome plastic metal white"
"ewaa_g_middle_of_the_tram_oval_shapes_a0908687-0f42-4dcd-8784-2a2083f97e0f_2.png","https://www.midjourney.com/jobs/a0908687-0f42-4dcd-8784-2a2083f97e0f?index=2","middle of the tram, oval shapes"
"ewaa_g_tram_metro_interior_future_modern_ce90c241-2f62-43d0-820f-d41061008172_3.png","https://www.midjourney.com/jobs/ce90c241-2f62-43d0-820f-d41061008172?index=3","tram, metro, interior, future, modern"
"ewaa_g_tram_ergoomic_interior_spacious_comfortable_with_wood__27765a70-fd8d-4cbd-8d92-5fb9da8ab97c_2.png","https://www.midjourney.com/jobs/27765a70-fd8d-4cbd-8d92-5fb9da8ab97c?index=2","tram, ergoomic, interior, spacious, comfortable, with wood, aesthetic, cozy, environmentlly friendly"
"ewaa_g_futuristic_seats_long_tape_lights_led_waves_bus_tram_c_e0dcdbf8-8f89-4471-964e-0a222eb5df8a_1.png","https://www.midjourney.com/jobs/e0dcdbf8-8f89-4471-964e-0a222eb5df8a?index=1","futuristic seats, long tape lights, led, waves, bus, tram, car"
"ewaa_g_interior_tram_high_design_abstract_forms_geometrical_c_e73a71db-1c43-45f1-94c6-be500b7d242c_0.png","https://www.midjourney.com/jobs/e73a71db-1c43-45f1-94c6-be500b7d242c?index=0","interior, tram, high, design, abstract, forms, geometrical, chrome, elegant, silver, vibe, aesthetic"
"ewaa_g_tram_interior_modern_good_design_clean_1ccb8075-b2d2-4646-87de-0fbb32338ee1_2.png","https://www.midjourney.com/jobs/1ccb8075-b2d2-4646-87de-0fbb32338ee1?index=2","tram interior modern good design clean"
"ewaa_g_interior_tram_stained_glass_colorful_glass_white_uphol_e4eccac7-7104-4c27-b285-dfee01c5d476_0.png","https://www.midjourney.com/jobs/e4eccac7-7104-4c27-b285-dfee01c5d476?index=0","interior, tram, stained glass, colorful glass, white upholstery, chrome handles, calm, aesthetics, geometrical, minimalistic"
"ewaa_g_tram_interior_design_organic_shapes_ecology_f3c46d9b-f393-4ee0-bce5-7be3ebdd4140_0.png","https://www.midjourney.com/jobs/f3c46d9b-f393-4ee0-bce5-7be3ebdd4140?index=0","tram, interior design, organic shapes, ecology"
"ewaa_g_tram_interior_design_with_light_modern_led_organic_lon_33d67b4c-2ca2-43be-8fdd-095f2805b01b_3.png","https://www.midjourney.com/jobs/33d67b4c-2ca2-43be-8fdd-095f2805b01b?index=3","tram interior design with light modern led organic long irregular seats, tape seats, tape, long shapes, tram, transport, imagine, future, modern, futuristic, smart"
"ewaa_g_tram_high_design_abstract_forms_geometrical_chrome_ele_8383823c-f474-49b5-b120-564a5bea391f_3.png","https://www.midjourney.com/jobs/8383823c-f474-49b5-b120-564a5bea391f?index=3","tram, high, design, abstract, forms, geometrical, chrome, elegant, vibe"
"ewaa_g_minimalist_modern_retro_tram_interior_2bfdc3b0-a429-4e5c-a26c-e745c6792b8c_0.png","https://www.midjourney.com/jobs/2bfdc3b0-a429-4e5c-a26c-e745c6792b8c?index=0","minimalist modern retro tram interior"
"ewaa_g_tram_spacious_modern_technology_innovative_aesthetic_f_6157d1ea-cb09-42d2-9509-15a8d3f82f3e_0.png","https://www.midjourney.com/jobs/6157d1ea-cb09-42d2-9509-15a8d3f82f3e?index=0","tram, spacious, modern technology, innovative, aesthetic, futuristic, interior, exterior, smart, elegant"
"ewaa_g_futuristic_seats_module_cosmos_space_drain_round_tram__cc0bc808-880d-42cf-943d-9273f780ef7b_3.png","https://www.midjourney.com/jobs/cc0bc808-880d-42cf-943d-9273f780ef7b?index=3","futuristic, seats, module, cosmos, space, drain, round, tram, transport"
"ewaa_g_tram_hygenic_beautiful_view_comfortable_led_light_mode_53923f2c-9470-424e-8ab7-867fcf174d75_0.png","https://www.midjourney.com/jobs/53923f2c-9470-424e-8ab7-867fcf174d75?index=0","tram, hygenic, beautiful view, comfortable, led light, modern, big windows"
"ewaa_g_tram_interesting_shapes_sunny_day_modern_tram_led_viol_7fcff659-0e79-4005-bbf5-7685d374699f_1.png","https://www.midjourney.com/jobs/7fcff659-0e79-4005-bbf5-7685d374699f?index=1","tram, interesting shapes, sunny day, modern tram, led violett, red, blue, space atmosphere, clean design, panoramic window, manoramic ceiling"
"ewaa_g_middle_of_the_tram_oval_shapes_metal_future_neon_9eb80a08-39c1-47a8-bc47-50d1bdd03cab_1.png","https://www.midjourney.com/jobs/9eb80a08-39c1-47a8-bc47-50d1bdd03cab?index=1","middle of the tram, oval shapes, metal, future, neon"
"ewaa_g_interior_tram_high_design_abstract_forms_geometrical_c_7ac4d6a3-218a-4287-9586-e716a5507ec1_1.png","https://www.midjourney.com/jobs/7ac4d6a3-218a-4287-9586-e716a5507ec1?index=1","interior, tram, high, design, abstract, forms, geometrical, chrome, elegant, silver, vibe, aesthetic"
"ewaa_g_tram_ergoomic_interior_spacious_comfortable_with_wood__cfeddf7c-db2f-4f9f-be87-932e3087d2a7_3.png","https://www.midjourney.com/jobs/cfeddf7c-db2f-4f9f-be87-932e3087d2a7?index=3","tram, ergoomic, interior, spacious, comfortable, with wood, aesthetic, cozy, environmentlly friendly"
"ewaa_g_metro_interor_tram_future_modern_intelegent_futuristic_1abd8182-f247-4996-a2e9-12bce06fadd7_2.png","https://www.midjourney.com/jobs/1abd8182-f247-4996-a2e9-12bce06fadd7?index=2","metro, interor, tram, future, modern, intelegent, futuristic, light"
"ewaa_g_modern_long_seats_tape_seats_connection_irregular_shap_85515ad0-2457-497e-a70c-922a13e5f598_0.png","https://www.midjourney.com/jobs/85515ad0-2457-497e-a70c-922a13e5f598?index=0","modern, long seats, tape seats, connection, irregular shapes, capsule, tram"
"ewaa_g_tram_modern_minimalistic_window_space_metal_natral_lig_2440574d-d590-49ea-851d-d19a67474ac2_1.png","https://www.midjourney.com/jobs/2440574d-d590-49ea-851d-d19a67474ac2?index=1","tram modern minimalistic window space metal natral light comfortable seats"
"ewaa_g_tram_modern_tram_traditional_town_nice_view_interestin_b3dd9146-80c5-4efd-9e93-b56f499067d3_0.png","https://www.midjourney.com/jobs/b3dd9146-80c5-4efd-9e93-b56f499067d3?index=0","tram, modern tram, traditional town, nice view, interesting lighting, green colour, white colour, clean design, avaibility, seats, space for bicycles, space for luggage"
"ewaa_g_tram_fast_future_streamlined_light_organic_structure_s_def1adbc-6663-48c1-b5ee-4a88005f4b05_3.png","https://www.midjourney.com/jobs/def1adbc-6663-48c1-b5ee-4a88005f4b05?index=3","tram, fast, future, streamlined, light, organic structure, seats"
"ewaa_g_tram_interior_ergonomic_modern_future_eco_unusual_shap_7f7bf2bd-381f-4ce8-a104-87e690959e95_0.png","https://www.midjourney.com/jobs/7f7bf2bd-381f-4ce8-a104-87e690959e95?index=0","tram, interior, ergonomic, modern, future, eco, unusual shapes, biophilic, photorealistic, streamlined, luxurious, sustainable"
"ewaa_g_tram_metro_interior_future_modern_d9a0b5a9-2e6b-4383-96b0-8268002fcec3_0.png","https://www.midjourney.com/jobs/d9a0b5a9-2e6b-4383-96b0-8268002fcec3?index=0","tram, metro, interior, future, modern"
"ewaa_g_train_interior_organic_tree_and_lighting_gaudi_inspire_45f8f287-1bba-4d78-a45a-5faf894dd235_1.png","https://www.midjourney.com/jobs/45f8f287-1bba-4d78-a45a-5faf894dd235?index=1","train interior organic tree and lighting gaudi inspired"
"ewaa_g_tram_comfort_cosmos_oval_shapes_e201cd5c-23a5-4d79-a3e4-d928194e3b48_3.png","https://www.midjourney.com/jobs/e201cd5c-23a5-4d79-a3e4-d928194e3b48?index=3","tram, comfort, cosmos, oval shapes"
"ewaa_g_tram_bike_place_interior_design_807ded53-28be-494f-8fbc-d58c7f9daa2b_2.png","https://www.midjourney.com/jobs/807ded53-28be-494f-8fbc-d58c7f9daa2b?index=2","tram, bike place, interior design,"
"ewaa_g_tram_interior_coloured_glass_windows_minimalist_seats__60779c34-af54-4c64-bf17-9e5290e2f4bc_0.png","https://www.midjourney.com/jobs/60779c34-af54-4c64-bf17-9e5290e2f4bc?index=0","tram interior coloured glass windows minimalist seats white colour aesthetic"
"ewaa_g_tram_led_comfortable_seats_high_end_modern_e6fd471d-a190-41e2-bd31-40d310cf5996_0.png","https://www.midjourney.com/jobs/e6fd471d-a190-41e2-bd31-40d310cf5996?index=0","tram, led, comfortable seats, high end, modern"
"ewaa_g_futuristic_seats_long_tape_lights_led_waves_bus_tram_c_9c397f79-636f-454c-ac94-ead5ca05d933_0.png","https://www.midjourney.com/jobs/9c397f79-636f-454c-ac94-ead5ca05d933?index=0","futuristic seats, long tape lights, led, waves, bus, tram, car"
"ewaa_g_minimalist_modern_retro_tram_interior_2bfdc3b0-a429-4e5c-a26c-e745c6792b8c_1.png","https://www.midjourney.com/jobs/2bfdc3b0-a429-4e5c-a26c-e745c6792b8c?index=1","minimalist modern retro tram interior"
"ewaa_g_tram_fast_future_streamlined_light_organic_structure_s_bf369719-203b-475d-a185-724ef7b69658_1.png","https://www.midjourney.com/jobs/bf369719-203b-475d-a185-724ef7b69658?index=1","tram, fast, future, streamlined, light, organic structure, seats"
"ewaa_g_metro_train_interior_organic_branches_form_c2f3a060-4eda-492d-99f2-a7971948956e_0.png","https://www.midjourney.com/jobs/c2f3a060-4eda-492d-99f2-a7971948956e?index=0","metro train interior organic branches form"
"ewaa_g_middle_of_the_tram_oval_shapes_metal_future_963ea23d-dbb8-4dae-ba67-e3300225f299_2.png","https://www.midjourney.com/jobs/963ea23d-dbb8-4dae-ba67-e3300225f299?index=2","middle of the tram, oval shapes, metal, future"
"ewaa_g_tram_space_oval_shapes_blue_pink_purple_future_metal_c_f734895b-2936-4e16-8a08-caac77c008ea_1.png","https://www.midjourney.com/jobs/f734895b-2936-4e16-8a08-caac77c008ea?index=1","tram, space, oval shapes, blue, pink, purple, future, metal, cosmos"
"ewaa_g_tram_metro_interior_future_modern_553740e6-6c06-4bdb-bbf2-65181251140b_1.png","https://www.midjourney.com/jobs/553740e6-6c06-4bdb-bbf2-65181251140b?index=1","tram, metro, interior, future, modern"
"ewaa_g_tram_interior_ergonomic_modern_future_eco_unusual_shap_c1f5a4dc-c768-44af-985b-9c62dfc2b336_2.png","https://www.midjourney.com/jobs/c1f5a4dc-c768-44af-985b-9c62dfc2b336?index=2","tram, interior, ergonomic, modern, future, eco, unusual shapes, biophilic, photorealistic, streamlined, luxurious, sustainable"
"ewaa_g_tram_modern_style_big_windows_3fd9f12e-f7b7-4e0e-bc5d-50c68acc93f3_1.png","https://www.midjourney.com/jobs/3fd9f12e-f7b7-4e0e-bc5d-50c68acc93f3?index=1","tram, modern style, big windows,"
"ewaa_g_modern_long_seats_tape_seats_connection_irregular_shap_85515ad0-2457-497e-a70c-922a13e5f598_3.png","https://www.midjourney.com/jobs/85515ad0-2457-497e-a70c-922a13e5f598?index=3","modern, long seats, tape seats, connection, irregular shapes, capsule, tram"
"ewaa_g_tram_interior_design_organic_shapes_ecology_57777921-4871-4742-ac8c-a3ea1ccb9ecf_3.png","https://www.midjourney.com/jobs/57777921-4871-4742-ac8c-a3ea1ccb9ecf?index=3","tram, interior design, organic shapes, ecology"
"ewaa_g_tram_modern_tram_nice_view_interesting_lighting_white__cf666726-f37e-43fb-9e46-e42afb7dbadf_1.png","https://www.midjourney.com/jobs/cf666726-f37e-43fb-9e46-e42afb7dbadf?index=1","tram, modern tram, nice view, interesting lighting, white colour, clean design, place for seats, avaibility, luggage, dog"
"ewaa_g_tram_metro_interior_modern_comfortable_white_led_irreg_ba5bc14e-9e50-4168-93d2-890c086fbc82_2.png","https://www.midjourney.com/jobs/ba5bc14e-9e50-4168-93d2-890c086fbc82?index=2","tram metro interior modern comfortable white led irregular seats organic shapes"
"ewaa_g_interior_tram_high_design_abstract_forms_geometrical_c_7ac4d6a3-218a-4287-9586-e716a5507ec1_3.png","https://www.midjourney.com/jobs/7ac4d6a3-218a-4287-9586-e716a5507ec1?index=3","interior, tram, high, design, abstract, forms, geometrical, chrome, elegant, silver, vibe, aesthetic"
"ewaa_g_tram_led_comfortable_seats_high_end_modern_45390612-9d92-4045-9fb3-2d78505fe36e_1.png","https://www.midjourney.com/jobs/45390612-9d92-4045-9fb3-2d78505fe36e?index=1","tram, led, comfortable seats, high end, modern"
"ewaa_g_tram_modern_tram_lighting_white_colour_clean_design_se_e4cc391c-e5a1-41c9-a5e4-964105075def_2.png","https://www.midjourney.com/jobs/e4cc391c-e5a1-41c9-a5e4-964105075def?index=2","tram, modern tram, lighting, white colour, clean design, seats, avaibility, place for bikes, place for dog, people in tram"
"ewaa_g_tram_modern_retro_led_future_356b8567-4eb5-407d-aa3b-a0faba38b662_3.png","https://www.midjourney.com/jobs/356b8567-4eb5-407d-aa3b-a0faba38b662?index=3","tram, modern, retro, led, future"
"ewaa_g_tram_interesting_shapes_sunny_day_modern_tram_led_viol_7fcff659-0e79-4005-bbf5-7685d374699f_0.png","https://www.midjourney.com/jobs/7fcff659-0e79-4005-bbf5-7685d374699f?index=0","tram, interesting shapes, sunny day, modern tram, led violett, red, blue, space atmosphere, clean design, panoramic window, manoramic ceiling"
"ewaa_g_tram_modern_tram_lighting_white_colour_clean_design_se_e4cc391c-e5a1-41c9-a5e4-964105075def_0.png","https://www.midjourney.com/jobs/e4cc391c-e5a1-41c9-a5e4-964105075def?index=0","tram, modern tram, lighting, white colour, clean design, seats, avaibility, place for bikes, place for dog, people in tram"
"ewaa_g_tram_fast_future_streamlined_light_organic_structure_s_bf369719-203b-475d-a185-724ef7b69658_0.png","https://www.midjourney.com/jobs/bf369719-203b-475d-a185-724ef7b69658?index=0","tram, fast, future, streamlined, light, organic structure, seats"
"ewaa_g_tram_spacious_modern_technology_innovative_aesthetic_f_69c2c9e9-b60e-4fa8-a6a7-6458926315b2_2.png","https://www.midjourney.com/jobs/69c2c9e9-b60e-4fa8-a6a7-6458926315b2?index=2","tram, spacious, modern technology, innovative, aesthetic, futuristic, interior, exterior, smart, elegant"
"ewaa_g_tram_modern_style_big_windows_3fd9f12e-f7b7-4e0e-bc5d-50c68acc93f3_3.png","https://www.midjourney.com/jobs/3fd9f12e-f7b7-4e0e-bc5d-50c68acc93f3?index=3","tram, modern style, big windows,"
"ewaa_g_metro_form_of_window_future_tram_daa11dd4-ad24-40da-b61a-bd8f732063de_2.png","https://www.midjourney.com/jobs/daa11dd4-ad24-40da-b61a-bd8f732063de?index=2","metro, form of window, future, tram,"
"ewaa_g_tram_fast_future_streamlined_light_organic_structure_s_497a06df-7f8d-4373-a7c6-5f75dee21b04_0.png","https://www.midjourney.com/jobs/497a06df-7f8d-4373-a7c6-5f75dee21b04?index=0","tram, fast, future, streamlined, light, organic structure, seats"
"ewaa_g_middle_of_the_tram_oval_shapes_metal_future_0e51f611-f854-445d-90ff-116499fbd651_1.png","https://www.midjourney.com/jobs/0e51f611-f854-445d-90ff-116499fbd651?index=1","middle of the tram, oval shapes, metal, future"
"ewaa_g_train_interior_organic_tree_and_lighting_gaudi_inspire_7e1e4eb8-c2a1-41d6-8b15-07f6ce06840a_2.png","https://www.midjourney.com/jobs/7e1e4eb8-c2a1-41d6-8b15-07f6ce06840a?index=2","train interior organic tree and lighting gaudi inspired"
"ewaa_g_tram_space_oval_shapes_blue_pink_purple_future_metal_c_f734895b-2936-4e16-8a08-caac77c008ea_3.png","https://www.midjourney.com/jobs/f734895b-2936-4e16-8a08-caac77c008ea?index=3","tram, space, oval shapes, blue, pink, purple, future, metal, cosmos"
"ewaa_g_tram_interior_ergonomic_modern_future_eco_unusual_shap_e9a0c2ea-520f-429f-9c4f-4bf944e5cf85_3.png","https://www.midjourney.com/jobs/e9a0c2ea-520f-429f-9c4f-4bf944e5cf85?index=3","tram, interior, ergonomic, modern, future, eco, unusual shapes, biophilic, photorealistic, streamlined, luxurious, sustainable"
"ewaa_g_tram_interesting_shapes_sunny_day_modern_tram_led_viol_ca8b0d97-3a1d-4520-8655-3de3ac75e058_3.png","https://www.midjourney.com/jobs/ca8b0d97-3a1d-4520-8655-3de3ac75e058?index=3","tram, interesting shapes, sunny day, modern tram, led violett, red, blue, space atmosphere, clean design, panoramic window, manoramic ceiling"
"ewaa_g_tram_modern_minimalistic_window_space_metal_natral_lig_2440574d-d590-49ea-851d-d19a67474ac2_2.png","https://www.midjourney.com/jobs/2440574d-d590-49ea-851d-d19a67474ac2?index=2","tram modern minimalistic window space metal natral light comfortable seats"
"ewaa_g_tram_interesting_shapes_night_city_with_lights_modern__4f43e621-6d00-4b3a-8e3c-b8fb4147d5e3_0.png","https://www.midjourney.com/jobs/4f43e621-6d00-4b3a-8e3c-b8fb4147d5e3?index=0","tram, interesting shapes, night city with lights, modern tram, led violett, red, blue, space atmosphere, clean design, panoramic window, manoramic ceiling"
"ewaa_g_tram_modern_minimalistic_window_space_metal_natral_lig_28c3e859-2b6e-4f77-bdf0-d9925e1d0691_1.png","https://www.midjourney.com/jobs/28c3e859-2b6e-4f77-bdf0-d9925e1d0691?index=1","tram modern minimalistic window space metal natral light comfortable seats"
"ewaa_g_tram_modern_tram_traditional_town_nice_view_interestin_317158f3-87ff-4fe3-aa06-e4fe756851d0_0.png","https://www.midjourney.com/jobs/317158f3-87ff-4fe3-aa06-e4fe756851d0?index=0","tram, modern tram, traditional town, nice view, interesting lighting, green colour, white colour, clean design, avaibility, seats, space for bicycles, space for luggage"
"ewaa_g_tram_interesting_shapes_night_city_with_lights_modern__2b88707a-4f8c-4a59-b2dd-c90237f2f0ed_0.png","https://www.midjourney.com/jobs/2b88707a-4f8c-4a59-b2dd-c90237f2f0ed?index=0","tram, interesting shapes, night city with lights, modern tram, led violett, red, blue, space atmosphere, clean design, panoramic window, manoramic ceiling"
"ewaa_g_tram_for_disabled_people_ergonomic_good_design_ac3183c3-33f3-4f7e-a725-42082c4fd1cf_3.png","https://www.midjourney.com/jobs/ac3183c3-33f3-4f7e-a725-42082c4fd1cf?index=3","tram for disabled people, ergonomic, good design"
"ewaa_g_tram_spacious_modern_technology_innovative_aesthetic_f_351dca96-3b8f-4072-b86f-f30264e3bf85_0.png","https://www.midjourney.com/jobs/351dca96-3b8f-4072-b86f-f30264e3bf85?index=0","tram, spacious, modern technology, innovative, aesthetic, futuristic, interior, exterior, smart, elegant"
"ewaa_g_train_interior_organic_tree_branches_form_and_lighting_04c95e0e-fe36-4c4f-86db-a24b7cf56efc_1.png","https://www.midjourney.com/jobs/04c95e0e-fe36-4c4f-86db-a24b7cf56efc?index=1","train interior organic tree branches form and lighting"
"ewaa_g_tram_interior_design_with_light_modern_led_organic_lon_dc72620a-01ad-40c8-91aa-20dce3082cf6_0.png","https://www.midjourney.com/jobs/dc72620a-01ad-40c8-91aa-20dce3082cf6?index=0","tram interior design with light modern led organic long irregular seats, tape seats, tape, long shapes, tram, transport, imagine, future, modern, futuristic, smart"
"ewaa_g_tram_interior_design_with_light_modern_led_organic_lon_f351f045-b76f-4a6f-99fd-9626c8a95cef_0.png","https://www.midjourney.com/jobs/f351f045-b76f-4a6f-99fd-9626c8a95cef?index=0","tram interior design with light modern led organic long irregular seats, tape seats, tape, long shapes, tram, transport, imagine, future, modern, futuristic, smart"
"ewaa_g_tram_interior_stained_glass_colorful_glass_monochrome__648b9dad-e9e8-4999-b2ac-8b9ebee05ddd_0.png","https://www.midjourney.com/jobs/648b9dad-e9e8-4999-b2ac-8b9ebee05ddd?index=0","tram, interior, stained glass, colorful glass, monochrome upholstery, modern"
"ewaa_g_uturistic_elegant_beige_tram_interior_with_neons_and_l_e2d12926-38a3-468e-b8ab-cd12eb2f0857_0.png","https://www.midjourney.com/jobs/e2d12926-38a3-468e-b8ab-cd12eb2f0857?index=0","uturistic elegant beige tram interior with neons and large round window"
"ewaa_g_middle_of_the_tram_oval_shapes_metal_future_neon_9a655922-6f1f-4d5a-bce5-0511cbaa9e11_1.png","https://www.midjourney.com/jobs/9a655922-6f1f-4d5a-bce5-0511cbaa9e11?index=1","middle of the tram, oval shapes, metal, future, neon"
"ewaa_g_futuristic_elegant_beige_tram_with_neons_and_large_win_35539544-7861-4209-8f26-a0297e9f62f6_3.png","https://www.midjourney.com/jobs/35539544-7861-4209-8f26-a0297e9f62f6?index=3","futuristic elegant beige tram with neons and large window"
"ewaa_g_metro_interor_tram_future_modern_intelegent_futuristic_f9a7fc97-3e9f-452d-a116-3537cde487d0_2.png","https://www.midjourney.com/jobs/f9a7fc97-3e9f-452d-a116-3537cde487d0?index=2","metro, interor, tram, future, modern, intelegent, futuristic, light"
"ewaa_g_futuristic_elegant_beige_tram_with_neons_and_large_rou_4916e426-4386-4fb6-8037-8d9295771b49_3.png","https://www.midjourney.com/jobs/4916e426-4386-4fb6-8037-8d9295771b49?index=3","futuristic elegant beige tram with neons and large round window"
"ewaa_g_tram_interior_glass_window_color_jacquemus_rectangle_c_068805af-d2c5-4afa-bace-58636a895b3c_0.png","https://www.midjourney.com/jobs/068805af-d2c5-4afa-bace-58636a895b3c?index=0","tram, interior, glass, window color, jacquemus, rectangle, circle, fashion"
"ewaa_g_futuristic_seats_long_tape_lights_led_waves_bus_tram_c_e6eb9121-72f6-4a04-9d9b-63b28f72bab0_0.png","https://www.midjourney.com/jobs/e6eb9121-72f6-4a04-9d9b-63b28f72bab0?index=0","futuristic seats, long tape lights, led, waves, bus, tram, car"
"ewaa_g_long_irregular_seats_tape_seats_tape_long_shapes_tram__62e4d174-aa1c-417c-a4be-b3485a54430d_2.png","https://www.midjourney.com/jobs/62e4d174-aa1c-417c-a4be-b3485a54430d?index=2","long irregular seats, tape seats, tape, long shapes, tram, transport, imagine, future, modern, futuristic, smart"
"ewaa_g_e_tram_modern_glass_interior_led_light_f37b4bc0-7d66-469a-8639-3e9d33531486_0.png","https://www.midjourney.com/jobs/f37b4bc0-7d66-469a-8639-3e9d33531486?index=0","e tram, modern, glass, interior, led light"
"ewaa_g_tram_interior_design_with_light_modern_led_organic_lon_0ee0349c-caf6-4614-9979-052736b36fa9_1.png","https://www.midjourney.com/jobs/0ee0349c-caf6-4614-9979-052736b36fa9?index=1","tram interior design with light modern led organic long irregular seats, tape seats, tape, long shapes, tram, transport, imagine, future, modern, futuristic, smart"
"ewaa_g_tram_modern_colorful_windows_high_design_23bc6c44-a4f0-4b73-aff7-0e80710c0c6e_0.png","https://www.midjourney.com/jobs/23bc6c44-a4f0-4b73-aff7-0e80710c0c6e?index=0","tram modern colorful windows high design"
"ewaa_g_tram_exterior_smart_elegant_colorful_ergonomic_place_f_17ed5b15-5ad8-4135-a222-7f086c00f89b_2.png","https://www.midjourney.com/jobs/17ed5b15-5ad8-4135-a222-7f086c00f89b?index=2","tram, exterior, smart, elegant, colorful, ergonomic, place for bike"
"ewaa_g_tram_fast_future_streamlined_light_organic_structure_s_def1adbc-6663-48c1-b5ee-4a88005f4b05_0.png","https://www.midjourney.com/jobs/def1adbc-6663-48c1-b5ee-4a88005f4b05?index=0","tram, fast, future, streamlined, light, organic structure, seats"
"ewaa_g_train_interior_organic_tree_and_lighting_gaudi_inspire_ba58d938-b815-45ce-b87c-a4997a7baec1_0.png","https://www.midjourney.com/jobs/ba58d938-b815-45ce-b87c-a4997a7baec1?index=0","train interior organic tree and lighting gaudi inspired"
"ewaa_g_futuristic_elegant_beige_tram_with_neons_and_large_rou_4916e426-4386-4fb6-8037-8d9295771b49_2.png","https://www.midjourney.com/jobs/4916e426-4386-4fb6-8037-8d9295771b49?index=2","futuristic elegant beige tram with neons and large round window"
"ewaa_g_tram_ergoomic_interior_spacious_comfortable_with_wood__fb34b42e-5a43-411a-94cb-407b92b504ed_1.png","https://www.midjourney.com/jobs/fb34b42e-5a43-411a-94cb-407b92b504ed?index=1","tram, ergoomic, interior, spacious, comfortable, with wood, aesthetic, cozy, environmentlly friendly"
"ewaa_g_tram_metro_interior_future_modern_336e17fe-4547-48eb-b597-515a59e7f094_3.png","https://www.midjourney.com/jobs/336e17fe-4547-48eb-b597-515a59e7f094?index=3","tram, metro, interior, future, modern"
"ewaa_g_tram_modern_tram_traditional_town_nice_view_interestin_b3dd9146-80c5-4efd-9e93-b56f499067d3_1.png","https://www.midjourney.com/jobs/b3dd9146-80c5-4efd-9e93-b56f499067d3?index=1","tram, modern tram, traditional town, nice view, interesting lighting, green colour, white colour, clean design, avaibility, seats, space for bicycles, space for luggage"
"ewaa_g_middle_of_the_tram_oval_shapes_metal_future_neon_d8a040a2-7841-4864-a591-546d8777a666_3.png","https://www.midjourney.com/jobs/d8a040a2-7841-4864-a591-546d8777a666?index=3","middle of the tram, oval shapes, metal, future, neon"
"ewaa_g_tram_modern_tram_traditional_town_nice_view_interestin_27853ae3-5046-4ff5-bdec-ea1503988041_1.png","https://www.midjourney.com/jobs/27853ae3-5046-4ff5-bdec-ea1503988041?index=1","tram, modern tram, traditional town, nice view, interesting lighting, green colour, white colour, clean design, avaibility, seats, space for bicycles, space for luggage"
"ewaa_g_middle_of_the_tram_oval_shapes_metal_future_f416f91f-e4f7-4212-9b3a-b4aadaf71442_0.png","https://www.midjourney.com/jobs/f416f91f-e4f7-4212-9b3a-b4aadaf71442?index=0","middle of the tram, oval shapes, metal, future"
"ewaa_g_uturistic_elegant_beige_tram_interior_with_neons_and_l_3c6cb9e5-17e1-4a6b-98d3-68608cefa9f7_0.png","https://www.midjourney.com/jobs/3c6cb9e5-17e1-4a6b-98d3-68608cefa9f7?index=0","uturistic elegant beige tram interior with neons and large round window"
"ewaa_g_tram_for_disabled_people_ergonomic_good_design_ac3183c3-33f3-4f7e-a725-42082c4fd1cf_1.png","https://www.midjourney.com/jobs/ac3183c3-33f3-4f7e-a725-42082c4fd1cf?index=1","tram for disabled people, ergonomic, good design"
"ewaa_g_tram_interior_design_with_light_modern_led_organic_lon_02342ce4-9196-4c89-9c15-cb257492f3b6_2.png","https://www.midjourney.com/jobs/02342ce4-9196-4c89-9c15-cb257492f3b6?index=2","tram interior design with light modern led organic long irregular seats, tape seats, tape, long shapes, tram, transport, imagine, future, modern, futuristic, smart"
"ewaa_g_tram_pink_glass_window_futuristic_design_cosmic_5a042949-c6a8-49ff-9a94-e8099117531a_1.png","https://www.midjourney.com/jobs/5a042949-c6a8-49ff-9a94-e8099117531a?index=1","tram pink glass window futuristic design cosmic"
"ewaa_g_futuristic_elegent_tram_with_beige_interior_and_large__107429c8-0e05-4837-bbfe-358474e39db3_0.png","https://www.midjourney.com/jobs/107429c8-0e05-4837-bbfe-358474e39db3?index=0","futuristic elegent tram with beige interior and large window"
"ewaa_g_tram_interior_coloured_glass_windows_minimalist_seats__b04eafa7-4d83-4ce8-bf27-6ba47293c7b7_3.png","https://www.midjourney.com/jobs/b04eafa7-4d83-4ce8-bf27-6ba47293c7b7?index=3","tram interior coloured glass windows minimalist seats white colour aesthetic"
"ewaa_g_tram_fast_future_streamlined_light_organic_structure_s_2eaa4ddb-caef-49ef-8210-83942a1ff932_1.png","https://www.midjourney.com/jobs/2eaa4ddb-caef-49ef-8210-83942a1ff932?index=1","tram, fast, future, streamlined, light, organic structure, seats"
"ewaa_g_tram_interior_design_with_light_modern_led_organic_lon_33d67b4c-2ca2-43be-8fdd-095f2805b01b_2.png","https://www.midjourney.com/jobs/33d67b4c-2ca2-43be-8fdd-095f2805b01b?index=2","tram interior design with light modern led organic long irregular seats, tape seats, tape, long shapes, tram, transport, imagine, future, modern, futuristic, smart"
"ewaa_g_uturistic_seats_long_tape_lights_led_waves_bus_tram_ca_d975ba5b-cb53-42bc-a602-6833c835bea8_3.png","https://www.midjourney.com/jobs/d975ba5b-cb53-42bc-a602-6833c835bea8?index=3","uturistic seats, long tape lights, led, waves, bus, tram, car"
"ewaa_g_tram_interior_goth_minimalistic_black_1496c7d6-870b-464f-b056-c06f49e76077_3.png","https://www.midjourney.com/jobs/1496c7d6-870b-464f-b056-c06f49e76077?index=3","tram interior goth minimalistic black"
"ewaa_g_tram_modern_tram_traditional_town_nice_view_interestin_b47db531-c163-4e35-9dfc-06d75fe461d0_2.png","https://www.midjourney.com/jobs/b47db531-c163-4e35-9dfc-06d75fe461d0?index=2","tram, modern tram, traditional town, nice view, interesting lighting, green colour, white colour, clean design, avaibility, seats, space for bicycles, space for luggage"
"ewaa_g_tram_interesting_shapes_sunny_day_modern_tram_led_viol_ca8b0d97-3a1d-4520-8655-3de3ac75e058_2.png","https://www.midjourney.com/jobs/ca8b0d97-3a1d-4520-8655-3de3ac75e058?index=2","tram, interesting shapes, sunny day, modern tram, led violett, red, blue, space atmosphere, clean design, panoramic window, manoramic ceiling"
"ewaa_g_tram_modern_style_big_windows_3fd9f12e-f7b7-4e0e-bc5d-50c68acc93f3_0.png","https://www.midjourney.com/jobs/3fd9f12e-f7b7-4e0e-bc5d-50c68acc93f3?index=0","tram, modern style, big windows,"
"ewaa_g_tram_retro_interior_with_colorful_window_metal_blue_an_5295e323-1271-4c3b-ae26-f7f805b4edc5_3.png","https://www.midjourney.com/jobs/5295e323-1271-4c3b-ae26-f7f805b4edc5?index=3","tram retro interior with colorful window metal blue and red irregular seats irregular window"
"ewaa_g_metro_train_interior_organic_branches_form_ec35c5e7-c06e-496b-bcfb-7bda9474af72_2.png","https://www.midjourney.com/jobs/ec35c5e7-c06e-496b-bcfb-7bda9474af72?index=2","metro train interior organic branches form"
"ewaa_g_tram_window_exterior_modent_future_2f703b03-9e68-4f50-b2b0-48fd61b04caf_1.png","https://www.midjourney.com/jobs/2f703b03-9e68-4f50-b2b0-48fd61b04caf?index=1","tram, window, exterior, modent, future"
"ewaa_g_tram_modern_retro_led_future_b14ff711-25c1-44be-9b1f-94c26195742f_1.png","https://www.midjourney.com/jobs/b14ff711-25c1-44be-9b1f-94c26195742f?index=1","tram, modern, retro, led, future"
"ewaa_g_tram_modern_tram_lighting_white_colour_clean_design_se_79b54045-8195-49cf-9ded-66e4bebb5f53_1.png","https://www.midjourney.com/jobs/79b54045-8195-49cf-9ded-66e4bebb5f53?index=1","tram, modern tram, lighting, white colour, clean design, seats, avaibility, place for bikes, place for dog, people in tram"
"ewaa_g_tram_interior_pink_glass_5e578e03-d725-4105-aeb7-889c34d561c0_1.png","https://www.midjourney.com/jobs/5e578e03-d725-4105-aeb7-889c34d561c0?index=1","tram interior pink glass"
"ewaa_g_tram_interesting_shapes_night_city_with_lights_modern__33496c53-4401-44f4-8aaa-0b0deaed5572_3.png","https://www.midjourney.com/jobs/33496c53-4401-44f4-8aaa-0b0deaed5572?index=3","tram, interesting shapes, night city with lights, modern tram, led violett, red, blue, space atmosphere, clean design, panoramic window, manoramic ceiling"
"ewaa_g_tram_light_modern_interior_led_organic_7a7a998c-157d-47ca-a033-a86df0aedbb6_0.png","https://www.midjourney.com/jobs/7a7a998c-157d-47ca-a033-a86df0aedbb6?index=0","tram light modern interior led organic"
"ewaa_g_train_interior_organic_tree_and_lighting_gaudi_inspire_bc2d7b8d-3747-4c23-903a-0b5e324b85c0_3.png","https://www.midjourney.com/jobs/bc2d7b8d-3747-4c23-903a-0b5e324b85c0?index=3","train interior organic tree and lighting gaudi inspired"
"ewaa_g_tram_interior_design_with_light_modern_led_organic_lon_ac1f2352-14d4-4ea6-954d-5980a523becb_1.png","https://www.midjourney.com/jobs/ac1f2352-14d4-4ea6-954d-5980a523becb?index=1","tram interior design with light modern led organic long irregular seats, tape seats, tape, long shapes, tram, transport, imagine, future, modern, futuristic, smart"
"ewaa_g_middle_of_the_tram_oval_shapes_metal_future_neon_9a655922-6f1f-4d5a-bce5-0511cbaa9e11_2.png","https://www.midjourney.com/jobs/9a655922-6f1f-4d5a-bce5-0511cbaa9e11?index=2","middle of the tram, oval shapes, metal, future, neon"
"ewaa_g_tram_metro_interior_future_modern_7732fab4-f1a0-44a6-8052-2331ec2b4043_0.png","https://www.midjourney.com/jobs/7732fab4-f1a0-44a6-8052-2331ec2b4043?index=0","tram, metro, interior, future, modern"
"ewaa_g_train_interior_organic_tree_and_lighting_gaudi_inspire_7e1e4eb8-c2a1-41d6-8b15-07f6ce06840a_3.png","https://www.midjourney.com/jobs/7e1e4eb8-c2a1-41d6-8b15-07f6ce06840a?index=3","train interior organic tree and lighting gaudi inspired"
"ewaa_g_tram_ergoomic_interior_spacious_comfortable_with_wood__27765a70-fd8d-4cbd-8d92-5fb9da8ab97c_1.png","https://www.midjourney.com/jobs/27765a70-fd8d-4cbd-8d92-5fb9da8ab97c?index=1","tram, ergoomic, interior, spacious, comfortable, with wood, aesthetic, cozy, environmentlly friendly"
"ewaa_g_tram_interior_design_organic_shapes_ecology_57777921-4871-4742-ac8c-a3ea1ccb9ecf_1.png","https://www.midjourney.com/jobs/57777921-4871-4742-ac8c-a3ea1ccb9ecf?index=1","tram, interior design, organic shapes, ecology"
"ewaa_g_tram_metro_interior_modern_comfortable_white_led_irreg_901ac5af-3c18-4dfb-a34b-fd9811254658_2.png","https://www.midjourney.com/jobs/901ac5af-3c18-4dfb-a34b-fd9811254658?index=2","tram metro interior modern comfortable white led irregular seats organic shapes"
"ewaa_g_tram_interior_stained_glass_colorful_glass_monochrome__b2c8d294-eb22-4ba1-a151-a8cda44ebd6f_0.png","https://www.midjourney.com/jobs/b2c8d294-eb22-4ba1-a151-a8cda44ebd6f?index=0","tram, interior, stained glass, colorful glass, monochrome upholstery, modern"
"ewaa_g_futuristic_elegant_beige_tram_with_neons_and_large_win_0014a955-bfc3-4304-86d5-2db681ef83f7_0.png","https://www.midjourney.com/jobs/0014a955-bfc3-4304-86d5-2db681ef83f7?index=0","futuristic elegant beige tram with neons and large window on top"
"ewaa_g_tram_high_design_abstract_forms_geometrical_chrome_ele_8383823c-f474-49b5-b120-564a5bea391f_2.png","https://www.midjourney.com/jobs/8383823c-f474-49b5-b120-564a5bea391f?index=2","tram, high, design, abstract, forms, geometrical, chrome, elegant, vibe"
"ewaa_g_train_interior_organic_tree_and_lighting_gaudi_inspire_45f8f287-1bba-4d78-a45a-5faf894dd235_3.png","https://www.midjourney.com/jobs/45f8f287-1bba-4d78-a45a-5faf894dd235?index=3","train interior organic tree and lighting gaudi inspired"
"ewaa_g_tram_interior_minimalist_modern_light_white_led_clean__5295f90a-1b52-4269-886f-bafa5aca7622_0.png","https://www.midjourney.com/jobs/5295f90a-1b52-4269-886f-bafa5aca7622?index=0","tram interior minimalist modern light white led clean aesthetic"
"ewaa_g_tram_interior_ergonomic_modern_future_eco_unusual_shap_8baf9750-4421-42a4-af44-4bdd5af70d2e_1.png","https://www.midjourney.com/jobs/8baf9750-4421-42a4-af44-4bdd5af70d2e?index=1","tram, interior, ergonomic, modern, future, eco, unusual shapes, biophilic, photorealistic, streamlined, luxurious, sustainable"
"ewaa_g_tram_interesting_shapes_night_city_with_lights_modern__4f43e621-6d00-4b3a-8e3c-b8fb4147d5e3_1.png","https://www.midjourney.com/jobs/4f43e621-6d00-4b3a-8e3c-b8fb4147d5e3?index=1","tram, interesting shapes, night city with lights, modern tram, led violett, red, blue, space atmosphere, clean design, panoramic window, manoramic ceiling"
"ewaa_g_tram_fast_future_streamlined_light_organic_structure_s_def1adbc-6663-48c1-b5ee-4a88005f4b05_1.png","https://www.midjourney.com/jobs/def1adbc-6663-48c1-b5ee-4a88005f4b05?index=1","tram, fast, future, streamlined, light, organic structure, seats"
"ewaa_g_tram_organic_shapes_nature_modern_545a07cf-3ec5-4335-97a0-3a3d2f877048_2.png","https://www.midjourney.com/jobs/545a07cf-3ec5-4335-97a0-3a3d2f877048?index=2","tram, organic shapes, nature, modern"
"ewaa_g_tram_interior_ergonomic_modern_future_eco_unusual_shap_80ed602d-4205-4410-8067-81dc4d21f4ae_0.png","https://www.midjourney.com/jobs/80ed602d-4205-4410-8067-81dc4d21f4ae?index=0","tram, interior, ergonomic, modern, future, eco, unusual shapes, biophilic, photorealistic, streamlined, luxurious, sustainable"
"ewaa_g_middle_of_the_tram_oval_shapes_metal_future_neon_d8a040a2-7841-4864-a591-546d8777a666_1.png","https://www.midjourney.com/jobs/d8a040a2-7841-4864-a591-546d8777a666?index=1","middle of the tram, oval shapes, metal, future, neon"
"ewaa_g_tram_interior_ergonomic_modern_future_eco_unusual_shap_e9a0c2ea-520f-429f-9c4f-4bf944e5cf85_0.png","https://www.midjourney.com/jobs/e9a0c2ea-520f-429f-9c4f-4bf944e5cf85?index=0","tram, interior, ergonomic, modern, future, eco, unusual shapes, biophilic, photorealistic, streamlined, luxurious, sustainable"
"ewaa_g_tram_window_exterior_modent_future_55c9b508-7d28-406c-8a4a-a3648aaf157a_2.png","https://www.midjourney.com/jobs/55c9b508-7d28-406c-8a4a-a3648aaf157a?index=2","tram, window, exterior, modent, future"
"ewaa_g_tram_interior_ergonomic_modern_future_eco_unusual_shap_e9a0c2ea-520f-429f-9c4f-4bf944e5cf85_1.png","https://www.midjourney.com/jobs/e9a0c2ea-520f-429f-9c4f-4bf944e5cf85?index=1","tram, interior, ergonomic, modern, future, eco, unusual shapes, biophilic, photorealistic, streamlined, luxurious, sustainable"
"ewaa_g_tram_interior_design_organic_shapes_ecology_ad356144-eecb-432c-842b-5ec21e6e5d66_0.png","https://www.midjourney.com/jobs/ad356144-eecb-432c-842b-5ec21e6e5d66?index=0","tram, interior design, organic shapes, ecology"
"ewaa_g_e_tram_modern_glass_interior_led_light_992c939d-2e0d-4525-a937-b080faecfd8d_0.png","https://www.midjourney.com/jobs/992c939d-2e0d-4525-a937-b080faecfd8d?index=0","e tram, modern, glass, interior, led light"
"ewaa_g_tram_interior_glass_window_color_jacquemus_rectangle_c_a9ea67e2-c530-4da5-8534-9ce0602a5a49_2.png","https://www.midjourney.com/jobs/a9ea67e2-c530-4da5-8534-9ce0602a5a49?index=2","tram, interior, glass, window color, jacquemus, rectangle, circle, fashion"
"ewaa_g_uturistic_seats_long_tape_lights_led_waves_bus_tram_ca_df49eb27-edd4-4752-82ca-b39d8105c263_0.png","https://www.midjourney.com/jobs/df49eb27-edd4-4752-82ca-b39d8105c263?index=0","uturistic seats, long tape lights, led, waves, bus, tram, car"
"ewaa_g_tram_metro_interior_future_modern_336e17fe-4547-48eb-b597-515a59e7f094_2.png","https://www.midjourney.com/jobs/336e17fe-4547-48eb-b597-515a59e7f094?index=2","tram, metro, interior, future, modern"
"ewaa_g_uturistic_elegant_beige_tram_interior_with_neons_and_l_e2d12926-38a3-468e-b8ab-cd12eb2f0857_2.png","https://www.midjourney.com/jobs/e2d12926-38a3-468e-b8ab-cd12eb2f0857?index=2","uturistic elegant beige tram interior with neons and large round window"
"ewaa_g_tram_exterior_smart_elegant_colorful_ergonomic_place_f_4eb5e1d2-9a9c-4da8-a17c-9c9c7816ec6f_1.png","https://www.midjourney.com/jobs/4eb5e1d2-9a9c-4da8-a17c-9c9c7816ec6f?index=1","tram, exterior, smart, elegant, colorful, ergonomic, place for bike"
"ewaa_g_tram_exterior_smart_elegant_colorful_ergonomic_place_f_4eb5e1d2-9a9c-4da8-a17c-9c9c7816ec6f_0.png","https://www.midjourney.com/jobs/4eb5e1d2-9a9c-4da8-a17c-9c9c7816ec6f?index=0","tram, exterior, smart, elegant, colorful, ergonomic, place for bike"
"ewaa_g_tram_modern_tram_traditional_town_nice_view_interestin_7f66f5e0-62f5-4620-9f21-5e7b7934925c_0.png","https://www.midjourney.com/jobs/7f66f5e0-62f5-4620-9f21-5e7b7934925c?index=0","tram, modern tram, traditional town, nice view, interesting lighting, green colour, white colour, clean design, avaibility, seats, space for bicycles, space for luggage"
"ewaa_g_tram_window_exterior_modent_future_1a3624be-6b79-4350-88ad-00f6c6e1c05a_0.png","https://www.midjourney.com/jobs/1a3624be-6b79-4350-88ad-00f6c6e1c05a?index=0","tram, window, exterior, modent, future"
"ewaa_g_tram_ergoomic_interior_spacious_comfortable_with_wood__cfeddf7c-db2f-4f9f-be87-932e3087d2a7_0.png","https://www.midjourney.com/jobs/cfeddf7c-db2f-4f9f-be87-932e3087d2a7?index=0","tram, ergoomic, interior, spacious, comfortable, with wood, aesthetic, cozy, environmentlly friendly"
"ewaa_g_tram_modern_retro_led_future_4b564eab-37d5-40c6-8a82-3fd57aa33dbc_0.png","https://www.midjourney.com/jobs/4b564eab-37d5-40c6-8a82-3fd57aa33dbc?index=0","tram, modern, retro, led, future"
"ewaa_g_tram_interesting_shapes_sunny_day_modern_tram_led_viol_ca8b0d97-3a1d-4520-8655-3de3ac75e058_0.png","https://www.midjourney.com/jobs/ca8b0d97-3a1d-4520-8655-3de3ac75e058?index=0","tram, interesting shapes, sunny day, modern tram, led violett, red, blue, space atmosphere, clean design, panoramic window, manoramic ceiling"
"ewaa_g_tram_modern_tram_traditional_town_nice_view_interestin_27853ae3-5046-4ff5-bdec-ea1503988041_2.png","https://www.midjourney.com/jobs/27853ae3-5046-4ff5-bdec-ea1503988041?index=2","tram, modern tram, traditional town, nice view, interesting lighting, green colour, white colour, clean design, avaibility, seats, space for bicycles, space for luggage"
"ewaa_g_futuristic_elegent_tram_with_beige_interior_and_large__2ff386f2-0d1f-4853-925e-719acf020da0_0.png","https://www.midjourney.com/jobs/2ff386f2-0d1f-4853-925e-719acf020da0?index=0","futuristic elegent tram with beige interior and large window"
"ewaa_g_tram_led_comfortable_seats_high_end_modern_45390612-9d92-4045-9fb3-2d78505fe36e_2.png","https://www.midjourney.com/jobs/45390612-9d92-4045-9fb3-2d78505fe36e?index=2","tram, led, comfortable seats, high end, modern"
"ewaa_g_tram_spacious_modern_technology_innovative_aesthetic_f_6157d1ea-cb09-42d2-9509-15a8d3f82f3e_1.png","https://www.midjourney.com/jobs/6157d1ea-cb09-42d2-9509-15a8d3f82f3e?index=1","tram, spacious, modern technology, innovative, aesthetic, futuristic, interior, exterior, smart, elegant"
"ewaa_g_tram_modern_soft_shapes_people_with_disability_1c03fe3c-7a77-443b-a785-c1d35c715435_2.png","https://www.midjourney.com/jobs/1c03fe3c-7a77-443b-a785-c1d35c715435?index=2","tram, modern, soft shapes, people with disability"
"ewaa_g_tram_modern_minimalistic_window_space_metal_natral_lig_168fc947-ed24-439e-9117-aefc8eebc9bc_0.png","https://www.midjourney.com/jobs/168fc947-ed24-439e-9117-aefc8eebc9bc?index=0","tram modern minimalistic window space metal natral light comfortable seats"
"ewaa_g_middle_of_the_tram_oval_shapes_metal_future_neon_315cb194-b351-40f0-ae74-b486bfb6cf53_2.png","https://www.midjourney.com/jobs/315cb194-b351-40f0-ae74-b486bfb6cf53?index=2","middle of the tram, oval shapes, metal, future, neon"
"ewaa_g_long_irregular_seats_tape_seats_tape_long_shapes_tram__4bb31f9b-b9c2-4f95-a2a2-4cc4a3e2df23_3.png","https://www.midjourney.com/jobs/4bb31f9b-b9c2-4f95-a2a2-4cc4a3e2df23?index=3","long irregular seats, tape seats, tape, long shapes, tram, transport, imagine, future, modern, futuristic, smart"
"ewaa_g_middle_of_the_tram_oval_shapes_metal_future_963ea23d-dbb8-4dae-ba67-e3300225f299_1.png","https://www.midjourney.com/jobs/963ea23d-dbb8-4dae-ba67-e3300225f299?index=1","middle of the tram, oval shapes, metal, future"
"ewaa_g_tram_window_exterior_modent_future_02881afe-fe88-47d2-98a3-d38f56284d85_0.png","https://www.midjourney.com/jobs/02881afe-fe88-47d2-98a3-d38f56284d85?index=0","tram, window, exterior, modent, future"
"ewaa_g_futuristic_seats_long_tape_lights_led_waves_bus_tram_c_46a7fd80-b16b-434e-97d1-561092f20ca6_0.png","https://www.midjourney.com/jobs/46a7fd80-b16b-434e-97d1-561092f20ca6?index=0","futuristic seats, long tape lights, led, waves, bus, tram, car"
"ewaa_g_futuristic_elegant_beige_tram_with_neons_and_large_win_6f803161-dc0d-48ae-8df9-aecd4882e361_0.png","https://www.midjourney.com/jobs/6f803161-dc0d-48ae-8df9-aecd4882e361?index=0","futuristic elegant beige tram with neons and large window"
"ewaa_g_tram_exterior_smart_elegant_colorful_ergonomic_place_f_17ed5b15-5ad8-4135-a222-7f086c00f89b_1.png","https://www.midjourney.com/jobs/17ed5b15-5ad8-4135-a222-7f086c00f89b?index=1","tram, exterior, smart, elegant, colorful, ergonomic, place for bike"
"ewaa_g_middle_of_the_tram_oval_shapes_a0908687-0f42-4dcd-8784-2a2083f97e0f_3.png","https://www.midjourney.com/jobs/a0908687-0f42-4dcd-8784-2a2083f97e0f?index=3","middle of the tram, oval shapes"
"ewaa_g_tram_bike_place_interior_design_807ded53-28be-494f-8fbc-d58c7f9daa2b_0.png","https://www.midjourney.com/jobs/807ded53-28be-494f-8fbc-d58c7f9daa2b?index=0","tram, bike place, interior design,"
"ewaa_g_tram_window_exterior_modent_future_55c9b508-7d28-406c-8a4a-a3648aaf157a_0.png","https://www.midjourney.com/jobs/55c9b508-7d28-406c-8a4a-a3648aaf157a?index=0","tram, window, exterior, modent, future"
"ewaa_g_tram_modern_colorful_windows_high_design_23bc6c44-a4f0-4b73-aff7-0e80710c0c6e_2.png","https://www.midjourney.com/jobs/23bc6c44-a4f0-4b73-aff7-0e80710c0c6e?index=2","tram modern colorful windows high design"
"ewaa_g_tram_interior_cozy_white_pop_of_colour_lights_ee5f6e0f-be47-4290-b954-847d86894568_3.png","https://www.midjourney.com/jobs/ee5f6e0f-be47-4290-b954-847d86894568?index=3","tram interior cozy white pop of colour lights"
"ewaa_g_train_interior_organic_tree_and_lighting_gaudi_inspire_1e4ea07e-6815-4eb5-8c45-c46060bb95f7_3.png","https://www.midjourney.com/jobs/1e4ea07e-6815-4eb5-8c45-c46060bb95f7?index=3","train interior organic tree and lighting gaudi inspired"
"ewaa_g_tram_modern_style_big_windows_86ea9c59-99ad-43d9-a358-e8faf7ca7d8b_0.png","https://www.midjourney.com/jobs/86ea9c59-99ad-43d9-a358-e8faf7ca7d8b?index=0","tram, modern style, big windows,"
"ewaa_g_tram_design_futuristic_abstract_interior_84ba9b86-77fd-4d69-8471-545d158cba51_0.png","https://www.midjourney.com/jobs/84ba9b86-77fd-4d69-8471-545d158cba51?index=0","tram design futuristic abstract interior"
"ewaa_g_futuristic_elegent_tram_with_beige_interior_and_large__2ff386f2-0d1f-4853-925e-719acf020da0_1.png","https://www.midjourney.com/jobs/2ff386f2-0d1f-4853-925e-719acf020da0?index=1","futuristic elegent tram with beige interior and large window"
"ewaa_g_tram_interior_goth_minimalistic_black_1496c7d6-870b-464f-b056-c06f49e76077_2.png","https://www.midjourney.com/jobs/1496c7d6-870b-464f-b056-c06f49e76077?index=2","tram interior goth minimalistic black"
"ewaa_g_tram_interior_stained_glass_colorful_glass_monochrome__69c63d4a-4a94-41a9-80dc-9017088df4e6_3.png","https://www.midjourney.com/jobs/69c63d4a-4a94-41a9-80dc-9017088df4e6?index=3","tram, interior, stained glass, colorful glass, monochrome upholstery, modern"
"ewaa_g_tram_interior_cozy_white_pop_of_colour_lights_ee5f6e0f-be47-4290-b954-847d86894568_0.png","https://www.midjourney.com/jobs/ee5f6e0f-be47-4290-b954-847d86894568?index=0","tram interior cozy white pop of colour lights"
"ewaa_g_tram_spacious_modern_technology_innovative_aesthetic_f_774c4d02-29f2-41e6-8ea3-61196f819424_3.png","https://www.midjourney.com/jobs/774c4d02-29f2-41e6-8ea3-61196f819424?index=3","tram, spacious, modern technology, innovative, aesthetic, futuristic, interior, exterior, smart, elegant"
"ewaa_g_uturistic_seats_long_tape_lights_led_waves_bus_tram_ca_56af2665-cd29-44e5-98d6-28a0fe2121f6_1.png","https://www.midjourney.com/jobs/56af2665-cd29-44e5-98d6-28a0fe2121f6?index=1","uturistic seats, long tape lights, led, waves, bus, tram, car"
"visualsketchbook_modern_futuristic_tram_super_fast_and_obliqu_3088881a-e87c-4b10-8fd2-d149bdfd737f_0.png","https://www.midjourney.com/jobs/3088881a-e87c-4b10-8fd2-d149bdfd737f?index=0","modern futuristic tram super fast and oblique in city extraordinary two floors economic ecofriendly independent stylish and new"
"visualsketchbook_future_tram_streamlined_fast_wavy_brown_sand_71ea29c8-0381-4442-b428-1ae33dfb5a23_1.png","https://www.midjourney.com/jobs/71ea29c8-0381-4442-b428-1ae33dfb5a23?index=1","future, tram, streamlined, fast, wavy, brown, sand colors,bladerunner, seaweed, in the city"
"visualsketchbook_future_futuristic_tram_streamlined_fast_wavy_3eae45f4-2048-4e42-a616-7990c0e7bf81_2.png","https://www.midjourney.com/jobs/3eae45f4-2048-4e42-a616-7990c0e7bf81?index=2","future, futuristic tram, streamlined, fast, wavy, brown, in the city, modern"
"visualsketchbook_chair_with_light_in_high_tech_style_ea7fcc3c-108a-485b-8dce-e73db1332744_0.png","https://www.midjourney.com/jobs/ea7fcc3c-108a-485b-8dce-e73db1332744?index=0","chair with light in high tech style"
"visualsketchbook_modern_simple_future_futuristic_tram_in_fron_82288b57-5e33-481c-b3c5-804e255bae6c_2.png","https://www.midjourney.com/jobs/82288b57-5e33-481c-b3c5-804e255bae6c?index=2","modern, simple, future, futuristic tram in front"
"visualsketchbook_tram_interior_with_seats_spread_out_in_the_m_10024f84-09c2-410d-b51e-9d4c3c85335d_2.png","https://www.midjourney.com/jobs/10024f84-09c2-410d-b51e-9d4c3c85335d?index=2","tram interior with seats spread out in the middle of tram in the futuristic style"
"visualsketchbook_interior_design_of_a_tram_which_is_ergonomic_e2a90996-ca1e-4747-8b1b-42e505bab162_0.png","https://www.midjourney.com/jobs/e2a90996-ca1e-4747-8b1b-42e505bab162?index=0","interior design of a tram which is ergonomic, economical, organic with panoramic ceiling windows, wavy shapes, led amient lighting, natural materials with one contrasting colour"
"visualsketchbook_tram_inside_vincent_callebaut_envision_futur_6fed9f0e-8f2c-4a5f-8919-2abef7388d9c_0.png","https://www.midjourney.com/jobs/6fed9f0e-8f2c-4a5f-8919-2abef7388d9c?index=0","tram inside vincent callebaut envision future of mobility as timber-based evtols hydrofoils luxury ergonomic with bid windows and light colours"
"visualsketchbook_modern_interior_of_tram_light_futuristic_blu_392aef36-db59-423d-aac1-0e9483f88869_3.png","https://www.midjourney.com/jobs/392aef36-db59-423d-aac1-0e9483f88869?index=3","modern interior of tram light futuristic blue leds orange elements of interior"
"visualsketchbook_magic_luxfers_9e65dd4b-19aa-48af-9276-93944c599e3c_3.png","https://www.midjourney.com/jobs/9e65dd4b-19aa-48af-9276-93944c599e3c?index=3","magic luxfers"
"visualsketchbook_reflection_1e87ebcc-8573-482b-ab23-8b8513e1be5d_1.png","https://www.midjourney.com/jobs/1e87ebcc-8573-482b-ab23-8b8513e1be5d?index=1","reflection"
"visualsketchbook_interior_of_the_tram_inspired_by_speed_and_f_f48cd394-7f67-4a04-825c-af260cfaaa49_0.png","https://www.midjourney.com/jobs/f48cd394-7f67-4a04-825c-af260cfaaa49?index=0","interior of the tram inspired by speed and futuristic cosmos space"
"visualsketchbook_traminterior_inspiration_Poznan_LED_futureli_69b3a923-197e-445e-9bf3-220b01b58731_1.png","https://www.midjourney.com/jobs/69b3a923-197e-445e-9bf3-220b01b58731?index=1","tram,interior, inspiration Poznan, LED, future,light, high tech, modern, japan, comfort"
"visualsketchbook_modern_futuristic_tram_ecologic_economic_ins_d47b1b5e-8392-4918-9a5a-a6aac0ab3b37_2.png","https://www.midjourney.com/jobs/d47b1b5e-8392-4918-9a5a-a6aac0ab3b37?index=2","modern futuristic tram ecologic economic inspired by nature wooden elements use of glass and metal fast"
"visualsketchbook_desing_biophilic_desing_in_the_interior_of_a_59298928-597a-413b-8745-71f57d920f1e_1.png","https://www.midjourney.com/jobs/59298928-597a-413b-8745-71f57d920f1e?index=1","desing biophilic desing in the interior of a futuristic tram"
"visualsketchbook_futuristic_tram_interior_blue_orange_black_L_f0f920e2-e911-4b08-97fa-482b71d60fc1_2.png","https://www.midjourney.com/jobs/f0f920e2-e911-4b08-97fa-482b71d60fc1?index=2","futuristic tram interior, blue, orange, black, LED, glass, curve shapes, round, daylight, seen from enter, look from diffrent angles"
"visualsketchbook_desing_biophilic_desing_in_the_interior_of_a_e4fbded4-a3ec-4209-b5ba-87c00ef25dfa_0.png","https://www.midjourney.com/jobs/e4fbded4-a3ec-4209-b5ba-87c00ef25dfa?index=0","desing biophilic desing in the interior of a futuristic tram"
"visualsketchbook_organiczne_oble_uoone_wiato_w_tramwaju_4c2a36bf-a715-46be-b275-528a17c9a598_3.png","https://www.midjourney.com/jobs/4c2a36bf-a715-46be-b275-528a17c9a598?index=3","organiczne oble ułożone światło w tramwaju"
"visualsketchbook_imagine_an_ergonomic_tram_seat_white_realist_d4b6d09d-7d24-4aa6-8cd1-32a1dbea70f0_1.png","https://www.midjourney.com/jobs/d4b6d09d-7d24-4aa6-8cd1-32a1dbea70f0?index=1","imagine an ergonomic tram seat, white, realistic, ambient lighting, wood, new technologies, future, led lighting"
"visualsketchbook_functionality_sky_way_tram_interior_for_chil_b074f2ee-978e-49fd-ab70-ed2993682fa6_1.png","https://www.midjourney.com/jobs/b074f2ee-978e-49fd-ab70-ed2993682fa6?index=1","functionality, sky way tram, interior for children tram, city"
"visualsketchbook_traminterior_inspiration_Poznan_LED_futureli_c0aab1c9-9b73-4075-a768-42b04c14777f_0.png","https://www.midjourney.com/jobs/c0aab1c9-9b73-4075-a768-42b04c14777f?index=0","tram,interior, inspiration Poznan, LED, future,light, high tech, modern, japan, comfort"
"visualsketchbook_future_interior_tram_streamlined_fast_wavy_b_e46df672-c83d-4255-a205-64ed7385d3fa_3.png","https://www.midjourney.com/jobs/e46df672-c83d-4255-a205-64ed7385d3fa?index=3","future, interior tram, streamlined, fast, wavy, brown, in the city, modern, liquid"
"visualsketchbook_tram_interior_future_streamlined_shape_moder_de6b28ac-d5a0-45c7-84e0-417d9a0e28cd_2.png","https://www.midjourney.com/jobs/de6b28ac-d5a0-45c7-84e0-417d9a0e28cd?index=2","tram interior, future, streamlined shape, modernist, futuristic, rhythm, white rhythm panels, 3d printing, panoramic window, warm light, woodeen floor, plants"
"visualsketchbook_futuristic_tram_simple_minimalistic_shapes_g_6a12a506-758c-4d55-8229-a241ddd72979_1.png","https://www.midjourney.com/jobs/6a12a506-758c-4d55-8229-a241ddd72979?index=1","futuristic tram simple minimalistic shapes green gray natural colors big windows"
"visualsketchbook_the_interior_of_modern_simple_and_futuristic_d5f0c05d-a399-4a8b-804a-e43293e55170_2.png","https://www.midjourney.com/jobs/d5f0c05d-a399-4a8b-804a-e43293e55170?index=2","the interior of modern, simple and futuristic tram, with glazing and nature"
"visualsketchbook_interior_of_tram_biophilic_nature_biedge_fun_9c40ec65-9c0d-41e6-9a8a-4ed4c436e190_0.png","https://www.midjourney.com/jobs/9c40ec65-9c0d-41e6-9a8a-4ed4c436e190?index=0","interior of tram, biophilic, nature, biedge, funktional"
"visualsketchbook_futuristic_tram_interior_with_organic_light__bf49eefd-b766-48ca-8e78-47ddc0997920_1.png","https://www.midjourney.com/jobs/bf49eefd-b766-48ca-8e78-47ddc0997920?index=1","futuristic tram interior with organic light, cyberpank, cosmos"
"visualsketchbook_futuristic_modern_tram_communication_people__d032119a-a05b-4164-b05d-24face6bc2d1_2.png","https://www.midjourney.com/jobs/d032119a-a05b-4164-b05d-24face6bc2d1?index=2","futuristic, modern, tram, communication, people, light, yellow, blue, white, not geometric, ahead tram"
"visualsketchbook_imagine_a_tram_interior_sustainability_futur_806134bd-bc28-4cc3-8ffb-519ae9f1ca7b_2.png","https://www.midjourney.com/jobs/806134bd-bc28-4cc3-8ffb-519ae9f1ca7b?index=2","imagine a tram interior, sustainability, future, beige and white colors, ambient lighting, round shapes, big windows, ceiling and floor lighting, eco, recycling materials, ergonomic, realistic, white floor, fascinating shapes"
"visualsketchbook_tramecobig_windowblueabstrat_seatled_light_b0f99089-784b-436b-9e83-6c2c4c026159_0.png","https://www.midjourney.com/jobs/b0f99089-784b-436b-9e83-6c2c4c026159?index=0","tram,eco,big window,blue,abstrat seat,led light"
"visualsketchbook_tram_outsideabstractdrawing_on_the_ceiling_t_cb69c467-41de-4397-952c-2ede7e4ba96b_0.png","https://www.midjourney.com/jobs/cb69c467-41de-4397-952c-2ede7e4ba96b?index=0","tram outside,abstract,drawing on the ceiling that goes info the floor inside"
"visualsketchbook_tram_interior_modern_body_of_earthworm_bioni_aaa2885a-2152-4703-b4dd-9ac52ac5a3ea_0.png","https://www.midjourney.com/jobs/aaa2885a-2152-4703-b4dd-9ac52ac5a3ea?index=0","tram, interior, modern, body of earthworm, bionic shapes, colorful, lighting, rings, seats, bionic style"
"visualsketchbook_futurisic_streamline_tram_exterior_in_natura_be00dee9-2af9-4700-be8c-17d92b1490d1_2.png","https://www.midjourney.com/jobs/be00dee9-2af9-4700-be8c-17d92b1490d1?index=2","futurisic streamline tram exterior in natural colors"
"visualsketchbook_functionallity_7b9536e7-507f-4833-ad83-207261315dee_0.png","https://www.midjourney.com/jobs/7b9536e7-507f-4833-ad83-207261315dee?index=0","functionallity"
"visualsketchbook_futuristic_tram_interior_blue_orange_black_L_d558cc66-6c37-460b-ae4a-82c75ed4744f_3.png","https://www.midjourney.com/jobs/d558cc66-6c37-460b-ae4a-82c75ed4744f?index=3","futuristic tram interior, blue, orange, black, LED, glass, curve shapes, round, daylight"
"visualsketchbook_tram_inside_vincent_callebaut_envision_futur_83435cf1-6470-4c49-a50c-63f4f732f678_1.png","https://www.midjourney.com/jobs/83435cf1-6470-4c49-a50c-63f4f732f678?index=1","tram inside vincent callebaut envision future of mobility as timber-based evtols hydrofoils luxury ergonomic with bid windows and light colours"
"visualsketchbook_future_high_realistic_interior_tram_streamli_c21ba64a-86f2-4d18-902e-e30c3c17572d_2.png","https://www.midjourney.com/jobs/c21ba64a-86f2-4d18-902e-e30c3c17572d?index=2","future, high realistic, interior tram, streamlined, fast, wavy, brown, in the city, modern, liquid, comfort seats"
"visualsketchbook_tram_vincent_callebaut_envision_future_of_mo_1d6954cc-bc15-4fb3-a5af-1685ed3c1361_0.png","https://www.midjourney.com/jobs/1d6954cc-bc15-4fb3-a5af-1685ed3c1361?index=0","tram vincent callebaut envision future of mobility as timber-based evtols hydrofoils luxury ergonomic with bid windows and light colours"
"visualsketchbook_modern_simple_future_futuristic_tram_in_fron_41653c50-8097-4a06-b879-415188c30925_0.png","https://www.midjourney.com/jobs/41653c50-8097-4a06-b879-415188c30925?index=0","modern, simple, future, futuristic tram in front"
"visualsketchbook_futuristic_modern_tram_communication_people__5c19a20e-381a-4fac-bc6d-7c518b5e20e3_3.png","https://www.midjourney.com/jobs/5c19a20e-381a-4fac-bc6d-7c518b5e20e3?index=3","futuristic, modern, tram, communication, people, light, yellow, blue, white, not geometric,"
"visualsketchbook_futuristic_tram_interior_in_natural_colors.__5ce64cd5-f222-4de3-99d1-924ab1bb8680_3.png","https://www.midjourney.com/jobs/5ce64cd5-f222-4de3-99d1-924ab1bb8680?index=3","futuristic tram interior in natural colors. made of recycled materials. copper brancing pipes, seats are in unusual form with organic convex forms and natural form of lighting"
"visualsketchbook_tram_outsideabstractled_lightdrawing_on_the__9f4e4d81-a79e-48cf-95cc-815f5817f3e2_1.png","https://www.midjourney.com/jobs/9f4e4d81-a79e-48cf-95cc-815f5817f3e2?index=1","tram outside,abstract,led light,drawing on the ceiling that goes info the floor,eco,smooth curves"
"visualsketchbook_interior_of_tram_biophilic_modern_futuristic_ead65d49-091c-41df-bd85-ec09704b4519_0.png","https://www.midjourney.com/jobs/ead65d49-091c-41df-bd85-ec09704b4519?index=0","interior of tram, biophilic, modern, futuristic, green, funktional, ambient lighting"
"visualsketchbook_futuristic_modern_tram_communication_people__9c97e5ac-0f62-4f63-b071-d61e4eb86454_3.png","https://www.midjourney.com/jobs/9c97e5ac-0f62-4f63-b071-d61e4eb86454?index=3","futuristic, modern, tram, communication, people, light, yellow, blue, white, not geometric, interior, ergonomic"
"visualsketchbook_tram_exterior_in_dark_shaded_streamlined_sha_a1694bca-d5b2-4d05-9350-41b40ca4ef53_2.png","https://www.midjourney.com/jobs/a1694bca-d5b2-4d05-9350-41b40ca4ef53?index=2","tram exterior in dark shaded, streamlined shape, copper accents, red leds, modernistic, futuristic, big windows"
"visualsketchbook_interior_of_future_tram_ergonomic_seats_frie_a9af9f36-619c-47a9-93cb-8cc85d6ae250_0.png","https://www.midjourney.com/jobs/a9af9f36-619c-47a9-93cb-8cc85d6ae250?index=0","interior of future tram, ergonomic seats, friendly vibe, light colours, without yellow elements, organic shapes, clear space"
"visualsketchbook_interior_of_futuristic_tram_with_big_windows_fa64e36b-dc61-41ba-ad07-64716925a9de_3.png","https://www.midjourney.com/jobs/fa64e36b-dc61-41ba-ad07-64716925a9de?index=3","interior of futuristic tram with big windows, cyber eco style, light green gray colors, handrails, screen on windows, a lot of place to sit, chairs, photorealistic, hi tech"
"visualsketchbook_modern_futuristic_tram_super_fast_and_obliqu_0ee95217-5305-45c1-9a6b-6065b0c411e7_1.png","https://www.midjourney.com/jobs/0ee95217-5305-45c1-9a6b-6065b0c411e7?index=1","modern futuristic tram super fast and oblique in city extraordinary two floors economic ecofriendly independent stylish and new"
"visualsketchbook_colorfull_play_of_light_inside_tram_futurist_df396d49-028f-4194-823a-6a4866254d2b_0.png","https://www.midjourney.com/jobs/df396d49-028f-4194-823a-6a4866254d2b?index=0","colorfull play of light inside tram, futuristic, inspire by cosmos"
"visualsketchbook_futuristic_tram_interior_blue_orange_black_L_155c9cba-65be-4ca7-bcac-d4ec62707d0e_0.png","https://www.midjourney.com/jobs/155c9cba-65be-4ca7-bcac-d4ec62707d0e?index=0","futuristic tram interior, blue, orange, black, LED, glass, curve shapes, round, daylight, seen from outside"
"visualsketchbook_fast_tram_nature_sky_way_tram_city_tram_--v__1fced11e-d7ff-4ba7-b060-c50680a8d93f_0.png","https://www.midjourney.com/jobs/1fced11e-d7ff-4ba7-b060-c50680a8d93f?index=0","fast tram, nature, sky way tram, city tram"
"visualsketchbook_fast_tram_nature_sky_way_tram_city_tram_--v__1fced11e-d7ff-4ba7-b060-c50680a8d93f_3.png","https://www.midjourney.com/jobs/1fced11e-d7ff-4ba7-b060-c50680a8d93f?index=3","fast tram, nature, sky way tram, city tram"
"visualsketchbook_modern_tram_d0ca693e-457e-42f1-9177-72d2a611e700_0.png","https://www.midjourney.com/jobs/d0ca693e-457e-42f1-9177-72d2a611e700?index=0","modern tram"
"visualsketchbook_futuristic_modern_tram_communication_people__7ce0d0b6-a21d-4c5f-a848-15eecee24e58_3.png","https://www.midjourney.com/jobs/7ce0d0b6-a21d-4c5f-a848-15eecee24e58?index=3","futuristic, modern, tram, communication, people, light, yellow, blue, white, not geometric,"
"visualsketchbook_tram_interior_modern_rings_bionic_style_body_9e8a09bf-89ba-49d4-b9eb-7b4ceff3f00b_0.png","https://www.midjourney.com/jobs/9e8a09bf-89ba-49d4-b9eb-7b4ceff3f00b?index=0","tram, interior, modern, rings, bionic style, body of earthworm"
"visualsketchbook_drops_of_woter_6de06d2f-f015-45b9-83fb-f426601046f1_2.png","https://www.midjourney.com/jobs/6de06d2f-f015-45b9-83fb-f426601046f1?index=2","drops of woter"
"visualsketchbook_future_high_realistic_interior_tram_streamli_464cd0a9-8ce7-43dc-8a65-94d38e86e303_2.png","https://www.midjourney.com/jobs/464cd0a9-8ce7-43dc-8a65-94d38e86e303?index=2","future, high realistic, interior tram, streamlined, fast, in the city, modern, liquid"
"visualsketchbook_modern_interior_of_tram_light_futuristic_blu_a945965a-b8c6-4825-9538-b3a81c2accfe_1.png","https://www.midjourney.com/jobs/a945965a-b8c6-4825-9538-b3a81c2accfe?index=1","modern interior of tram light futuristic blue leds orange elements of interior"
"visualsketchbook_modern_white_interior_of_tram_with_dark_blue_93db330d-e231-42f6-91eb-e6a740fb95f3_0.png","https://www.midjourney.com/jobs/93db330d-e231-42f6-91eb-e6a740fb95f3?index=0","modern white interior of tram with dark blue elements and orange accents clean open space huge windows"
"visualsketchbook_modern_simple_futuristic_tram_with_glazing_14cc6a64-3dba-4afa-b0d5-7caeb3f7e6dc_3.png","https://www.midjourney.com/jobs/14cc6a64-3dba-4afa-b0d5-7caeb3f7e6dc?index=3","modern, simple, futuristic tram with glazing"
"visualsketchbook_tram_exterior_natural_organic_shapes_big_win_71b59c97-4448-4310-8e25-cf0502a185f8_0.png","https://www.midjourney.com/jobs/71b59c97-4448-4310-8e25-cf0502a185f8?index=0","tram exterior, natural, organic shapes, big windows, fast, streamlined, toned colours, city"
"visualsketchbook_modern_futuristic_tram_super_fast_and_obliqu_0ee4f204-0f55-4900-ad1d-f281b5a9c670_2.png","https://www.midjourney.com/jobs/0ee4f204-0f55-4900-ad1d-f281b5a9c670?index=2","modern futuristic tram super fast and oblique in city extraordinary two floors economic ecofriendly independent stylish and new"
"visualsketchbook_futuristic_tram_simple_minimalistic_shapes_b_2aeb5fbd-c96f-48d6-9fcf-307807f2baa4_2.png","https://www.midjourney.com/jobs/2aeb5fbd-c96f-48d6-9fcf-307807f2baa4?index=2","futuristic tram simple minimalistic shapes black metal with green and yellow led big windows"
"visualsketchbook_modern_interior_of_tram_futuristic_b851499e-3551-4036-926d-621e344292a5_2.png","https://www.midjourney.com/jobs/b851499e-3551-4036-926d-621e344292a5?index=2","modern interior of tram futuristic"
"visualsketchbook_modern_interior_of_tram_futuristic_7a0b6a86-6814-4045-8da2-b78ce659d86a_1.png","https://www.midjourney.com/jobs/7a0b6a86-6814-4045-8da2-b78ce659d86a?index=1","modern interior of tram futuristic"
"visualsketchbook_tram_interior__interesting_modern_complicate_f2998ca7-9964-42ae-b102-c11c26566bbf_3.png","https://www.midjourney.com/jobs/f2998ca7-9964-42ae-b102-c11c26566bbf?index=3","tram interior , interesting, modern, complicated shapes, interesting lightning, big windows , handrails and cozy seats"
"visualsketchbook_futuristic_streamline_tram_interior_in_natur_df3b01d5-777d-4aa4-bc0e-10b14778b16a_0.png","https://www.midjourney.com/jobs/df3b01d5-777d-4aa4-bc0e-10b14778b16a?index=0","futuristic streamline tram interior in natural olive green colors. copper brancing pipes, seats have unusual form"
"visualsketchbook_interior_of_futuristic_tram_with_big_windows_c01d2d55-2625-4132-a101-addacd322d99_2.png","https://www.midjourney.com/jobs/c01d2d55-2625-4132-a101-addacd322d99?index=2","interior of futuristic tram with big windows, cyber eco style, light green gray colors, handrails, screen on windows, a lot of place to sit, chairs, photorealistic, hi tech"
"visualsketchbook_tram_interior_modern_rings_bionic_style_body_5b7d2e8d-7fab-464f-9072-b1c82f256345_3.png","https://www.midjourney.com/jobs/5b7d2e8d-7fab-464f-9072-b1c82f256345?index=3","tram, interior, modern, rings, bionic style, body of earthworm"
"visualsketchbook_exterioir_of_a_futuristic_tram_inspired_cosm_11eb1465-8c52-4d51-ada4-706a8fefcec9_0.png","https://www.midjourney.com/jobs/11eb1465-8c52-4d51-ada4-706a8fefcec9?index=0","exterioir of a futuristic tram inspired cosmos space"
"visualsketchbook_tram_interior_modern_body_of_earthworm_bioni_cd3f8617-d6b6-42b4-8592-396c7a19f0ef_0.png","https://www.midjourney.com/jobs/cd3f8617-d6b6-42b4-8592-396c7a19f0ef?index=0","tram, interior, modern, body of earthworm, bionic shapes, colorful, lighting, rings, seats, bionic style"
"visualsketchbook_future_tram_streamlined_fast_wavy_brown_sand_71ea29c8-0381-4442-b428-1ae33dfb5a23_0.png","https://www.midjourney.com/jobs/71ea29c8-0381-4442-b428-1ae33dfb5a23?index=0","future, tram, streamlined, fast, wavy, brown, sand colors,bladerunner, seaweed, in the city"
"visualsketchbook_future_tram_streamlined_fast_wavy_brown_sand_71ea29c8-0381-4442-b428-1ae33dfb5a23_3.png","https://www.midjourney.com/jobs/71ea29c8-0381-4442-b428-1ae33dfb5a23?index=3","future, tram, streamlined, fast, wavy, brown, sand colors,bladerunner, seaweed, in the city"
"visualsketchbook_physician_of_the_future_60a248c2-f9ef-4868-91e9-352419f47e42_0.png","https://www.midjourney.com/jobs/60a248c2-f9ef-4868-91e9-352419f47e42?index=0","physician of the future"
"visualsketchbook_luxury_glass_8d62952e-ac93-43c2-87e7-4c76454fdda1_1.png","https://www.midjourney.com/jobs/8d62952e-ac93-43c2-87e7-4c76454fdda1?index=1","luxury glass"
"visualsketchbook_futuristic_tram_interior_with_organic_light__1daf9cd9-b13c-49af-8f03-659e159b5eb7_0.png","https://www.midjourney.com/jobs/1daf9cd9-b13c-49af-8f03-659e159b5eb7?index=0","futuristic tram interior with organic light, cyberpank, cosmos"
"visualsketchbook_future_tram_streamlined_fast_wavy_brownblade_ec7d2a8f-b93d-4485-a5a8-673a640079bd_2.png","https://www.midjourney.com/jobs/ec7d2a8f-b93d-4485-a5a8-673a640079bd?index=2","future, tram, streamlined, fast, wavy, brown,bladerunner, seaweed, in the city, modern"
"visualsketchbook_vincent_callebaut_envision_future_of_mobilit_04e69645-6ed1-4acf-bebb-818cd52a9ed5_2.png","https://www.midjourney.com/jobs/04e69645-6ed1-4acf-bebb-818cd52a9ed5?index=2","vincent callebaut envision future of mobility as timber-based evtols hydrofoils luxury ergonomic with bid windows and light colours"
"visualsketchbook_tram_inspiration_Poznan_LED_future_high_tech_b7959adb-7249-41aa-b687-e6bd6ba4bc65_0.png","https://www.midjourney.com/jobs/b7959adb-7249-41aa-b687-e6bd6ba4bc65?index=0","tram, inspiration Poznan, LED, future, high tech, modern, japan"
"visualsketchbook_tramecobig_windowblueabstrat_seatled_light_f4330595-6462-4410-b6c0-3b1f26d2f443_0.png","https://www.midjourney.com/jobs/f4330595-6462-4410-b6c0-3b1f26d2f443?index=0","tram,eco,big window,blue,abstrat seat,led light"
"visualsketchbook_interior_of_modern_futuristic_simple_tram_wi_c28c4793-bb44-4b2a-93ed-bba8d70cc46a_0.png","https://www.midjourney.com/jobs/c28c4793-bb44-4b2a-93ed-bba8d70cc46a?index=0","interior of modern, futuristic, simple tram with glazing"
"visualsketchbook_photorealistic_interior_of_future_tram_b567fd8b-925f-4020-8c82-8dd817e85e8c_2.png","https://www.midjourney.com/jobs/b567fd8b-925f-4020-8c82-8dd817e85e8c?index=2","photorealistic interior of future tram"
"visualsketchbook_functionallity_7b9536e7-507f-4833-ad83-207261315dee_1.png","https://www.midjourney.com/jobs/7b9536e7-507f-4833-ad83-207261315dee?index=1","functionallity"
"visualsketchbook_modern_streamline_tram_interior_in_natural_c_83dbb832-4c55-4547-a267-fd3cae8c0b68_0.png","https://www.midjourney.com/jobs/83dbb832-4c55-4547-a267-fd3cae8c0b68?index=0","modern streamline tram interior in natural colors, copper pipes and seats in unusual forms"
"visualsketchbook_wave_32c57767-abc1-4eff-a3fe-f3a4c6502475_0.png","https://www.midjourney.com/jobs/32c57767-abc1-4eff-a3fe-f3a4c6502475?index=0","wave"
"visualsketchbook_photorealistic_interior_of_future_tram_83ad7905-df22-418a-a4dc-0407aaa3b982_0.png","https://www.midjourney.com/jobs/83ad7905-df22-418a-a4dc-0407aaa3b982?index=0","photorealistic interior of future tram"
"visualsketchbook_hospital_of_the_future_76a50b61-b4b1-4df7-b897-7370ca52e55b_0.png","https://www.midjourney.com/jobs/76a50b61-b4b1-4df7-b897-7370ca52e55b?index=0","hospital of the future"
"visualsketchbook_functional_tram_technology_sky_way_tram_fast_3a879b5e-cfcd-4e58-98fa-c056c69c0788_0.png","https://www.midjourney.com/jobs/3a879b5e-cfcd-4e58-98fa-c056c69c0788?index=0","functional tram, technology, sky way tram, fast"
"visualsketchbook_tram_interior_fast_unique_forms_toned_colour_d9a49bfe-4f68-4a47-8196-cb3bd061166c_3.png","https://www.midjourney.com/jobs/d9a49bfe-4f68-4a47-8196-cb3bd061166c?index=3","tram interior, fast, unique forms, toned colours, wood, water, metal, light accent"
"visualsketchbook_tram_modern_interior_lighting_body_of_earthw_3607858d-e3b2-481d-bb42-7615f6605e29_1.png","https://www.midjourney.com/jobs/3607858d-e3b2-481d-bb42-7615f6605e29?index=1","tram, modern, interior, lighting, body of earthworm, fast, seats, bionic shapes, privacy seats"
"visualsketchbook_cuberpankecolightledtram_17825f23-acab-4f84-a48c-f9f43ab9ba8f_3.png","https://www.midjourney.com/jobs/17825f23-acab-4f84-a48c-f9f43ab9ba8f?index=3","cuberpank,eco,light,led,tram"
"visualsketchbook_chair_with_light_in_high_tech_style_8efe83c9-267f-4128-b95c-7e2f864ae5d4_0.png","https://www.midjourney.com/jobs/8efe83c9-267f-4128-b95c-7e2f864ae5d4?index=0","chair with light in high tech style"
"visualsketchbook_modern_futuristic_tram_super_fast_and_obliqu_0ee95217-5305-45c1-9a6b-6065b0c411e7_3.png","https://www.midjourney.com/jobs/0ee95217-5305-45c1-9a6b-6065b0c411e7?index=3","modern futuristic tram super fast and oblique in city extraordinary two floors economic ecofriendly independent stylish and new"
"visualsketchbook_tram_interior_modern_rings_bionic_style_body_8f82e2f1-ef8f-4f36-84f2-df3d81b3188d_1.png","https://www.midjourney.com/jobs/8f82e2f1-ef8f-4f36-84f2-df3d81b3188d?index=1","tram, interior, modern, rings, bionic style, body of earthworm"
"visualsketchbook_modern_interior_of_tram_light_futuristic_blu_ce92066a-a50f-4da7-b78f-a5482de8e6af_0.png","https://www.midjourney.com/jobs/ce92066a-a50f-4da7-b78f-a5482de8e6af?index=0","modern interior of tram light futuristic blue leds orange elements of interior"
"visualsketchbook_tramecobig_windowblueabstrat_seatled_light_8c1597f8-503c-4b54-bc2c-fdb67976da9c_3.png","https://www.midjourney.com/jobs/8c1597f8-503c-4b54-bc2c-fdb67976da9c?index=3","tram,eco,big window,blue,abstrat seat,led light"
"visualsketchbook_space_tram_interior_with_organic_shapes_of_s_dcefeb0f-3174-413f-9407-6c9b77f85402_3.png","https://www.midjourney.com/jobs/dcefeb0f-3174-413f-9407-6c9b77f85402?index=3","space tram interior with organic shapes of seats and windows"
"visualsketchbook_tram_inspiration_Poznan_LED_future_high_tech_b1da2b5c-7294-462a-84c7-d3be0374e536_3.png","https://www.midjourney.com/jobs/b1da2b5c-7294-462a-84c7-d3be0374e536?index=3","tram, inspiration Poznan, LED, future, high tech, modern, japan"
"visualsketchbook_futuristic_streamline_tram_exterior_in_natur_5b85c7ca-1561-4a91-b01e-fd7cea22a14d_2.png","https://www.midjourney.com/jobs/5b85c7ca-1561-4a91-b01e-fd7cea22a14d?index=2","futuristic streamline tram exterior in natural light colors"
"visualsketchbook_tram_neutral_colours_exterior_fast_future_tr_ff59199b-1562-4412-8734-728f9151d8db_0.png","https://www.midjourney.com/jobs/ff59199b-1562-4412-8734-728f9151d8db?index=0","tram neutral colours exterior, fast, future tram, streamlined form,"
"visualsketchbook_futuristic_modern_tram_communication_people__7ce0d0b6-a21d-4c5f-a848-15eecee24e58_2.png","https://www.midjourney.com/jobs/7ce0d0b6-a21d-4c5f-a848-15eecee24e58?index=2","futuristic, modern, tram, communication, people, light, yellow, blue, white, not geometric,"
"visualsketchbook_future_interior_tram_streamlined_fast_wavy_n_a2877701-4a91-4162-8891-f59c0ce17fce_0.png","https://www.midjourney.com/jobs/a2877701-4a91-4162-8891-f59c0ce17fce?index=0","future, interior tram, streamlined, fast, wavy, navy blue,bladerunner, seaweed, in the city, modern"
"visualsketchbook_modern_futuristic_tram_super_fast_and_obliqu_0ee4f204-0f55-4900-ad1d-f281b5a9c670_0.png","https://www.midjourney.com/jobs/0ee4f204-0f55-4900-ad1d-f281b5a9c670?index=0","modern futuristic tram super fast and oblique in city extraordinary two floors economic ecofriendly independent stylish and new"
"visualsketchbook_the_interior_of_modern_simple_and_futuristic_19f8d6f2-34ff-4132-8832-f356faecc66d_2.png","https://www.midjourney.com/jobs/19f8d6f2-34ff-4132-8832-f356faecc66d?index=2","the interior of modern, simple and futuristic tram, with glazing and nature"
"visualsketchbook_future_tram_interior_streamlined_fast_wavy_b_f4699339-e03c-44c6-ad50-039c176479d2_0.png","https://www.midjourney.com/jobs/f4699339-e03c-44c6-ad50-039c176479d2?index=0","future, tram interior, streamlined, fast, wavy, brown, sand colors, navy blue, bone structure,bladerunner, seaweed"
"visualsketchbook_future_tram_streamlined_fast_wavy_brownblade_ec7d2a8f-b93d-4485-a5a8-673a640079bd_0.png","https://www.midjourney.com/jobs/ec7d2a8f-b93d-4485-a5a8-673a640079bd?index=0","future, tram, streamlined, fast, wavy, brown,bladerunner, seaweed, in the city, modern"
"visualsketchbook_interior_of_future_tram_ergonomic_seats_frie_6a61a3a8-5059-4c13-bbad-ceb572abfaf2_0.png","https://www.midjourney.com/jobs/6a61a3a8-5059-4c13-bbad-ceb572abfaf2?index=0","interior of future tram, ergonomic seats, friendly vibe, light colours, without yellow elements, organic shapes, clear space"
"visualsketchbook_futuristic_modern_tram_communication_people__4b759951-46b1-49ca-b518-7327131b04b5_2.png","https://www.midjourney.com/jobs/4b759951-46b1-49ca-b518-7327131b04b5?index=2","futuristic, modern, tram, communication, people, light, yellow, blue, white, not geometric, interior"
"visualsketchbook_TRAM_INTERIOR_INSPIRED_BY_COSMOS_SPACE_58e70731-53b8-447c-af23-8b122014f8a6_1.png","https://www.midjourney.com/jobs/58e70731-53b8-447c-af23-8b122014f8a6?index=1","TRAM INTERIOR INSPIRED BY COSMOS SPACE"
"visualsketchbook_tram_interior_in_dark_shaded_copper_accents__8e8cf0ea-6c51-4075-883d-08a93449069b_2.png","https://www.midjourney.com/jobs/8e8cf0ea-6c51-4075-883d-08a93449069b?index=2","tram interior in dark shaded, copper accents, red leds, modernistic, futuristic, big windows"
"visualsketchbook_interior_of_the_tram_inspired_by_speed_and_f_60d576e4-5928-4c34-a760-6bc6f5057506_0.png","https://www.midjourney.com/jobs/60d576e4-5928-4c34-a760-6bc6f5057506?index=0","interior of the tram inspired by speed and futuristic cosmos space"
"visualsketchbook_modern_interior_of_tram_futuristic_07e7f3d0-fdb0-4b8c-9aa9-c151fc96deb7_2.png","https://www.midjourney.com/jobs/07e7f3d0-fdb0-4b8c-9aa9-c151fc96deb7?index=2","modern interior of tram futuristic"
"visualsketchbook_tram_inside_vincent_callebaut_envision_futur_83435cf1-6470-4c49-a50c-63f4f732f678_0.png","https://www.midjourney.com/jobs/83435cf1-6470-4c49-a50c-63f4f732f678?index=0","tram inside vincent callebaut envision future of mobility as timber-based evtols hydrofoils luxury ergonomic with bid windows and light colours"
"visualsketchbook_futuristic_tram_interior_in_natural_colors.__701d11cc-f266-4fa0-8748-c8482232b6a7_1.png","https://www.midjourney.com/jobs/701d11cc-f266-4fa0-8748-c8482232b6a7?index=1","futuristic tram interior in natural colors. copper brancing pipes, seats are in unusual form with organic convex forms and natural form of lighting"
"visualsketchbook_futuristic_tram_interior_with_organic_light__bf49eefd-b766-48ca-8e78-47ddc0997920_0.png","https://www.midjourney.com/jobs/bf49eefd-b766-48ca-8e78-47ddc0997920?index=0","futuristic tram interior with organic light, cyberpank, cosmos"
"visualsketchbook_futuristic_modern_tram_communication_people__3bbd33c0-6b6a-4735-98a2-148313e3cddb_0.png","https://www.midjourney.com/jobs/3bbd33c0-6b6a-4735-98a2-148313e3cddb?index=0","futuristic, modern, tram, communication, people, light, yellow, blue, white, not geometric, with geometric cube chair"
"visualsketchbook_futuristic_tram_streamlined_cozy_piet_mondia_96a19210-0138-433d-8d7c-35ee6c8ec40b_1.png","https://www.midjourney.com/jobs/96a19210-0138-433d-8d7c-35ee6c8ec40b?index=1","futuristic tram streamlined cozy, piet mondian inspired, handrails, seats, colourful, fast, night scene, lights, unique design"
"visualsketchbook_interior_of_future_tram_ergonomic_seats_frie_bbf36ca5-aca0-472b-bab6-83684426e56e_0.png","https://www.midjourney.com/jobs/bbf36ca5-aca0-472b-bab6-83684426e56e?index=0","interior of future tram, ergonomic seats, friendly vibe, light colours, without yellow elements, organic shapes, clear space"
"visualsketchbook_crooked_lines_1527c6b9-3d0a-4909-99ca-4f24bbe5c590_0.png","https://www.midjourney.com/jobs/1527c6b9-3d0a-4909-99ca-4f24bbe5c590?index=0","crooked lines"
"visualsketchbook_modern_interior_of_tram_futuristic_a80c0d75-de85-4801-82de-4441a1477e25_0.png","https://www.midjourney.com/jobs/a80c0d75-de85-4801-82de-4441a1477e25?index=0","modern interior of tram futuristic"
"visualsketchbook_futuristic_modern_tram_communication_people__dbf3ffc6-fe6c-4ada-abcb-5a234bf3ade9_1.png","https://www.midjourney.com/jobs/dbf3ffc6-fe6c-4ada-abcb-5a234bf3ade9?index=1","futuristic, modern, tram, communication, people, light, yellow, blue, white, not geometric, interior"
"visualsketchbook_modern_tram_interior_design_in_high_tech_sty_2050ff55-0bec-45c9-a41a-53567b3d1b65_3.png","https://www.midjourney.com/jobs/2050ff55-0bec-45c9-a41a-53567b3d1b65?index=3","modern tram interior design in high tech style"
"visualsketchbook_future_tram_streamlined_designer_round_singl_6ab7a98f-6f2c-4b52-879e-e4126ebc1595_3.png","https://www.midjourney.com/jobs/6ab7a98f-6f2c-4b52-879e-e4126ebc1595?index=3","future tram streamlined designer round single chair linear light on ceiling big window futuristic"
"visualsketchbook_futuristic_modern_tram_communication_people__5fbca1c0-b881-4cd2-9bf7-f0b0b42fa3ab_0.png","https://www.midjourney.com/jobs/5fbca1c0-b881-4cd2-9bf7-f0b0b42fa3ab?index=0","futuristic, modern, tram, communication, people, light, yellow, blue, white, not geometric, interior"
"visualsketchbook_future_interior_tram_streamlined_fast_wavy_n_f6b33ca7-b80c-44a3-a8bc-a1e7051e456f_2.png","https://www.midjourney.com/jobs/f6b33ca7-b80c-44a3-a8bc-a1e7051e456f?index=2","future, interior tram, streamlined, fast, wavy, navy blue,bladerunner, seaweed, in the city, modern"
"visualsketchbook_interior_of_the_tram_inspired_by_speed_and_f_f014d7b4-0e0c-4a52-a9c6-8217d0954a07_0.png","https://www.midjourney.com/jobs/f014d7b4-0e0c-4a52-a9c6-8217d0954a07?index=0","interior of the tram inspired by speed and futuristic cosmos space"
"visualsketchbook_futuristic_tram_interior_in_natural_colors.__cbdac216-e92e-4dcc-9aa2-3175d1962cdc_0.png","https://www.midjourney.com/jobs/cbdac216-e92e-4dcc-9aa2-3175d1962cdc?index=0","futuristic tram interior in natural colors. copper brancing pipes, seats are in unusual form with organic convex forms and natural form of lighting"
"visualsketchbook_modern_interior_of_tram_futuristic_b851499e-3551-4036-926d-621e344292a5_1.png","https://www.midjourney.com/jobs/b851499e-3551-4036-926d-621e344292a5?index=1","modern interior of tram futuristic"
"visualsketchbook_futuristic_modern_tram_communication_people__dbf3ffc6-fe6c-4ada-abcb-5a234bf3ade9_2.png","https://www.midjourney.com/jobs/dbf3ffc6-fe6c-4ada-abcb-5a234bf3ade9?index=2","futuristic, modern, tram, communication, people, light, yellow, blue, white, not geometric, interior"
"visualsketchbook_interior_of_futuristic_tram_with_big_windows_85df0f67-b200-4fb5-8b2a-748b9236c151_2.png","https://www.midjourney.com/jobs/85df0f67-b200-4fb5-8b2a-748b9236c151?index=2","interior of futuristic tram with big windows, cyber eco style, light green gray colors, handrails, screen on windows, a lot of place to sit, chairs, photorealistic, hi tech"
"visualsketchbook_light_projections_inside_the_tram_inspired_b_281b9590-39e5-4626-b089-97d5bb781aa4_3.png","https://www.midjourney.com/jobs/281b9590-39e5-4626-b089-97d5bb781aa4?index=3","light projections inside the tram inspired by space and stars"
"visualsketchbook_drops_of_woter_c101c3e1-4fb4-4d8e-9696-cad7ec4eb8ec_0.png","https://www.midjourney.com/jobs/c101c3e1-4fb4-4d8e-9696-cad7ec4eb8ec?index=0","drops of woter"
"visualsketchbook_future_futuristic_tram_streamlined_navy_blue_8373b7ad-8dea-4701-bcce-c58c76af629f_0.png","https://www.midjourney.com/jobs/8373b7ad-8dea-4701-bcce-c58c76af629f?index=0","future, futuristic, tram, streamlined, navy blue, fast, wavy, in the city, modern"
"visualsketchbook_cuberpankecolightledtram_2c960ac8-06fc-4fbf-b495-57d519829af4_1.png","https://www.midjourney.com/jobs/2c960ac8-06fc-4fbf-b495-57d519829af4?index=1","cuberpank,eco,light,led,tram"
"visualsketchbook_interior_of_future_tram_ergonomic_seats_frie_55a5ff4e-25c1-4231-af96-ab136c115631_0.png","https://www.midjourney.com/jobs/55a5ff4e-25c1-4231-af96-ab136c115631?index=0","interior of future tram, ergonomic seats, friendly vibe"
"visualsketchbook_interior_of_tram_biophilic_futuristic_funkti_9c5e378a-7f9b-478c-94de-90073c7c3e3b_0.png","https://www.midjourney.com/jobs/9c5e378a-7f9b-478c-94de-90073c7c3e3b?index=0","interior of tram, biophilic, futuristic, funktional, cirkle, led lighting, big windows, new technologies, dark green colours"
"visualsketchbook_futuristic_modern_tram_communication_people__5c19a20e-381a-4fac-bc6d-7c518b5e20e3_1.png","https://www.midjourney.com/jobs/5c19a20e-381a-4fac-bc6d-7c518b5e20e3?index=1","futuristic, modern, tram, communication, people, light, yellow, blue, white, not geometric,"
"visualsketchbook_future_high_realistic_interior_tram_streamli_9948c03e-8fb3-4371-bbe3-07ae7d9921fb_2.png","https://www.midjourney.com/jobs/9948c03e-8fb3-4371-bbe3-07ae7d9921fb?index=2","future, high realistic, interior tram, streamlined, fast, wavy, brown, in the city, modern, liquid"
"visualsketchbook_interior_of_tram_biophilic_nature_biedge_fun_9c40ec65-9c0d-41e6-9a8a-4ed4c436e190_1.png","https://www.midjourney.com/jobs/9c40ec65-9c0d-41e6-9a8a-4ed4c436e190?index=1","interior of tram, biophilic, nature, biedge, funktional"
"visualsketchbook_traminterior_inspiration_Poznan_LED_futureli_32d96f32-6e72-4cde-b146-3cdf1f8fc341_3.png","https://www.midjourney.com/jobs/32d96f32-6e72-4cde-b146-3cdf1f8fc341?index=3","tram,interior, inspiration Poznan, LED, future,light, high tech, modern, japan, comfort"
"visualsketchbook_modern_futuristic_tram_super_fast_and_obliqu_0ee95217-5305-45c1-9a6b-6065b0c411e7_0.png","https://www.midjourney.com/jobs/0ee95217-5305-45c1-9a6b-6065b0c411e7?index=0","modern futuristic tram super fast and oblique in city extraordinary two floors economic ecofriendly independent stylish and new"
"visualsketchbook_the_interior_of_modern_simple_and_futuristic_cd6cb88e-609b-41b5-aa70-79bb4e35177a_3.png","https://www.midjourney.com/jobs/cd6cb88e-609b-41b5-aa70-79bb4e35177a?index=3","the interior of modern, simple and futuristic tram, with glazing and nature"
"visualsketchbook_interior_of_future_tram_ergonomic_seats_frie_6a61a3a8-5059-4c13-bbad-ceb572abfaf2_2.png","https://www.midjourney.com/jobs/6a61a3a8-5059-4c13-bbad-ceb572abfaf2?index=2","interior of future tram, ergonomic seats, friendly vibe, light colours, without yellow elements, organic shapes, clear space"
"visualsketchbook_drops_of_woter_ba3007f5-96c6-476c-aab3-fe7d656c2c3f_0.png","https://www.midjourney.com/jobs/ba3007f5-96c6-476c-aab3-fe7d656c2c3f?index=0","drops of woter"
"visualsketchbook_futurystic_design_of_tram_interior_with_orga_335d8686-63c9-44f2-aed0-d77e50de623e_2.png","https://www.midjourney.com/jobs/335d8686-63c9-44f2-aed0-d77e50de623e?index=2","futurystic design of tram interior with organic convex form of lighting an windows"
"visualsketchbook_interior_design_of_a_tram_which_is_ergonomic_d68e0c8e-332d-4888-b1db-3f6c956d0554_3.png","https://www.midjourney.com/jobs/d68e0c8e-332d-4888-b1db-3f6c956d0554?index=3","interior design of a tram which is ergonomic, economical, organic with panoramic ceiling windows, wavy shapes, led amient lighting, natural materials with one contrasting colour"
"visualsketchbook_futuristic_tram_blue_orange_black_LED_glass__e008b9c3-5fdc-437f-9274-0c432a52e594_2.png","https://www.midjourney.com/jobs/e008b9c3-5fdc-437f-9274-0c432a52e594?index=2","futuristic tram, blue, orange, black, LED, glass, curve shapes, round"
"visualsketchbook_futuristic_tram_interior_blue_orange_black_L_97835eff-3626-4d20-bcca-5c78f14f197c_2.png","https://www.midjourney.com/jobs/97835eff-3626-4d20-bcca-5c78f14f197c?index=2","futuristic tram interior, blue, orange, black, LED, glass, curve shapes, round, daylight"
"visualsketchbook_tram_interior_future_streamlined_shape_moder_30b19620-c49a-419c-8e49-6b23c0fc78c9_1.png","https://www.midjourney.com/jobs/30b19620-c49a-419c-8e49-6b23c0fc78c9?index=1","tram interior, future, streamlined shape, modernist, futuristic, rhythm, white rhythm panels, 3d printing, panoramic window, warm light, woodeen floor, plants"
"visualsketchbook_future_tram_streamlined_designer_round_singl_fb9f114f-2981-4ec8-82fc-063af04fb457_1.png","https://www.midjourney.com/jobs/fb9f114f-2981-4ec8-82fc-063af04fb457?index=1","future tram streamlined designer round single chair linear light on ceiling big window futuristic"
"visualsketchbook_futuristic_modern_tram_communication_people__84f8721f-1230-4ddf-8430-b17505ab5c0b_3.png","https://www.midjourney.com/jobs/84f8721f-1230-4ddf-8430-b17505ab5c0b?index=3","futuristic, modern, tram, communication, people, light, yellow, blue, white, not geometric, ahead tram"
"visualsketchbook_futuristic_tram_simple_minimalistic_shapes_b_2aeb5fbd-c96f-48d6-9fcf-307807f2baa4_1.png","https://www.midjourney.com/jobs/2aeb5fbd-c96f-48d6-9fcf-307807f2baa4?index=1","futuristic tram simple minimalistic shapes black metal with green and yellow led big windows"
"visualsketchbook_futuristic_modern_and_fast_tram_being_an_art_2b164f86-6875-4201-bf80-b8be9a9acfc0_1.png","https://www.midjourney.com/jobs/2b164f86-6875-4201-bf80-b8be9a9acfc0?index=1","futuristic modern and fast tram being an art performance lots of glass and metal soacious interior many seats"
"visualsketchbook_interior_of_modern_futuristic_simple_tram_wi_29c6bbee-d1a7-4e3e-afde-c1f9781c5050_1.png","https://www.midjourney.com/jobs/29c6bbee-d1a7-4e3e-afde-c1f9781c5050?index=1","interior of modern, futuristic, simple tram with glazing"
"visualsketchbook_futuristic_tram_blue_orange_black_LED_glass__767fed08-2c9b-4309-88c0-fd509168aa8d_3.png","https://www.midjourney.com/jobs/767fed08-2c9b-4309-88c0-fd509168aa8d?index=3","futuristic tram, blue, orange, black, LED, glass, curve shapes, round"
"visualsketchbook_futuristic_modern_tram_communication_people__84f8721f-1230-4ddf-8430-b17505ab5c0b_0.png","https://www.midjourney.com/jobs/84f8721f-1230-4ddf-8430-b17505ab5c0b?index=0","futuristic, modern, tram, communication, people, light, yellow, blue, white, not geometric, ahead tram"
"visualsketchbook_high_tech_style_tram_modern_technolegy_3b84b5b8-fe10-40d8-afb0-8e2cbdcacdca_1.png","https://www.midjourney.com/jobs/3b84b5b8-fe10-40d8-afb0-8e2cbdcacdca?index=1","high tech style tram, modern technolegy"
"visualsketchbook_interior_of_tram_biophilic_nature_biedge_fun_979f8b86-5e7c-42fa-8d82-ae9bb55d4d36_3.png","https://www.midjourney.com/jobs/979f8b86-5e7c-42fa-8d82-ae9bb55d4d36?index=3","interior of tram, biophilic, nature, biedge, funktional"
"visualsketchbook_futuristic_tram_stained_glass_window_huge_wi_d8a5e597-9d88-49dc-8ab7-efc746cbea38_0.png","https://www.midjourney.com/jobs/d8a5e597-9d88-49dc-8ab7-efc746cbea38?index=0","futuristic tram stained glass window huge window ten seats round seats"
"visualsketchbook_colorfull_play_of_light_inside_tram_futurist_ee878966-e97d-471d-a66c-2551b846e286_2.png","https://www.midjourney.com/jobs/ee878966-e97d-471d-a66c-2551b846e286?index=2","colorfull play of light inside tram, futuristic, inspire by cosmos"
"visualsketchbook_light_projections_inside_the_tram_inspired_b_a4945181-0179-4a21-b22d-97aae038171e_0.png","https://www.midjourney.com/jobs/a4945181-0179-4a21-b22d-97aae038171e?index=0","light projections inside the tram inspired by space and stars"
"visualsketchbook_colorfull_play_of_light_inside_tram_futurist_ee878966-e97d-471d-a66c-2551b846e286_3.png","https://www.midjourney.com/jobs/ee878966-e97d-471d-a66c-2551b846e286?index=3","colorfull play of light inside tram, futuristic, inspire by cosmos"
"visualsketchbook_futuristic_tram_blue_orange_black_LED_glass__e008b9c3-5fdc-437f-9274-0c432a52e594_3.png","https://www.midjourney.com/jobs/e008b9c3-5fdc-437f-9274-0c432a52e594?index=3","futuristic tram, blue, orange, black, LED, glass, curve shapes, round"
"visualsketchbook_fast_modern_tram_in_high_tech_style_4548a91d-cbfa-4b5c-9ee4-307cb8fe96fd_1.png","https://www.midjourney.com/jobs/4548a91d-cbfa-4b5c-9ee4-307cb8fe96fd?index=1","fast modern tram in high tech style"
"visualsketchbook_traminterior_inspiration_Poznan_LED_futureli_e8bf789a-25cc-4542-b727-10e9a07d1c8e_0.png","https://www.midjourney.com/jobs/e8bf789a-25cc-4542-b727-10e9a07d1c8e?index=0","tram,interior, inspiration Poznan, LED, future,light, high tech, modern, japan, comfort"
"visualsketchbook_organiczne_oble_uoone_wiato_w_tramwaju_4c2a36bf-a715-46be-b275-528a17c9a598_0.png","https://www.midjourney.com/jobs/4c2a36bf-a715-46be-b275-528a17c9a598?index=0","organiczne oble ułożone światło w tramwaju"
"visualsketchbook_futuristic_streamline_tram_interior_with_org_71a240e9-2ddd-4336-8c36-b2373f420cb2_1.png","https://www.midjourney.com/jobs/71a240e9-2ddd-4336-8c36-b2373f420cb2?index=1","futuristic streamline tram interior with organic convex forms and natural form of lighting"
"visualsketchbook_exterior_of_the_tram_inspired_by_speed_and_f_8b8b1af4-015c-40cd-9d66-03944faf60d2_2.png","https://www.midjourney.com/jobs/8b8b1af4-015c-40cd-9d66-03944faf60d2?index=2","exterior of the tram inspired by speed and futuristic cosmos space"
"visualsketchbook_future_high_realistic_interior_tram_streamli_c21ba64a-86f2-4d18-902e-e30c3c17572d_3.png","https://www.midjourney.com/jobs/c21ba64a-86f2-4d18-902e-e30c3c17572d?index=3","future, high realistic, interior tram, streamlined, fast, wavy, brown, in the city, modern, liquid, comfort seats"
"visualsketchbook_big_panarome_window_in_tram_1624f2ca-cdbc-41fb-9630-24d4a1a92807_0.png","https://www.midjourney.com/jobs/1624f2ca-cdbc-41fb-9630-24d4a1a92807?index=0","big panarome window in tram"
"visualsketchbook_futuristic_modern_tram_communication_people__3bbd33c0-6b6a-4735-98a2-148313e3cddb_2.png","https://www.midjourney.com/jobs/3bbd33c0-6b6a-4735-98a2-148313e3cddb?index=2","futuristic, modern, tram, communication, people, light, yellow, blue, white, not geometric, with geometric cube chair"
"visualsketchbook_tram_interior_future_streamlined_shape_moder_de6b28ac-d5a0-45c7-84e0-417d9a0e28cd_0.png","https://www.midjourney.com/jobs/de6b28ac-d5a0-45c7-84e0-417d9a0e28cd?index=0","tram interior, future, streamlined shape, modernist, futuristic, rhythm, white rhythm panels, 3d printing, panoramic window, warm light, woodeen floor, plants"
"visualsketchbook_interior_of_modern_futuristic_simple_tram_wi_8d8199d7-c375-4065-b041-d2716c0cbd92_1.png","https://www.midjourney.com/jobs/8d8199d7-c375-4065-b041-d2716c0cbd92?index=1","interior of modern, futuristic, simple tram with glazing"
"visualsketchbook_tram_interior_fast_unique_forms_toned_colour_6c33d814-b8a3-48b5-b965-c60b5a5119e4_2.png","https://www.midjourney.com/jobs/6c33d814-b8a3-48b5-b965-c60b5a5119e4?index=2","tram interior, fast, unique forms, toned colours, wood, water, metal, light accent"
"visualsketchbook_futuristic_modern_tram_communication_people__7ce0d0b6-a21d-4c5f-a848-15eecee24e58_0.png","https://www.midjourney.com/jobs/7ce0d0b6-a21d-4c5f-a848-15eecee24e58?index=0","futuristic, modern, tram, communication, people, light, yellow, blue, white, not geometric,"
"visualsketchbook_tram_interior_modern_rings_bionic_style_body_8f82e2f1-ef8f-4f36-84f2-df3d81b3188d_3.png","https://www.midjourney.com/jobs/8f82e2f1-ef8f-4f36-84f2-df3d81b3188d?index=3","tram, interior, modern, rings, bionic style, body of earthworm"
"visualsketchbook_futurystic_design_of_tram_interior_with_orga_790329ca-1411-4648-a229-271625c966a3_2.png","https://www.midjourney.com/jobs/790329ca-1411-4648-a229-271625c966a3?index=2","futurystic design of tram interior with organic convex form of lighting an windows"
"visualsketchbook_exterioir_of_a_futuristic_tram_inspired_cosm_60ec378b-7fbc-4d0a-83b9-81094e97cd05_3.png","https://www.midjourney.com/jobs/60ec378b-7fbc-4d0a-83b9-81094e97cd05?index=3","exterioir of a futuristic tram inspired cosmos space"
"visualsketchbook_tram_outsideabstractled_lightdrawing_on_the__9f4e4d81-a79e-48cf-95cc-815f5817f3e2_3.png","https://www.midjourney.com/jobs/9f4e4d81-a79e-48cf-95cc-815f5817f3e2?index=3","tram outside,abstract,led light,drawing on the ceiling that goes info the floor,eco,smooth curves"
"visualsketchbook_interior_of_futuristic_tram_with_big_windows_fa64e36b-dc61-41ba-ad07-64716925a9de_0.png","https://www.midjourney.com/jobs/fa64e36b-dc61-41ba-ad07-64716925a9de?index=0","interior of futuristic tram with big windows, cyber eco style, light green gray colors, handrails, screen on windows, a lot of place to sit, chairs, photorealistic, hi tech"
"visualsketchbook_imagine_a_tram_interior_sustainability_futur_3b52bd1c-7452-4861-ac84-a11b363ae144_1.png","https://www.midjourney.com/jobs/3b52bd1c-7452-4861-ac84-a11b363ae144?index=1","imagine a tram interior, sustainability, future, beige and white colors, ambient lighting, round shapes, big windows, ceiling and floor lighting, eco, recycling materials, ergonomic, realistic, white floor, fascinating shapes, new technologies,"
"visualsketchbook_fast_modern_tram_in_high_tech_style_4548a91d-cbfa-4b5c-9ee4-307cb8fe96fd_2.png","https://www.midjourney.com/jobs/4548a91d-cbfa-4b5c-9ee4-307cb8fe96fd?index=2","fast modern tram in high tech style"
"visualsketchbook_tram_modern_interior_lighting_body_of_earthw_8e3ce13d-61df-480e-bdcf-71051fa777bf_3.png","https://www.midjourney.com/jobs/8e3ce13d-61df-480e-bdcf-71051fa777bf?index=3","tram, modern, interior, lighting, body of earthworm, fast, seats, bionic shapes, privacy seats"
"visualsketchbook_drops_of_woter_d7dec551-fd03-4ff0-b457-ec749e9deefd_0.png","https://www.midjourney.com/jobs/d7dec551-fd03-4ff0-b457-ec749e9deefd?index=0","drops of woter"
"visualsketchbook_desing_biophilic_desing_in_the_interior_of_a_59298928-597a-413b-8745-71f57d920f1e_0.png","https://www.midjourney.com/jobs/59298928-597a-413b-8745-71f57d920f1e?index=0","desing biophilic desing in the interior of a futuristic tram"
"visualsketchbook_create_interior_tram_futuristic_blue_ergomom_5ab5a457-9444-41d1-87a1-852e9e045431_2.png","https://www.midjourney.com/jobs/5ab5a457-9444-41d1-87a1-852e9e045431?index=2","create interior tram futuristic, blue, ergomomic, high-tech , modern luxurious, led lighting"
"visualsketchbook_interior_of_modern_futuristic_simple_tram_wi_8d8199d7-c375-4065-b041-d2716c0cbd92_2.png","https://www.midjourney.com/jobs/8d8199d7-c375-4065-b041-d2716c0cbd92?index=2","interior of modern, futuristic, simple tram with glazing"
"visualsketchbook_tram_vincent_callebaut_envision_future_of_mo_e491a5b0-430a-4722-8f8e-1521e6bd0575_0.png","https://www.midjourney.com/jobs/e491a5b0-430a-4722-8f8e-1521e6bd0575?index=0","tram vincent callebaut envision future of mobility as timber-based evtols hydrofoils luxury ergonomic with bid windows and light colours"
"visualsketchbook_interior_design_of_a_futuristic_tram_with_or_02a73dd1-a22d-4151-bf83-20b02c914c70_1.png","https://www.midjourney.com/jobs/02a73dd1-a22d-4151-bf83-20b02c914c70?index=1","interior design of a futuristic tram with original panoramic ceiling windows, floor and ceiling lightning, unique seats, visual features, audiovisual system, ergonomic handle"
"visualsketchbook_big_panarome_window_in_tram_1624f2ca-cdbc-41fb-9630-24d4a1a92807_3.png","https://www.midjourney.com/jobs/1624f2ca-cdbc-41fb-9630-24d4a1a92807?index=3","big panarome window in tram"
"visualsketchbook_imagine_a_tram_interior_sustainability_futur_5447dfb2-25af-40b0-a432-64f91453b302_1.png","https://www.midjourney.com/jobs/5447dfb2-25af-40b0-a432-64f91453b302?index=1","imagine a tram interior, sustainability, future, beige and dark green colors, ambient lighting, round shapes, big windows, ceiling and floor lighting, eco, recycling materials, ergonomic, realistic, white floor, fascinating shapes, interesting chairs, people"
"visualsketchbook_future_tram_modern_streamlined_new_design_re_76d439b1-6677-4cd5-892e-d6ea870cf2aa_3.png","https://www.midjourney.com/jobs/76d439b1-6677-4cd5-892e-d6ea870cf2aa?index=3","future tram modern streamlined new design red colour led round parametric 2 seats"
"visualsketchbook_traminterior_inspiration_Poznan_LED_futureli_32d96f32-6e72-4cde-b146-3cdf1f8fc341_2.png","https://www.midjourney.com/jobs/32d96f32-6e72-4cde-b146-3cdf1f8fc341?index=2","tram,interior, inspiration Poznan, LED, future,light, high tech, modern, japan, comfort"
"visualsketchbook_interior_of_future_tram_ergonomic_seats_frie_6a61a3a8-5059-4c13-bbad-ceb572abfaf2_3.png","https://www.midjourney.com/jobs/6a61a3a8-5059-4c13-bbad-ceb572abfaf2?index=3","interior of future tram, ergonomic seats, friendly vibe, light colours, without yellow elements, organic shapes, clear space"
"visualsketchbook_reflection_ec0a5cc5-feb7-44d5-b589-3da7e63eca5c_0.png","https://www.midjourney.com/jobs/ec0a5cc5-feb7-44d5-b589-3da7e63eca5c?index=0","reflection"
"visualsketchbook_future_high_realistic_interior_tram_streamli_0035a9b8-3716-4b52-8e73-788646e8ac24_2.png","https://www.midjourney.com/jobs/0035a9b8-3716-4b52-8e73-788646e8ac24?index=2","future, high realistic, interior tram, streamlined, fast, in the city, modern, liquid"
"visualsketchbook_interior_of_futurystic_tram_with_glass_windo_1b7c8be3-189c-42dc-a39d-a5be1ead02bf_0.png","https://www.midjourney.com/jobs/1b7c8be3-189c-42dc-a39d-a5be1ead02bf?index=0","interior of futurystic tram with glass windows reference to structure of plants in grey and lighty colors"
"visualsketchbook_tramecobig_windowblueabstrat_seatled_light_7afc3cdd-c345-47ac-9ed4-e36d8406201e_3.png","https://www.midjourney.com/jobs/7afc3cdd-c345-47ac-9ed4-e36d8406201e?index=3","tram,eco,big window,blue,abstrat seat,led light"
"visualsketchbook_futuristic_modern_tram_communication_people__4daf8f7e-34e6-47f8-8235-e7052ae70ea2_1.png","https://www.midjourney.com/jobs/4daf8f7e-34e6-47f8-8235-e7052ae70ea2?index=1","futuristic, modern, tram, communication, people, light, yellow, blue, white, not geometric, interior, ergonomic"
"visualsketchbook_tram_outsideabstractled_lightdrawing_on_the__9f4e4d81-a79e-48cf-95cc-815f5817f3e2_0.png","https://www.midjourney.com/jobs/9f4e4d81-a79e-48cf-95cc-815f5817f3e2?index=0","tram outside,abstract,led light,drawing on the ceiling that goes info the floor,eco,smooth curves"
"visualsketchbook_interior_of_futuristic_tram_with_big_windows_a0a86eaa-f75a-4c6b-a2db-08473eb71c14_1.png","https://www.midjourney.com/jobs/a0a86eaa-f75a-4c6b-a2db-08473eb71c14?index=1","interior of futuristic tram with big windows, cyber eco style, light green gray colors, handrails, screen on windows, a lot of place to sit, chairs, photorealistic, hi tech"
"visualsketchbook_modern_interior_of_tram_futuristic_07e7f3d0-fdb0-4b8c-9aa9-c151fc96deb7_0.png","https://www.midjourney.com/jobs/07e7f3d0-fdb0-4b8c-9aa9-c151fc96deb7?index=0","modern interior of tram futuristic"
"visualsketchbook_futuristic_streamline_tram_interior_with_org_b4a7a067-d070-4d0a-8cec-9acb428588d6_0.png","https://www.midjourney.com/jobs/b4a7a067-d070-4d0a-8cec-9acb428588d6?index=0","futuristic streamline tram interior with organic convex forms and natural form of lighting"
"visualsketchbook_futuristic_streamline_tram_interior_with_org_bc787b57-898e-42a1-b174-bb0d43f48543_0.png","https://www.midjourney.com/jobs/bc787b57-898e-42a1-b174-bb0d43f48543?index=0","futuristic streamline tram interior with organic convex forms and natural form of lighting"
"visualsketchbook_traminterior_inspiration_Poznan_LED_futureli_92af470e-a5aa-4660-85bf-e4bb5c508a21_2.png","https://www.midjourney.com/jobs/92af470e-a5aa-4660-85bf-e4bb5c508a21?index=2","tram,interior, inspiration Poznan, LED, future,light, high tech, modern, japan, comfort"
"visualsketchbook_traminterior_inspiration_Poznan_LED_futureli_ad318935-cd71-495e-961b-e74cd5513263_0.png","https://www.midjourney.com/jobs/ad318935-cd71-495e-961b-e74cd5513263?index=0","tram,interior, inspiration Poznan, LED, future,light, high tech, modern, japan, green"
"visualsketchbook_tram_interior_future_streamlined_shape_moder_de6b28ac-d5a0-45c7-84e0-417d9a0e28cd_1.png","https://www.midjourney.com/jobs/de6b28ac-d5a0-45c7-84e0-417d9a0e28cd?index=1","tram interior, future, streamlined shape, modernist, futuristic, rhythm, white rhythm panels, 3d printing, panoramic window, warm light, woodeen floor, plants"
"visualsketchbook_sky_way_tram_glasses_floor_interior_minimali_ed944f4f-d048-4e7c-bf94-0b9c475cc425_1.png","https://www.midjourney.com/jobs/ed944f4f-d048-4e7c-bf94-0b9c475cc425?index=1","sky way tram, glasses floor interior, minimalism, comfortable chairs, functionality"
"visualsketchbook_futuristic_tram_simple_minimalistic_shapes_g_6a12a506-758c-4d55-8229-a241ddd72979_3.png","https://www.midjourney.com/jobs/6a12a506-758c-4d55-8229-a241ddd72979?index=3","futuristic tram simple minimalistic shapes green gray natural colors big windows"
"visualsketchbook_modern_interior_of_tram_light_futuristic_blu_842dc5e5-c753-402c-b8f9-99657f038d8a_2.png","https://www.midjourney.com/jobs/842dc5e5-c753-402c-b8f9-99657f038d8a?index=2","modern interior of tram light futuristic blue leds orange elements of interior"
"visualsketchbook_tram_outsideabstractled_lightdrawing_on_the__e22c0e6c-db9c-4e26-b214-9a7beb23813e_2.png","https://www.midjourney.com/jobs/e22c0e6c-db9c-4e26-b214-9a7beb23813e?index=2","tram outside,abstract,led light,drawing on the ceiling that goes info the floor,eco,smooth curves"
"visualsketchbook_tram_exterior_in_dark_shaded_streamlined_sha_57d2f21e-08e7-4db4-9e20-d7b9b1a8b1d3_0.png","https://www.midjourney.com/jobs/57d2f21e-08e7-4db4-9e20-d7b9b1a8b1d3?index=0","tram exterior in dark shaded, streamlined shape, copper accents, modernistic, futuristic, big windows"
"visualsketchbook_TRAM_INTERIOR_INSPIRED_BY_COSMOS_SPACE_df282506-cba1-47aa-998b-04825d7d58f4_0.png","https://www.midjourney.com/jobs/df282506-cba1-47aa-998b-04825d7d58f4?index=0","TRAM INTERIOR INSPIRED BY COSMOS SPACE"
"visualsketchbook_modern_tram_interior_design_in_high_tech_sty_9e03a989-73c3-4cba-a659-9d74380111ba_0.png","https://www.midjourney.com/jobs/9e03a989-73c3-4cba-a659-9d74380111ba?index=0","modern tram interior design in high tech style"
"visualsketchbook_interior_of_future_tram_ergonomic_seats_frie_c63a22ed-38db-4d60-a836-1013ba97a81a_3.png","https://www.midjourney.com/jobs/c63a22ed-38db-4d60-a836-1013ba97a81a?index=3","interior of future tram, ergonomic seats, friendly vibe, light colours, without yellow elements, organic shapes, clear space"
"visualsketchbook_tram_interior_with_seats_spread_out_in_the_m_8af0475d-0cd4-43e4-8c89-1fd933831eb0_0.png","https://www.midjourney.com/jobs/8af0475d-0cd4-43e4-8c89-1fd933831eb0?index=0","tram interior with seats spread out in the middle of tram in the futuristic style"
"visualsketchbook_tram_interior_1068a725-eb83-417e-94b3-f5e2b2a2a322_0.png","https://www.midjourney.com/jobs/1068a725-eb83-417e-94b3-f5e2b2a2a322?index=0","tram interior"
"visualsketchbook_functionality_sky_way_tram_interior_for_chil_8fa8d0e5-d3e5-4567-b9ae-07aaab5c38c0_3.png","https://www.midjourney.com/jobs/8fa8d0e5-d3e5-4567-b9ae-07aaab5c38c0?index=3","functionality, sky way tram, interior for children tram, city"
"visualsketchbook_interior_of_the_tram_inspired_by_speed_and_f_5be9a5aa-ddd0-4ba3-9ee3-917dc20475a8_0.png","https://www.midjourney.com/jobs/5be9a5aa-ddd0-4ba3-9ee3-917dc20475a8?index=0","interior of the tram inspired by speed and futuristic cosmos space"
"visualsketchbook_futuristic_tram_interior_in_natural_colors.__77364d41-23ef-4d16-9aac-864f92d43562_1.png","https://www.midjourney.com/jobs/77364d41-23ef-4d16-9aac-864f92d43562?index=1","futuristic tram interior in natural colors. copper brancing pipes, seats are in unusual form"
"visualsketchbook_light_projections_inside_the_tram_inspired_b_4b012fed-0417-4727-b774-10efcc1264e0_3.png","https://www.midjourney.com/jobs/4b012fed-0417-4727-b774-10efcc1264e0?index=3","light projections inside the tram inspired by space and stars"
"visualsketchbook_tram_inspiration_Poznan_LED_future_high_tech_72911e5c-2331-407d-ab0e-956f2a15c427_0.png","https://www.midjourney.com/jobs/72911e5c-2331-407d-ab0e-956f2a15c427?index=0","tram, inspiration Poznan, LED, future, high tech, modern, japan"
"visualsketchbook_futuristic_tram_interior_in_natural_colors.__5ce64cd5-f222-4de3-99d1-924ab1bb8680_0.png","https://www.midjourney.com/jobs/5ce64cd5-f222-4de3-99d1-924ab1bb8680?index=0","futuristic tram interior in natural colors. made of recycled materials. copper brancing pipes, seats are in unusual form with organic convex forms and natural form of lighting"
"visualsketchbook_interior_of_future_tram_ergonomic_seats_frie_1a1166aa-baae-4fff-92f3-6d3dbcae6e76_1.png","https://www.midjourney.com/jobs/1a1166aa-baae-4fff-92f3-6d3dbcae6e76?index=1","interior of future tram, ergonomic seats, friendly vibe"
"visualsketchbook_luxury_glass_77bc38e3-0336-4195-8feb-90770632bea2_0.png","https://www.midjourney.com/jobs/77bc38e3-0336-4195-8feb-90770632bea2?index=0","luxury glass"
"visualsketchbook_tramecobig_windowblueabstrat_seatled_light_7afc3cdd-c345-47ac-9ed4-e36d8406201e_0.png","https://www.midjourney.com/jobs/7afc3cdd-c345-47ac-9ed4-e36d8406201e?index=0","tram,eco,big window,blue,abstrat seat,led light"
"visualsketchbook_tram_interior_futuristic_cyberpunk_style_geo_544299d1-adde-49d6-befa-739ff281f7b5_3.png","https://www.midjourney.com/jobs/544299d1-adde-49d6-befa-739ff281f7b5?index=3","tram interior, futuristic, cyberpunk style, geometric forms, seating"
"visualsketchbook_create_interior_tram_futuristic_green_ergomo_19662513-87da-4850-bb02-26ef9f19078e_0.png","https://www.midjourney.com/jobs/19662513-87da-4850-bb02-26ef9f19078e?index=0","create interior tram futuristic, green, ergomomic, plants, modern luxurious, led lighting"
"visualsketchbook_tram_interior_modern_body_of_earthworm_bioni_2fa449e8-267b-4ee9-b07c-37dcb0ccd16a_1.png","https://www.midjourney.com/jobs/2fa449e8-267b-4ee9-b07c-37dcb0ccd16a?index=1","tram, interior, modern, body of earthworm, bionic shapes, colorful, lighting, rings, seats, bionic style"
"visualsketchbook_interior_of_futurystic_tram_with_glass_windo_f877a603-f2fe-4e35-a59b-e94c585d7148_1.png","https://www.midjourney.com/jobs/f877a603-f2fe-4e35-a59b-e94c585d7148?index=1","interior of futurystic tram with glass windows reference to structure of plants in grey and lighty colors"
"visualsketchbook_modern_futuristic_tram_ecologic_economic_ins_c520fc13-c728-414f-99b4-f5cb6224763a_2.png","https://www.midjourney.com/jobs/c520fc13-c728-414f-99b4-f5cb6224763a?index=2","modern futuristic tram ecologic economic inspired by nature wooden elements use of glass and metal fast"
"visualsketchbook_tram_exterior_in_dark_shaded_streamlined_sha_a5b5ece0-5427-4c26-99f0-f8e13110cc17_0.png","https://www.midjourney.com/jobs/a5b5ece0-5427-4c26-99f0-f8e13110cc17?index=0","tram exterior in dark shaded, streamlined shape, copper accents, red leds, modernistic, futuristic, big windows"
"visualsketchbook_tram_interior__interesting_plants_modern_com_c8797025-4938-4ce6-888c-d0c9fb2b8b58_2.png","https://www.midjourney.com/jobs/c8797025-4938-4ce6-888c-d0c9fb2b8b58?index=2","tram interior , interesting, plants, modern, complicated shapes, interesting lightning, big windows , handrails and cozy seats"
"visualsketchbook_future_futuristic_tram_streamlined_navy_blue_cee89aa4-b297-46dd-976a-20f54a0c6785_0.png","https://www.midjourney.com/jobs/cee89aa4-b297-46dd-976a-20f54a0c6785?index=0","future, futuristic, tram, streamlined, navy blue, fast, wavy, in the city, modern"
"visualsketchbook_future_interior_tram_streamlined_fast_wavy_n_f6b33ca7-b80c-44a3-a8bc-a1e7051e456f_3.png","https://www.midjourney.com/jobs/f6b33ca7-b80c-44a3-a8bc-a1e7051e456f?index=3","future, interior tram, streamlined, fast, wavy, navy blue,bladerunner, seaweed, in the city, modern"
"visualsketchbook_interior_design_of_a_tram_which_is_ergonomic_351e5056-9f4c-4e10-a5bf-1fec3e73cb17_0.png","https://www.midjourney.com/jobs/351e5056-9f4c-4e10-a5bf-1fec3e73cb17?index=0","interior design of a tram which is ergonomic, economical, organic with panoramic ceiling windows, wavy shapes, led amient lighting, natural materials with one contrasting colour"
"visualsketchbook_futuristic_tram_interior_in_natural_light_gr_e574ebc8-f44d-43c2-ad7c-c1bf0b07d152_1.png","https://www.midjourney.com/jobs/e574ebc8-f44d-43c2-ad7c-c1bf0b07d152?index=1","futuristic tram interior in natural light green colors. copper brancing pipes, seats are in unusual form with organic convex forms and natural form of lighting"
"visualsketchbook_modern_futuristic_tram_super_fast_and_obliqu_37416c21-6dc0-4db6-9253-1fb4a5c11468_1.png","https://www.midjourney.com/jobs/37416c21-6dc0-4db6-9253-1fb4a5c11468?index=1","modern futuristic tram super fast and oblique in city extraordinary two floors economic ecofriendly independent stylish and new"
"visualsketchbook_modern_future_tram_futuristic_light_led_4c8f7fbc-277e-4667-8a41-414d3b51003d_1.png","https://www.midjourney.com/jobs/4c8f7fbc-277e-4667-8a41-414d3b51003d?index=1","modern future tram futuristic light led"
"visualsketchbook_futuristic_tram_interior_blue_orange_black_L_e9821b57-05b0-4d92-9f4b-805a642c6600_2.png","https://www.midjourney.com/jobs/e9821b57-05b0-4d92-9f4b-805a642c6600?index=2","futuristic tram interior, blue, orange, black, LED, glass, curve shapes, round, daylight, seen from outside"
"visualsketchbook_tram_vincent_callebaut_envision_future_of_mo_1d6954cc-bc15-4fb3-a5af-1685ed3c1361_2.png","https://www.midjourney.com/jobs/1d6954cc-bc15-4fb3-a5af-1685ed3c1361?index=2","tram vincent callebaut envision future of mobility as timber-based evtols hydrofoils luxury ergonomic with bid windows and light colours"
"visualsketchbook_futuristic_modern_tram_communication_people__34ad5669-e90d-456d-84f5-deff8f2c0688_2.png","https://www.midjourney.com/jobs/34ad5669-e90d-456d-84f5-deff8f2c0688?index=2","futuristic, modern, tram, communication, people, light, yellow, blue, white, not geometric, with geometric cube chair"
"visualsketchbook_future_futuristic_tram_streamlined_fast_wavy_8d58353d-c3e3-4071-b359-f4877f5c1d1d_2.png","https://www.midjourney.com/jobs/8d58353d-c3e3-4071-b359-f4877f5c1d1d?index=2","future, futuristic tram, streamlined, fast, wavy, brown, in the city, modern"
"visualsketchbook_chairs_train_26d8df2b-8424-4fcf-8fab-92314f581cea_3.png","https://www.midjourney.com/jobs/26d8df2b-8424-4fcf-8fab-92314f581cea?index=3","chairs train"
"visualsketchbook_imagine_a_tram_interior_sustainability_futur_c05c9e3d-8e8e-44a5-b4bf-fd2a73cc6a7a_1.png","https://www.midjourney.com/jobs/c05c9e3d-8e8e-44a5-b4bf-fd2a73cc6a7a?index=1","imagine a tram interior, sustainability, future, beige and white colors, ambient lighting, round shapes, big windows, ceiling and floor lighting, eco, recycling materials, ergonomic, realistic, white floor, fascinating shapes"
"visualsketchbook_tramecobig_windowblueabstrat_seatled_light_37f8effd-3c48-4bde-a729-13a0b0a09259_0.png","https://www.midjourney.com/jobs/37f8effd-3c48-4bde-a729-13a0b0a09259?index=0","tram,eco,big window,blue,abstrat seat,led light"
"visualsketchbook_modern_interior_of_tram_light_futuristic_blu_05017380-fb8b-4b95-90f5-fc38ee18991b_0.png","https://www.midjourney.com/jobs/05017380-fb8b-4b95-90f5-fc38ee18991b?index=0","modern interior of tram light futuristic blue leds orange elements of interior"
"visualsketchbook_future_high_realistic_interior_tram_streamli_464cd0a9-8ce7-43dc-8a65-94d38e86e303_0.png","https://www.midjourney.com/jobs/464cd0a9-8ce7-43dc-8a65-94d38e86e303?index=0","future, high realistic, interior tram, streamlined, fast, in the city, modern, liquid"
"visualsketchbook_futuristic_tram_interior_with_organic_light__23d30b7d-e75d-40ce-a142-fb4e35a195e6_3.png","https://www.midjourney.com/jobs/23d30b7d-e75d-40ce-a142-fb4e35a195e6?index=3","futuristic tram interior with organic light, cyberpank, cosmos"
"visualsketchbook_modern_streamline_tram_interior_in_natural_c_886cc224-af2f-42cf-ad87-c8740592f58b_1.png","https://www.midjourney.com/jobs/886cc224-af2f-42cf-ad87-c8740592f58b?index=1","modern streamline tram interior in natural colors, copper pipes and seats in unusual forms"
"visualsketchbook_future_high_realistic_interior_tram_streamli_c21ba64a-86f2-4d18-902e-e30c3c17572d_1.png","https://www.midjourney.com/jobs/c21ba64a-86f2-4d18-902e-e30c3c17572d?index=1","future, high realistic, interior tram, streamlined, fast, wavy, brown, in the city, modern, liquid, comfort seats"
"visualsketchbook_futuristic_tram_interior_blue_orange_black_L_e9821b57-05b0-4d92-9f4b-805a642c6600_1.png","https://www.midjourney.com/jobs/e9821b57-05b0-4d92-9f4b-805a642c6600?index=1","futuristic tram interior, blue, orange, black, LED, glass, curve shapes, round, daylight, seen from outside"
"visualsketchbook_tram_outsideabstractled_lightdrawing_on_the__9f4e4d81-a79e-48cf-95cc-815f5817f3e2_2.png","https://www.midjourney.com/jobs/9f4e4d81-a79e-48cf-95cc-815f5817f3e2?index=2","tram outside,abstract,led light,drawing on the ceiling that goes info the floor,eco,smooth curves"
"visualsketchbook_tram_interior__interesting_plants_modern_com_c8797025-4938-4ce6-888c-d0c9fb2b8b58_1.png","https://www.midjourney.com/jobs/c8797025-4938-4ce6-888c-d0c9fb2b8b58?index=1","tram interior , interesting, plants, modern, complicated shapes, interesting lightning, big windows , handrails and cozy seats"
"visualsketchbook_functional_tram_technology_sky_way_tram_fast_3a879b5e-cfcd-4e58-98fa-c056c69c0788_2.png","https://www.midjourney.com/jobs/3a879b5e-cfcd-4e58-98fa-c056c69c0788?index=2","functional tram, technology, sky way tram, fast"
"visualsketchbook_interior_of_future_tram_ergonomic_seats_frie_c58c8f62-641b-4586-9fe5-5cbc5a7990ec_0.png","https://www.midjourney.com/jobs/c58c8f62-641b-4586-9fe5-5cbc5a7990ec?index=0","interior of future tram, ergonomic seats, friendly vibe, light colours, without yellow elements, organic shapes, clear space"
"visualsketchbook_TRAM_INTERIOR_INSPIRED_BY_COSMOS_SPACE_5af2e39c-390d-413c-ac31-37b5a80b4870_0.png","https://www.midjourney.com/jobs/5af2e39c-390d-413c-ac31-37b5a80b4870?index=0","TRAM INTERIOR INSPIRED BY COSMOS SPACE"
"visualsketchbook_futuristic_modern_tram_communication_people__d4ddaa9c-bdd1-469b-9e58-412a0822b973_0.png","https://www.midjourney.com/jobs/d4ddaa9c-bdd1-469b-9e58-412a0822b973?index=0","futuristic, modern, tram, communication, people, light, yellow, blue, white, not geometric, interior"
"visualsketchbook_interior_of_tram_biophilic_modern_futuristic_332458a8-bf5c-4cc4-99aa-d2bc9ef464ff_1.png","https://www.midjourney.com/jobs/332458a8-bf5c-4cc4-99aa-d2bc9ef464ff?index=1","interior of tram, biophilic, modern, futuristic, green, funktional, ambient lighting"
"visualsketchbook_TRAM_INTERIOR_INSPIRED_BY_COSMOS_SPACE_5709e8ce-83cf-4066-b4ea-9f59c55b0463_0.png","https://www.midjourney.com/jobs/5709e8ce-83cf-4066-b4ea-9f59c55b0463?index=0","TRAM INTERIOR INSPIRED BY COSMOS SPACE"
"visualsketchbook_future_tram_modern_streamlined_new_design_re_52d5f04b-0d1d-4011-b0a7-9ceeefb09dc5_2.png","https://www.midjourney.com/jobs/52d5f04b-0d1d-4011-b0a7-9ceeefb09dc5?index=2","future tram modern streamlined new design red colour led round parametric 2 seats"
"visualsketchbook_sky_way_tram_glasses_floor_interior_minimali_ed944f4f-d048-4e7c-bf94-0b9c475cc425_3.png","https://www.midjourney.com/jobs/ed944f4f-d048-4e7c-bf94-0b9c475cc425?index=3","sky way tram, glasses floor interior, minimalism, comfortable chairs, functionality"
"visualsketchbook_futuristic_streamline_tram_interior_with_org_0a50420b-630d-464d-9ec8-cf2935aff5f0_0.png","https://www.midjourney.com/jobs/0a50420b-630d-464d-9ec8-cf2935aff5f0?index=0","futuristic streamline tram interior with organic convex forms and natural form of lighting"
"visualsketchbook_sky_way_tram_glasses_floor_interior_minimali_cb5aa9f0-ca8d-4af7-bb9e-e624c86fe807_2.png","https://www.midjourney.com/jobs/cb5aa9f0-ca8d-4af7-bb9e-e624c86fe807?index=2","sky way tram, glasses floor interior, minimalism, funktional"
"visualsketchbook_futuristic_tram_interior_with_organic_light__23d30b7d-e75d-40ce-a142-fb4e35a195e6_1.png","https://www.midjourney.com/jobs/23d30b7d-e75d-40ce-a142-fb4e35a195e6?index=1","futuristic tram interior with organic light, cyberpank, cosmos"
"visualsketchbook_cyberpunk_style_tram_white_geometric_panels__10ff495d-2280-46f8-b46b-29db14044ae7_0.png","https://www.midjourney.com/jobs/10ff495d-2280-46f8-b46b-29db14044ae7?index=0","cyberpunk style tram, white geometric panels on the exterior, big windows, glass roof, led lights"
"visualsketchbook_tram_exterior_in_dark_shaded_streamlined_sha_bea95aea-c681-4bf3-ba65-cd11ece390e0_3.png","https://www.midjourney.com/jobs/bea95aea-c681-4bf3-ba65-cd11ece390e0?index=3","tram exterior in dark shaded, streamlined shape, copper accents, modernistic, futuristic, big windows"
"visualsketchbook_tram_exterior_natural_organic_shapes_big_win_86891754-792a-470f-b2eb-36631047b7a3_0.png","https://www.midjourney.com/jobs/86891754-792a-470f-b2eb-36631047b7a3?index=0","tram exterior, natural, organic shapes, big windows, fast, streamlined, toned colours, city"
"visualsketchbook_chairs_train_26d8df2b-8424-4fcf-8fab-92314f581cea_1.png","https://www.midjourney.com/jobs/26d8df2b-8424-4fcf-8fab-92314f581cea?index=1","chairs train"
"visualsketchbook_futuristic_modern_and_fast_tram_being_an_art_aa26bcf3-7f51-4a52-9a9c-866b6900f4c3_1.png","https://www.midjourney.com/jobs/aa26bcf3-7f51-4a52-9a9c-866b6900f4c3?index=1","futuristic modern and fast tram being an art performance lots of glass and metal soacious interior many seats"
"visualsketchbook_functionality_sky_way_tram_interior_for_chil_2f840e8a-789e-43f2-98fc-7bc21a4d9f57_2.png","https://www.midjourney.com/jobs/2f840e8a-789e-43f2-98fc-7bc21a4d9f57?index=2","functionality, sky way tram, interior for children tram, city"
"visualsketchbook_cyberpunk_style_tram_white_geometric_panels__41de3c2d-e34f-4bff-826d-02d54585f910_2.png","https://www.midjourney.com/jobs/41de3c2d-e34f-4bff-826d-02d54585f910?index=2","cyberpunk style tram, white geometric panels on the exterior, big windows, glass roof, led lights"
"visualsketchbook_imagine_a_tram_interior_sustainability_futur_bd5eb712-44be-4277-8cbc-874a3df3ea28_2.png","https://www.midjourney.com/jobs/bd5eb712-44be-4277-8cbc-874a3df3ea28?index=2","imagine a tram interior, sustainability, future, beige and dark green colors, ambient lighting, round shapes, big windows, ceiling and floor lighting, eco, recycling materials, ergonomic, realistic, white floor, fascinating shapes, interesting chairs, people"
"visualsketchbook_photorealistic_interior_of_future_tram_9afed488-634f-4ed6-9c8b-f8821c9c79e1_0.png","https://www.midjourney.com/jobs/9afed488-634f-4ed6-9c8b-f8821c9c79e1?index=0","photorealistic interior of future tram"
"visualsketchbook_interior_of_modern_futuristic_simple_tram_wi_c28c4793-bb44-4b2a-93ed-bba8d70cc46a_2.png","https://www.midjourney.com/jobs/c28c4793-bb44-4b2a-93ed-bba8d70cc46a?index=2","interior of modern, futuristic, simple tram with glazing"
"visualsketchbook_drops_of_woter_6de06d2f-f015-45b9-83fb-f426601046f1_1.png","https://www.midjourney.com/jobs/6de06d2f-f015-45b9-83fb-f426601046f1?index=1","drops of woter"
"visualsketchbook_light_projections_inside_the_tram_inspired_b_281b9590-39e5-4626-b089-97d5bb781aa4_1.png","https://www.midjourney.com/jobs/281b9590-39e5-4626-b089-97d5bb781aa4?index=1","light projections inside the tram inspired by space and stars"
"visualsketchbook_interior_of_futurystic_tram_with_glass_windo_1ad851a9-49e3-43c8-b19d-07d8a9bad3ae_1.png","https://www.midjourney.com/jobs/1ad851a9-49e3-43c8-b19d-07d8a9bad3ae?index=1","interior of futurystic tram with glass windows reference to structure of plants in grey and lighty colors"
"visualsketchbook_traminterior_inspiration_Poznan_LED_futureli_00f59b84-171e-4133-9ca9-01a2a49886ae_1.png","https://www.midjourney.com/jobs/00f59b84-171e-4133-9ca9-01a2a49886ae?index=1","tram,interior, inspiration Poznan, LED, future,light, high tech, modern, japan, comfort"
"visualsketchbook_futuristic_tram_big_windows_geometric_panels_0fcb19f8-18f0-4760-bb67-d93c51e1f639_1.png","https://www.midjourney.com/jobs/0fcb19f8-18f0-4760-bb67-d93c51e1f639?index=1","futuristic tram, big windows, geometric panels on the exterior, white, tinted windows"
"visualsketchbook_futuristic_modern_tram_communication_people__5c19a20e-381a-4fac-bc6d-7c518b5e20e3_2.png","https://www.midjourney.com/jobs/5c19a20e-381a-4fac-bc6d-7c518b5e20e3?index=2","futuristic, modern, tram, communication, people, light, yellow, blue, white, not geometric,"
"visualsketchbook_photorealistic_interior_of_future_tram_83ad7905-df22-418a-a4dc-0407aaa3b982_1.png","https://www.midjourney.com/jobs/83ad7905-df22-418a-a4dc-0407aaa3b982?index=1","photorealistic interior of future tram"
"visualsketchbook_futuristic_tram_interior_in_natural_colors.__dcfa15ca-ad38-4fca-995f-faf9ab7cde91_2.png","https://www.midjourney.com/jobs/dcfa15ca-ad38-4fca-995f-faf9ab7cde91?index=2","futuristic tram interior in natural colors. made of recycled materials. copper brancing pipes, seats are in unusual form with organic convex forms and natural form of lighting"
"visualsketchbook_interior_of_futuristic_tram_with_big_windows_a0a86eaa-f75a-4c6b-a2db-08473eb71c14_0.png","https://www.midjourney.com/jobs/a0a86eaa-f75a-4c6b-a2db-08473eb71c14?index=0","interior of futuristic tram with big windows, cyber eco style, light green gray colors, handrails, screen on windows, a lot of place to sit, chairs, photorealistic, hi tech"
"visualsketchbook_interior_design_of_a_futuristic_tram_with_or_2da991d6-88fb-4d30-80b8-5a4e069c3754_0.png","https://www.midjourney.com/jobs/2da991d6-88fb-4d30-80b8-5a4e069c3754?index=0","interior design of a futuristic tram with original panoramic ceiling windows, floor and ceiling lightning, unique seats, visual features, audiovisual system, ergonomic handle"
"visualsketchbook_tram_inside_vincent_callebaut_envision_futur_6fed9f0e-8f2c-4a5f-8919-2abef7388d9c_2.png","https://www.midjourney.com/jobs/6fed9f0e-8f2c-4a5f-8919-2abef7388d9c?index=2","tram inside vincent callebaut envision future of mobility as timber-based evtols hydrofoils luxury ergonomic with bid windows and light colours"
"visualsketchbook_tram_interior_in_dark_shaded_streamlined_sha_369d0a52-ca32-48c6-ada7-4d11a550ccad_0.png","https://www.midjourney.com/jobs/369d0a52-ca32-48c6-ada7-4d11a550ccad?index=0","tram interior in dark shaded, streamlined shape, copper accents, modernistic, futuristic, big windows"
"visualsketchbook_interior_design_of_a_futuristic_tram_with_or_113139bb-c662-40a8-9359-2254934afdbe_0.png","https://www.midjourney.com/jobs/113139bb-c662-40a8-9359-2254934afdbe?index=0","interior design of a futuristic tram with original panoramic ceiling windows, floor and ceiling lightning, unique seats, visual features, audiovisual system, ergonomic handle"
"visualsketchbook_modern_simple_futuristic_tram_with_glazing_14cc6a64-3dba-4afa-b0d5-7caeb3f7e6dc_2.png","https://www.midjourney.com/jobs/14cc6a64-3dba-4afa-b0d5-7caeb3f7e6dc?index=2","modern, simple, futuristic tram with glazing"
"visualsketchbook_minimalism_interior_tram_functionality_light_1c5a30ae-275a-4343-86c8-1435915398f9_3.png","https://www.midjourney.com/jobs/1c5a30ae-275a-4343-86c8-1435915398f9?index=3","minimalism interior tram, functionality, light, komfortable"
"visualsketchbook_tram_interior_in_dark_shaded_streamlined_sha_5703c87e-2c46-420b-9d2d-d461f946ff76_1.png","https://www.midjourney.com/jobs/5703c87e-2c46-420b-9d2d-d461f946ff76?index=1","tram interior in dark shaded, streamlined shape, copper accents, red leds, modernistic, futuristic, big windows"
"visualsketchbook_crooked_lines_dd14cb5a-94b9-4543-8a01-f581fcf1c9c3_2.png","https://www.midjourney.com/jobs/dd14cb5a-94b9-4543-8a01-f581fcf1c9c3?index=2","crooked lines"
"visualsketchbook_tram_outsideabstractdrawing_on_the_ceiling_t_0d5cf37d-1e0c-4c87-85bc-eaa188c5f6e2_3.png","https://www.midjourney.com/jobs/0d5cf37d-1e0c-4c87-85bc-eaa188c5f6e2?index=3","tram outside,abstract,drawing on the ceiling that goes info the floor inside"
"visualsketchbook_modern_interior_of_tram_futuristic_67a1fc1a-4bc1-424c-b03d-b43963c1271f_0.png","https://www.midjourney.com/jobs/67a1fc1a-4bc1-424c-b03d-b43963c1271f?index=0","modern interior of tram futuristic"
"visualsketchbook_interior_of_future_tram_ergonomic_seats_frie_510475c4-037b-430e-b0fa-497206d34714_3.png","https://www.midjourney.com/jobs/510475c4-037b-430e-b0fa-497206d34714?index=3","interior of future tram, ergonomic seats, friendly vibe"
"visualsketchbook_futuristic_tram_big_windows_geometric_panels_abcb7998-e971-45f3-9f71-c7af512434b7_0.png","https://www.midjourney.com/jobs/abcb7998-e971-45f3-9f71-c7af512434b7?index=0","futuristic tram, big windows, geometric panels on the exterior, white, tinted windows"
"visualsketchbook_modern_interior_of_tram_light_futuristic_blu_07e67ea9-abe8-465c-8d8c-21be4325e9e2_2.png","https://www.midjourney.com/jobs/07e67ea9-abe8-465c-8d8c-21be4325e9e2?index=2","modern interior of tram light futuristic blue leds orange elements of interior"
"visualsketchbook_tramecobig_windowblueabstrat_seatled_light_7afc3cdd-c345-47ac-9ed4-e36d8406201e_2.png","https://www.midjourney.com/jobs/7afc3cdd-c345-47ac-9ed4-e36d8406201e?index=2","tram,eco,big window,blue,abstrat seat,led light"
"visualsketchbook_vincent_callebaut_envision_future_of_mobilit_04e69645-6ed1-4acf-bebb-818cd52a9ed5_0.png","https://www.midjourney.com/jobs/04e69645-6ed1-4acf-bebb-818cd52a9ed5?index=0","vincent callebaut envision future of mobility as timber-based evtols hydrofoils luxury ergonomic with bid windows and light colours"
"visualsketchbook_tram_interior_future_streamlined_shape_moder_167aee16-8b8d-483b-a3c7-24e4d919ab51_0.png","https://www.midjourney.com/jobs/167aee16-8b8d-483b-a3c7-24e4d919ab51?index=0","tram interior, future, streamlined shape, modernist, futuristic, rhythm, white rhythm panels, 3d printing, panoramic window, warm light, woodeen floor, plants"
"visualsketchbook_future_high_realistic_interior_tram_streamli_0035a9b8-3716-4b52-8e73-788646e8ac24_3.png","https://www.midjourney.com/jobs/0035a9b8-3716-4b52-8e73-788646e8ac24?index=3","future, high realistic, interior tram, streamlined, fast, in the city, modern, liquid"
"visualsketchbook_cyberpunk_style_tram_white_geometric_panels__81ca9131-6c3e-4dce-8158-bc2bb79c5889_0.png","https://www.midjourney.com/jobs/81ca9131-6c3e-4dce-8158-bc2bb79c5889?index=0","cyberpunk style tram, white geometric panels on the exterior, big windows, glass roof, led lights"
"visualsketchbook_interior_design_of_a_tram_which_is_ergonomic_0e5978e5-fa01-4ae5-9171-7677243e7c20_0.png","https://www.midjourney.com/jobs/0e5978e5-fa01-4ae5-9171-7677243e7c20?index=0","interior design of a tram which is ergonomic, economical, organic with panoramic ceiling windows, wavy shapes, led amient lighting, natural materials with one contrasting colour"
"visualsketchbook_tram_exterior_in_dark_shaded_streamlined_sha_bea95aea-c681-4bf3-ba65-cd11ece390e0_2.png","https://www.midjourney.com/jobs/bea95aea-c681-4bf3-ba65-cd11ece390e0?index=2","tram exterior in dark shaded, streamlined shape, copper accents, modernistic, futuristic, big windows"
"visualsketchbook_tramecobig_windowblueabstrat_seatled_light_1170c4c2-0585-4476-93aa-757d63c2ef23_1.png","https://www.midjourney.com/jobs/1170c4c2-0585-4476-93aa-757d63c2ef23?index=1","tram,eco,big window,blue,abstrat seat,led light"
"visualsketchbook_hospital_of_the_future_12315954-1f12-4e7e-b697-c41691efcdeb_0.png","https://www.midjourney.com/jobs/12315954-1f12-4e7e-b697-c41691efcdeb?index=0","hospital of the future"
"visualsketchbook_tram_interior_in_dark_shaded_streamlined_sha_f676e413-c1ed-47a3-8f83-b7500a49e7e7_0.png","https://www.midjourney.com/jobs/f676e413-c1ed-47a3-8f83-b7500a49e7e7?index=0","tram interior in dark shaded, streamlined shape, copper accents, modernistic, futuristic, big windows"
"visualsketchbook_futuristic_tram_interior_in_natural_light_gr_e574ebc8-f44d-43c2-ad7c-c1bf0b07d152_2.png","https://www.midjourney.com/jobs/e574ebc8-f44d-43c2-ad7c-c1bf0b07d152?index=2","futuristic tram interior in natural light green colors. copper brancing pipes, seats are in unusual form with organic convex forms and natural form of lighting"
"visualsketchbook_Coloring_page_for_Kids_Labrador_Retriever_ca_90fc0515-4225-40c7-9207-581074045db7_1.png","https://www.midjourney.com/jobs/90fc0515-4225-40c7-9207-581074045db7?index=1","Coloring page for Kids, Labrador Retriever, cartoon style, thick line, low detail, no shading"
"visualsketchbook_create_interior_tram_futuristic_blue_green_b_16d42969-0407-49cf-a8fa-a6d6ca0742a8_2.png","https://www.midjourney.com/jobs/16d42969-0407-49cf-a8fa-a6d6ca0742a8?index=2","create interior tram futuristic, blue, green, black , ergomomic, plants, modern luxurious, led lighting, multi-functional, elegant"
"visualsketchbook_minimalism_interior_tram_functionality_light_1c5a30ae-275a-4343-86c8-1435915398f9_0.png","https://www.midjourney.com/jobs/1c5a30ae-275a-4343-86c8-1435915398f9?index=0","minimalism interior tram, functionality, light, komfortable"
"visualsketchbook_tram_interior_future_streamlined_shape_moder_45405c7e-8040-46b2-8674-0083210b593a_0.png","https://www.midjourney.com/jobs/45405c7e-8040-46b2-8674-0083210b593a?index=0","tram interior, future, streamlined shape, modernist, futuristic, rhythm, white rhythm panels, 3d printing, panoramic window"
"visualsketchbook_tram_interior_fast_unique_forms_toned_colour_050ffe7e-c79b-4273-9683-2cc1f86f08c7_0.png","https://www.midjourney.com/jobs/050ffe7e-c79b-4273-9683-2cc1f86f08c7?index=0","tram interior, fast, unique forms, toned colours, wood, water, metal, light accent"
"visualsketchbook_futuristic_modern_tram_communication_people__d032119a-a05b-4164-b05d-24face6bc2d1_1.png","https://www.midjourney.com/jobs/d032119a-a05b-4164-b05d-24face6bc2d1?index=1","futuristic, modern, tram, communication, people, light, yellow, blue, white, not geometric, ahead tram"
"visualsketchbook_futuristic_tram_simple_minimalistic_shapes_g_f82ccc36-fe6c-4311-9fcf-b5f2acf963ad_0.png","https://www.midjourney.com/jobs/f82ccc36-fe6c-4311-9fcf-b5f2acf963ad?index=0","futuristic tram simple minimalistic shapes green gray natural colors big windows"
"visualsketchbook_sky_way_tram_glasses_floor_interior_minimali_e879f19b-56c1-4fb7-ac66-5be80ac4bb44_0.png","https://www.midjourney.com/jobs/e879f19b-56c1-4fb7-ac66-5be80ac4bb44?index=0","sky way tram, glasses floor interior, minimalism, comfortable chairs, functionality"
"visualsketchbook_tram_future_streamlined_shape_modernist_futu_02120970-9af7-4f9f-9009-8265bbc4055c_0.png","https://www.midjourney.com/jobs/02120970-9af7-4f9f-9009-8265bbc4055c?index=0","tram, future, streamlined shape, modernist, futuristic, rhythm, white rhythm panels, panoramic window"
"visualsketchbook_futuristic_tram_interior_blue_orange_black_L_155c9cba-65be-4ca7-bcac-d4ec62707d0e_3.png","https://www.midjourney.com/jobs/155c9cba-65be-4ca7-bcac-d4ec62707d0e?index=3","futuristic tram interior, blue, orange, black, LED, glass, curve shapes, round, daylight, seen from outside"
"visualsketchbook_imagine_a_tram_interior_sustainability_futur_c1a3345d-db40-47d6-a18b-e20c11dab35f_0.png","https://www.midjourney.com/jobs/c1a3345d-db40-47d6-a18b-e20c11dab35f?index=0","imagine a tram interior, sustainability, future, beige and white colors, ambient lighting, round shapes, big windows, ceiling and floor lighting, eco, recycling materials, ergonomic, realistic, white floor, fascinating shapes, new technologies,"
"visualsketchbook_create_tram_futuristic_green_ergomomic_plant_372c6212-a0fb-4d01-babf-642d0c346804_1.png","https://www.midjourney.com/jobs/372c6212-a0fb-4d01-babf-642d0c346804?index=1","create tram futuristic, green, ergomomic, plants, modern luxurious, led lighting"
"visualsketchbook_tram_outsideabstractled_lightdrawing_on_the__e22c0e6c-db9c-4e26-b214-9a7beb23813e_1.png","https://www.midjourney.com/jobs/e22c0e6c-db9c-4e26-b214-9a7beb23813e?index=1","tram outside,abstract,led light,drawing on the ceiling that goes info the floor,eco,smooth curves"
"visualsketchbook_future_tram_modern_streamlined_new_design_re_76d439b1-6677-4cd5-892e-d6ea870cf2aa_2.png","https://www.midjourney.com/jobs/76d439b1-6677-4cd5-892e-d6ea870cf2aa?index=2","future tram modern streamlined new design red colour led round parametric 2 seats"
"visualsketchbook_futuristic_streamline_tram_interior_with_org_2aac506b-d0c4-4915-8591-7d9bca3123c2_1.png","https://www.midjourney.com/jobs/2aac506b-d0c4-4915-8591-7d9bca3123c2?index=1","futuristic streamline tram interior with organic convex forms and natural form of lighting"
"visualsketchbook_new_tram_interior_af9168f4-6518-4d2d-8233-84b1fd726ad1_2.png","https://www.midjourney.com/jobs/af9168f4-6518-4d2d-8233-84b1fd726ad1?index=2","new tram interior"
"visualsketchbook_traminterior_inspiration_Poznan_LED_futureli_00f59b84-171e-4133-9ca9-01a2a49886ae_2.png","https://www.midjourney.com/jobs/00f59b84-171e-4133-9ca9-01a2a49886ae?index=2","tram,interior, inspiration Poznan, LED, future,light, high tech, modern, japan, comfort"
"visualsketchbook_interior_design_of_a_tram_which_is_ergonomic_5f638af8-f86b-4933-957a-cfd59652844c_0.png","https://www.midjourney.com/jobs/5f638af8-f86b-4933-957a-cfd59652844c?index=0","interior design of a tram which is ergonomic, economical, organic with panoramic ceiling windows, wavy shapes, led amient lighting, natural materials with one contrasting colour"
"visualsketchbook_tram_interior_1068a725-eb83-417e-94b3-f5e2b2a2a322_1.png","https://www.midjourney.com/jobs/1068a725-eb83-417e-94b3-f5e2b2a2a322?index=1","tram interior"
"visualsketchbook_tram_neutral_colours_exterior_fast_future_tr_ff59199b-1562-4412-8734-728f9151d8db_3.png","https://www.midjourney.com/jobs/ff59199b-1562-4412-8734-728f9151d8db?index=3","tram neutral colours exterior, fast, future tram, streamlined form,"
"visualsketchbook_tram_outsideabstractdrawing_on_the_ceiling_t_0d5cf37d-1e0c-4c87-85bc-eaa188c5f6e2_0.png","https://www.midjourney.com/jobs/0d5cf37d-1e0c-4c87-85bc-eaa188c5f6e2?index=0","tram outside,abstract,drawing on the ceiling that goes info the floor inside"
"visualsketchbook_modern_simple_future_futuristic_tram_in_fron_82288b57-5e33-481c-b3c5-804e255bae6c_1.png","https://www.midjourney.com/jobs/82288b57-5e33-481c-b3c5-804e255bae6c?index=1","modern, simple, future, futuristic tram in front"
"visualsketchbook_interior_of_tram_biophilic_futuristic_funkti_da5f1d2a-4459-49bb-a798-a783a8d07a9c_3.png","https://www.midjourney.com/jobs/da5f1d2a-4459-49bb-a798-a783a8d07a9c?index=3","interior of tram, biophilic, futuristic, funktional, cirkle, led lighting, big windows, new technologies, dark green colours"
"visualsketchbook_create_interior_tram_futuristic_blue_ergomom_bea9d420-9035-4e62-a1ec-000848b25e19_0.png","https://www.midjourney.com/jobs/bea9d420-9035-4e62-a1ec-000848b25e19?index=0","create interior tram futuristic, blue, ergomomic, high-tech , modern luxurious, led lighting"
"visualsketchbook_futuristic_tram_interior_in_natural_colors.__0cdbd3c0-eea6-42f8-ac40-d636fe3e5404_3.png","https://www.midjourney.com/jobs/0cdbd3c0-eea6-42f8-ac40-d636fe3e5404?index=3","futuristic tram interior in natural colors. copper brancing pipes, seats are in unusual form"
"visualsketchbook_future_tram_modern_streamlined_new_design_re_7c028faa-9962-45fa-bc00-8bfc2b852403_0.png","https://www.midjourney.com/jobs/7c028faa-9962-45fa-bc00-8bfc2b852403?index=0","future tram modern streamlined new design red colour led round parametric 2 seats"
"visualsketchbook_future_interior_tram_streamlined_fast_wavy_n_e4397f96-3e82-43ab-9e4a-068d0403ff4e_3.png","https://www.midjourney.com/jobs/e4397f96-3e82-43ab-9e4a-068d0403ff4e?index=3","future, interior tram, streamlined, fast, wavy, navy blue,bladerunner, seaweed, in the city, modern"
"visualsketchbook_light_projections_inside_the_tram_inspired_b_3b2f4c14-9cf9-440d-9bd5-1b31cb038e4d_3.png","https://www.midjourney.com/jobs/3b2f4c14-9cf9-440d-9bd5-1b31cb038e4d?index=3","light projections inside the tram inspired by space and stars"
"visualsketchbook_light_projections_inside_the_tram_inspired_b_4b012fed-0417-4727-b774-10efcc1264e0_2.png","https://www.midjourney.com/jobs/4b012fed-0417-4727-b774-10efcc1264e0?index=2","light projections inside the tram inspired by space and stars"
"visualsketchbook_future_high_realistic_interior_tram_streamli_396cc945-baee-47df-9b6f-b84a9e157d14_3.png","https://www.midjourney.com/jobs/396cc945-baee-47df-9b6f-b84a9e157d14?index=3","future, high realistic, interior tram, streamlined, fast, in the city, modern, liquid"
"visualsketchbook_high-tech_style_b79fc37d-9cc0-4de4-a291-9ae588657d90_0.png","https://www.midjourney.com/jobs/b79fc37d-9cc0-4de4-a291-9ae588657d90?index=0","high-tech style"
"visualsketchbook_modern_interior_of_tram_futuristic_7a0b6a86-6814-4045-8da2-b78ce659d86a_0.png","https://www.midjourney.com/jobs/7a0b6a86-6814-4045-8da2-b78ce659d86a?index=0","modern interior of tram futuristic"
"visualsketchbook_modern_futuristic_tram_ecologic_economic_ins_68b8956c-dfd3-49bc-8794-3bf60146c5c7_0.png","https://www.midjourney.com/jobs/68b8956c-dfd3-49bc-8794-3bf60146c5c7?index=0","modern futuristic tram ecologic economic inspired by nature wooden elements use of glass and metal fast"
"visualsketchbook_interior_of_future_tram_ergonomic_seats_frie_c58c8f62-641b-4586-9fe5-5cbc5a7990ec_2.png","https://www.midjourney.com/jobs/c58c8f62-641b-4586-9fe5-5cbc5a7990ec?index=2","interior of future tram, ergonomic seats, friendly vibe, light colours, without yellow elements, organic shapes, clear space"
"visualsketchbook_tram_exterior_natural_organic_shapes_big_win_8db4ffac-6a7c-4545-885d-7d29ec5492d5_0.png","https://www.midjourney.com/jobs/8db4ffac-6a7c-4545-885d-7d29ec5492d5?index=0","tram exterior, natural, organic shapes, big windows, fast, streamlined, toned colours, city"
"visualsketchbook_big_panarome_window_in_tram_1624f2ca-cdbc-41fb-9630-24d4a1a92807_2.png","https://www.midjourney.com/jobs/1624f2ca-cdbc-41fb-9630-24d4a1a92807?index=2","big panarome window in tram"
"visualsketchbook_future_interior_tram_streamlined_fast_wavy_b_e46df672-c83d-4255-a205-64ed7385d3fa_1.png","https://www.midjourney.com/jobs/e46df672-c83d-4255-a205-64ed7385d3fa?index=1","future, interior tram, streamlined, fast, wavy, brown, in the city, modern, liquid"
"visualsketchbook_futuristic_tram_simple_minimalistic_shapes_g_f82ccc36-fe6c-4311-9fcf-b5f2acf963ad_3.png","https://www.midjourney.com/jobs/f82ccc36-fe6c-4311-9fcf-b5f2acf963ad?index=3","futuristic tram simple minimalistic shapes green gray natural colors big windows"
"visualsketchbook_futurystic_design_of_tram_interior_with_orga_dda7647e-9ac9-4056-aaca-a8d2594506c1_0.png","https://www.midjourney.com/jobs/dda7647e-9ac9-4056-aaca-a8d2594506c1?index=0","futurystic design of tram interior with organic convex form of lighting an windows"
"visualsketchbook_futuristic_streamline_tram_interior_with_org_f205926b-b9f7-42ba-81c2-dfa48a77a2e4_0.png","https://www.midjourney.com/jobs/f205926b-b9f7-42ba-81c2-dfa48a77a2e4?index=0","futuristic streamline tram interior with organic convex forms and natural form of lighting"
"visualsketchbook_imagine_an_ergonomic_tram_seat_white_realist_d5a54fe9-a9dd-4c90-8058-449b5c5e501c_1.png","https://www.midjourney.com/jobs/d5a54fe9-a9dd-4c90-8058-449b5c5e501c?index=1","imagine an ergonomic tram seat, white, realistic, ambient lighting, wood,"
"visualsketchbook_functionality_sky_way_tram_interior_for_chil_bdf146d5-b460-44a3-94d1-c661ad5370ea_2.png","https://www.midjourney.com/jobs/bdf146d5-b460-44a3-94d1-c661ad5370ea?index=2","functionality, sky way tram, interior for children tram, city"
"visualsketchbook_futurisic_streamline_tram_exterior_in_natura_c1699c3d-51d9-42c7-89c0-faab8305827f_1.png","https://www.midjourney.com/jobs/c1699c3d-51d9-42c7-89c0-faab8305827f?index=1","futurisic streamline tram exterior in natural colors"
"visualsketchbook_futuristic_tram_interior_blue_orange_black_L_155c9cba-65be-4ca7-bcac-d4ec62707d0e_2.png","https://www.midjourney.com/jobs/155c9cba-65be-4ca7-bcac-d4ec62707d0e?index=2","futuristic tram interior, blue, orange, black, LED, glass, curve shapes, round, daylight, seen from outside"
"visualsketchbook_future_tram_interior_streamlined_fast_wavy_b_ec76f7a9-fc28-4a4e-9fde-0e9ac1007c4d_3.png","https://www.midjourney.com/jobs/ec76f7a9-fc28-4a4e-9fde-0e9ac1007c4d?index=3","future, tram interior, streamlined, fast, wavy, brown, sand colors, navy blue, bone structure,bladerunner, seaweed"
"visualsketchbook_futuristic_tram_interior_blue_orange_black_L_f0f920e2-e911-4b08-97fa-482b71d60fc1_1.png","https://www.midjourney.com/jobs/f0f920e2-e911-4b08-97fa-482b71d60fc1?index=1","futuristic tram interior, blue, orange, black, LED, glass, curve shapes, round, daylight, seen from enter, look from diffrent angles"
"visualsketchbook_futuristic_tram_streamlined_cozy_piet_mondia_4a67ce57-b8f9-4670-9c1c-2fcf704bce0c_0.png","https://www.midjourney.com/jobs/4a67ce57-b8f9-4670-9c1c-2fcf704bce0c?index=0","futuristic tram streamlined cozy, piet mondian inspired, handrails, seats, colourful, fast, night scene, lights, unique design"
"visualsketchbook_tram_outsideabstractled_lightdrawing_on_the__4ba3b9be-0581-4f55-acda-adf393f2bbef_0.png","https://www.midjourney.com/jobs/4ba3b9be-0581-4f55-acda-adf393f2bbef?index=0","tram outside,abstract,led light,drawing on the ceiling that goes info the floor,eco,smooth curves"
"visualsketchbook_tram_exterior_in_dark_shaded_streamlined_sha_bea95aea-c681-4bf3-ba65-cd11ece390e0_0.png","https://www.midjourney.com/jobs/bea95aea-c681-4bf3-ba65-cd11ece390e0?index=0","tram exterior in dark shaded, streamlined shape, copper accents, modernistic, futuristic, big windows"
"visualsketchbook_interior_of_future_tram_ergonomic_seats_frie_a0eee501-365f-49ba-8bb8-8f254721c487_0.png","https://www.midjourney.com/jobs/a0eee501-365f-49ba-8bb8-8f254721c487?index=0","interior of future tram, ergonomic seats, friendly vibe, light colours, without yellow elements, organic shapes, clear space"
"visualsketchbook_futuristic_tram_interior_in_natural_colors.__9478b03e-1b19-4e83-8e40-db0f25dbf40f_3.png","https://www.midjourney.com/jobs/9478b03e-1b19-4e83-8e40-db0f25dbf40f?index=3","futuristic tram interior in natural colors. copper brancing pipes, seats are in unusual form with organic convex forms and natural form of lighting"
"visualsketchbook_tram_exterior_in_dark_shaded_streamlined_sha_bea95aea-c681-4bf3-ba65-cd11ece390e0_1.png","https://www.midjourney.com/jobs/bea95aea-c681-4bf3-ba65-cd11ece390e0?index=1","tram exterior in dark shaded, streamlined shape, copper accents, modernistic, futuristic, big windows"
"visualsketchbook_the_interior_of_modern_simple_and_futuristic_d5f0c05d-a399-4a8b-804a-e43293e55170_3.png","https://www.midjourney.com/jobs/d5f0c05d-a399-4a8b-804a-e43293e55170?index=3","the interior of modern, simple and futuristic tram, with glazing and nature"
"visualsketchbook_desing_biophilic_desing_in_the_interior_of_a_36e00745-3b96-4807-84bf-fdbecc1c49b3_0.png","https://www.midjourney.com/jobs/36e00745-3b96-4807-84bf-fdbecc1c49b3?index=0","desing biophilic desing in the interior of a futuristic tram"
"visualsketchbook_interior_of_tram_biophilic_modern_futuristic_c0b84925-bd5d-4a31-b593-58857d750922_1.png","https://www.midjourney.com/jobs/c0b84925-bd5d-4a31-b593-58857d750922?index=1","interior of tram, biophilic, modern, futuristic, green, funktional, ambient lighting"
"visualsketchbook_wave_b43e89fb-8848-43d9-aace-f71ff6f5a0ed_0.png","https://www.midjourney.com/jobs/b43e89fb-8848-43d9-aace-f71ff6f5a0ed?index=0","wave"
"visualsketchbook_future_tram_interior_streamlined_fast_wavy_b_0e3c9d5a-3a47-45b2-8d74-9a91ca901596_0.png","https://www.midjourney.com/jobs/0e3c9d5a-3a47-45b2-8d74-9a91ca901596?index=0","future, tram interior, streamlined, fast, wavy, brown, sand colors, navy blue, bone structure,bladerunner, seaweed"
"visualsketchbook_wave_32c57767-abc1-4eff-a3fe-f3a4c6502475_1.png","https://www.midjourney.com/jobs/32c57767-abc1-4eff-a3fe-f3a4c6502475?index=1","wave"
"visualsketchbook_tram_inspiration_Poznan_LED_future_high_tech_72911e5c-2331-407d-ab0e-956f2a15c427_2.png","https://www.midjourney.com/jobs/72911e5c-2331-407d-ab0e-956f2a15c427?index=2","tram, inspiration Poznan, LED, future, high tech, modern, japan"
"visualsketchbook_futuristic_tram_interior_blue_orange_black_L_5a989df8-8b5e-47c9-9385-747e48c01f5d_0.png","https://www.midjourney.com/jobs/5a989df8-8b5e-47c9-9385-747e48c01f5d?index=0","futuristic tram interior, blue, orange, black, LED, glass, curve shapes, round, daylight"
"visualsketchbook_tram_interior_in_dark_shaded_streamlined_sha_5703c87e-2c46-420b-9d2d-d461f946ff76_3.png","https://www.midjourney.com/jobs/5703c87e-2c46-420b-9d2d-d461f946ff76?index=3","tram interior in dark shaded, streamlined shape, copper accents, red leds, modernistic, futuristic, big windows"
"visualsketchbook_future_futuristic_tram_streamlined_fast_wavy_8d58353d-c3e3-4071-b359-f4877f5c1d1d_3.png","https://www.midjourney.com/jobs/8d58353d-c3e3-4071-b359-f4877f5c1d1d?index=3","future, futuristic tram, streamlined, fast, wavy, brown, in the city, modern"
"visualsketchbook_hospital_of_the_future_dfb0e9a8-4913-428f-9e79-b7bae611c77e_0.png","https://www.midjourney.com/jobs/dfb0e9a8-4913-428f-9e79-b7bae611c77e?index=0","hospital of the future"
"visualsketchbook_interior_design_of_a_tram_which_is_ergonomic_5f638af8-f86b-4933-957a-cfd59652844c_1.png","https://www.midjourney.com/jobs/5f638af8-f86b-4933-957a-cfd59652844c?index=1","interior design of a tram which is ergonomic, economical, organic with panoramic ceiling windows, wavy shapes, led amient lighting, natural materials with one contrasting colour"
"visualsketchbook_exterioir_of_a_futuristic_tram_inspired_cosm_60ec378b-7fbc-4d0a-83b9-81094e97cd05_0.png","https://www.midjourney.com/jobs/60ec378b-7fbc-4d0a-83b9-81094e97cd05?index=0","exterioir of a futuristic tram inspired cosmos space"
"visualsketchbook_future_high_realistic_interior_tram_streamli_396cc945-baee-47df-9b6f-b84a9e157d14_1.png","https://www.midjourney.com/jobs/396cc945-baee-47df-9b6f-b84a9e157d14?index=1","future, high realistic, interior tram, streamlined, fast, in the city, modern, liquid"
"visualsketchbook_futuristic_modern_tram_communication_people__ec6e5c7e-6a39-4c7f-a5e4-177338a7e5dc_2.png","https://www.midjourney.com/jobs/ec6e5c7e-6a39-4c7f-a5e4-177338a7e5dc?index=2","futuristic, modern, tram, communication, people, light, yellow, blue, white, not geometric,"
"visualsketchbook_tram_exterior_natural_organic_shapes_big_win_83ab8167-96ba-4a04-bd9a-4ae3f2a834d6_0.png","https://www.midjourney.com/jobs/83ab8167-96ba-4a04-bd9a-4ae3f2a834d6?index=0","tram exterior, natural, organic shapes, big windows, fast, streamlined, toned colours, city"
"visualsketchbook_tram_interior_future_streamlined_shape_moder_b257a470-3e2c-412e-9395-b7e3c3a56279_0.png","https://www.midjourney.com/jobs/b257a470-3e2c-412e-9395-b7e3c3a56279?index=0","tram interior, future, streamlined shape, modernist, futuristic, rhythm, white rhythm panels, panoramic window"
"visualsketchbook_minimalism_interior_tram_functionality_light_69699de1-6bc4-46bc-985b-d5e6d746aafa_2.png","https://www.midjourney.com/jobs/69699de1-6bc4-46bc-985b-d5e6d746aafa?index=2","minimalism interior tram, functionality, light, komfortable"
"visualsketchbook_tram_interior__interesting_modern_complicate_895758f0-07ec-4526-b09b-dc765c5859d3_0.png","https://www.midjourney.com/jobs/895758f0-07ec-4526-b09b-dc765c5859d3?index=0","tram interior , interesting, modern, complicated shapes, interesting lightning, big windows , handrails and cozy seats"
"visualsketchbook_traminterior_inspiration_Poznan_LED_futureli_2321bd7a-8774-49d2-baec-8bfbb67e32c9_0.png","https://www.midjourney.com/jobs/2321bd7a-8774-49d2-baec-8bfbb67e32c9?index=0","tram,interior, inspiration Poznan, LED, future,light, high tech, modern, japan, comfort"
"visualsketchbook_interior_of_tram_biophilic_futuristic_funkti_da5f1d2a-4459-49bb-a798-a783a8d07a9c_0.png","https://www.midjourney.com/jobs/da5f1d2a-4459-49bb-a798-a783a8d07a9c?index=0","interior of tram, biophilic, futuristic, funktional, cirkle, led lighting, big windows, new technologies, dark green colours"
"visualsketchbook_future_futuristic_tram_streamlined_fast_wavy_3eae45f4-2048-4e42-a616-7990c0e7bf81_1.png","https://www.midjourney.com/jobs/3eae45f4-2048-4e42-a616-7990c0e7bf81?index=1","future, futuristic tram, streamlined, fast, wavy, brown, in the city, modern"
"visualsketchbook_tram_inside_vincent_callebaut_envision_futur_6fed9f0e-8f2c-4a5f-8919-2abef7388d9c_1.png","https://www.midjourney.com/jobs/6fed9f0e-8f2c-4a5f-8919-2abef7388d9c?index=1","tram inside vincent callebaut envision future of mobility as timber-based evtols hydrofoils luxury ergonomic with bid windows and light colours"
"visualsketchbook_tram_inspiration_Poznan_LED_future_high_tech_b7959adb-7249-41aa-b687-e6bd6ba4bc65_1.png","https://www.midjourney.com/jobs/b7959adb-7249-41aa-b687-e6bd6ba4bc65?index=1","tram, inspiration Poznan, LED, future, high tech, modern, japan"
"visualsketchbook_future_futuristic_tram_streamlined_fast_wavy_8d58353d-c3e3-4071-b359-f4877f5c1d1d_0.png","https://www.midjourney.com/jobs/8d58353d-c3e3-4071-b359-f4877f5c1d1d?index=0","future, futuristic tram, streamlined, fast, wavy, brown, in the city, modern"
"visualsketchbook_future_futuristic_tram_streamlined_navy_blue_c1c7b0a6-0042-40be-979f-b4cb76772b79_1.png","https://www.midjourney.com/jobs/c1c7b0a6-0042-40be-979f-b4cb76772b79?index=1","future, futuristic, tram, streamlined, navy blue, fast, wavy, in the city, modern"
"visualsketchbook_cyberpunk_style_tram_white_geometric_panels__81ca9131-6c3e-4dce-8158-bc2bb79c5889_3.png","https://www.midjourney.com/jobs/81ca9131-6c3e-4dce-8158-bc2bb79c5889?index=3","cyberpunk style tram, white geometric panels on the exterior, big windows, glass roof, led lights"
"visualsketchbook_futuristic_tram_interior_blue_orange_black_L_44c0700d-b9fb-4266-9369-483674ad43da_0.png","https://www.midjourney.com/jobs/44c0700d-b9fb-4266-9369-483674ad43da?index=0","futuristic tram interior, blue, orange, black, LED, glass, curve shapes, round, daylight"
"visualsketchbook_futuristic_tram_big_windows_geometric_panels_a89efb86-ae68-4c9d-a39d-1e17547921ce_1.png","https://www.midjourney.com/jobs/a89efb86-ae68-4c9d-a39d-1e17547921ce?index=1","futuristic tram, big windows, geometric panels on the exterior, white, tinted windows"
"visualsketchbook_future_high_realistic_interior_tram_streamli_bc5f158a-d47b-47e5-8c07-06263f23f376_1.png","https://www.midjourney.com/jobs/bc5f158a-d47b-47e5-8c07-06263f23f376?index=1","future, high realistic, interior tram, streamlined, fast, wavy, brown, in the city, modern, liquid"
"visualsketchbook_hospital_of_the_future_afefbc25-c58e-47bd-9ed5-35ca041b0de8_0.png","https://www.midjourney.com/jobs/afefbc25-c58e-47bd-9ed5-35ca041b0de8?index=0","hospital of the future"
"visualsketchbook_modern_tram_d0ca693e-457e-42f1-9177-72d2a611e700_2.png","https://www.midjourney.com/jobs/d0ca693e-457e-42f1-9177-72d2a611e700?index=2","modern tram"
"visualsketchbook_big_panarome_window_in_tram_b51212be-c01f-44c9-a18a-5e33d21bcb6f_0.png","https://www.midjourney.com/jobs/b51212be-c01f-44c9-a18a-5e33d21bcb6f?index=0","big panarome window in tram"
"visualsketchbook_TRAM_INTERIOR_INSPIRED_BY_COSMOS_SPACE_5af2e39c-390d-413c-ac31-37b5a80b4870_3.png","https://www.midjourney.com/jobs/5af2e39c-390d-413c-ac31-37b5a80b4870?index=3","TRAM INTERIOR INSPIRED BY COSMOS SPACE"
"visualsketchbook_exterioir_of_a_futuristic_tram_inspired_cosm_3ac4a833-930d-484e-b052-21128f11e881_0.png","https://www.midjourney.com/jobs/3ac4a833-930d-484e-b052-21128f11e881?index=0","exterioir of a futuristic tram inspired cosmos space"
"visualsketchbook_futuristic_tram_interior_blue_orange_black_L_cc139d37-70c1-42bd-b332-c2f23eaba392_1.png","https://www.midjourney.com/jobs/cc139d37-70c1-42bd-b332-c2f23eaba392?index=1","futuristic tram interior, blue, orange, black, LED, glass, curve shapes, round, daylight"
"visualsketchbook_futuristic_modern_tram_communication_people__83d931c8-b0a0-4cb5-8d91-b637926c1044_3.png","https://www.midjourney.com/jobs/83d931c8-b0a0-4cb5-8d91-b637926c1044?index=3","futuristic, modern, tram, communication, people, light, yellow, blue, white, not geometric, interior, ergonomic"
"visualsketchbook_modern_white_interior_of_tram_with_dark_blue_f76d6a19-6fe1-47c5-a3a1-9778ba594cd6_0.png","https://www.midjourney.com/jobs/f76d6a19-6fe1-47c5-a3a1-9778ba594cd6?index=0","modern white interior of tram with dark blue elements and orange accents clean open space huge windows"
"visualsketchbook_interior_of_tram_biophilic_nature_biedge_fun_9c40ec65-9c0d-41e6-9a8a-4ed4c436e190_3.png","https://www.midjourney.com/jobs/9c40ec65-9c0d-41e6-9a8a-4ed4c436e190?index=3","interior of tram, biophilic, nature, biedge, funktional"
"visualsketchbook_colorfull_play_of_light_inside_tram_futurist_757d42ef-cad6-442a-9a80-3f793a6fe4da_2.png","https://www.midjourney.com/jobs/757d42ef-cad6-442a-9a80-3f793a6fe4da?index=2","colorfull play of light inside tram, futuristic, inspire by cosmos"
"visualsketchbook_future_futuristic_tram_streamlined_navy_blue_8ab50df2-2516-49da-b041-729c866d0780_0.png","https://www.midjourney.com/jobs/8ab50df2-2516-49da-b041-729c866d0780?index=0","future, futuristic, tram, streamlined, navy blue, fast, wavy, in the city, modern"
"visualsketchbook_reflection_ec0a5cc5-feb7-44d5-b589-3da7e63eca5c_1.png","https://www.midjourney.com/jobs/ec0a5cc5-feb7-44d5-b589-3da7e63eca5c?index=1","reflection"
"visualsketchbook_tram_neutral_colours_exterior_fast_future_tr_ff59199b-1562-4412-8734-728f9151d8db_1.png","https://www.midjourney.com/jobs/ff59199b-1562-4412-8734-728f9151d8db?index=1","tram neutral colours exterior, fast, future tram, streamlined form,"
"visualsketchbook_drops_of_woter_ba3007f5-96c6-476c-aab3-fe7d656c2c3f_1.png","https://www.midjourney.com/jobs/ba3007f5-96c6-476c-aab3-fe7d656c2c3f?index=1","drops of woter"
"visualsketchbook_futuristic_modern_tram_communication_people__e3e3ee0c-0ede-4463-a20d-62d5bd0b0097_0.png","https://www.midjourney.com/jobs/e3e3ee0c-0ede-4463-a20d-62d5bd0b0097?index=0","futuristic, modern, tram, communication, people, light, yellow, blue, white, not geometric, ahead tram"
"visualsketchbook_interior_design_of_a_tram_which_is_ergonomic_8a7f6422-2c1c-4bfd-8a94-7668c30a46f6_0.png","https://www.midjourney.com/jobs/8a7f6422-2c1c-4bfd-8a94-7668c30a46f6?index=0","interior design of a tram which is ergonomic, economical, organic with panoramic ceiling windows, wavy shapes, led amient lighting, natural materials with one contrasting colour"
"visualsketchbook_interior_of_tram_biophilic_modern_futuristic_c0b84925-bd5d-4a31-b593-58857d750922_3.png","https://www.midjourney.com/jobs/c0b84925-bd5d-4a31-b593-58857d750922?index=3","interior of tram, biophilic, modern, futuristic, green, funktional, ambient lighting"
"visualsketchbook_future_tram_streamlined_designer_round_singl_6ab7a98f-6f2c-4b52-879e-e4126ebc1595_0.png","https://www.midjourney.com/jobs/6ab7a98f-6f2c-4b52-879e-e4126ebc1595?index=0","future tram streamlined designer round single chair linear light on ceiling big window futuristic"
"visualsketchbook_futuristic_tram_interior_in_natural_colors.__701d11cc-f266-4fa0-8748-c8482232b6a7_2.png","https://www.midjourney.com/jobs/701d11cc-f266-4fa0-8748-c8482232b6a7?index=2","futuristic tram interior in natural colors. copper brancing pipes, seats are in unusual form with organic convex forms and natural form of lighting"
"visualsketchbook_modern_simple_futuristic_tram_with_glazing_14cc6a64-3dba-4afa-b0d5-7caeb3f7e6dc_0.png","https://www.midjourney.com/jobs/14cc6a64-3dba-4afa-b0d5-7caeb3f7e6dc?index=0","modern, simple, futuristic tram with glazing"
"visualsketchbook_tram_interior_future_streamlined_shape_moder_e6a3affa-4ccd-4016-b8b3-1cbb41f48d92_3.png","https://www.midjourney.com/jobs/e6a3affa-4ccd-4016-b8b3-1cbb41f48d92?index=3","tram interior, future, streamlined shape, modernist, futuristic, rhythm, white rhythm panels, panoramic window"
"visualsketchbook_tram_outsideabstract_9d2f6ed6-0479-4a02-a279-91ceb409eacb_1.png","https://www.midjourney.com/jobs/9d2f6ed6-0479-4a02-a279-91ceb409eacb?index=1","tram outside,abstract"
"visualsketchbook_Coloring_page_for_Kids_Labrador_Retriever_ca_90fc0515-4225-40c7-9207-581074045db7_2.png","https://www.midjourney.com/jobs/90fc0515-4225-40c7-9207-581074045db7?index=2","Coloring page for Kids, Labrador Retriever, cartoon style, thick line, low detail, no shading"
"visualsketchbook_sky_way_tram_glasses_floor_interior_minimali_cb5aa9f0-ca8d-4af7-bb9e-e624c86fe807_3.png","https://www.midjourney.com/jobs/cb5aa9f0-ca8d-4af7-bb9e-e624c86fe807?index=3","sky way tram, glasses floor interior, minimalism, funktional"
"visualsketchbook_TRAM_INTERIOR_INSPIRED_BY_COSMOS_SPACE_df282506-cba1-47aa-998b-04825d7d58f4_2.png","https://www.midjourney.com/jobs/df282506-cba1-47aa-998b-04825d7d58f4?index=2","TRAM INTERIOR INSPIRED BY COSMOS SPACE"
"visualsketchbook_the_interior_of_modern_simple_and_futuristic_19f8d6f2-34ff-4132-8832-f356faecc66d_0.png","https://www.midjourney.com/jobs/19f8d6f2-34ff-4132-8832-f356faecc66d?index=0","the interior of modern, simple and futuristic tram, with glazing and nature"
"visualsketchbook_modern_white_interior_of_tram_with_dark_blue_93db330d-e231-42f6-91eb-e6a740fb95f3_1.png","https://www.midjourney.com/jobs/93db330d-e231-42f6-91eb-e6a740fb95f3?index=1","modern white interior of tram with dark blue elements and orange accents clean open space huge windows"
"visualsketchbook_future_tram_interior_streamlined_fast_wavy_b_eeb0fe5e-17b4-4872-9255-59166f4e1920_0.png","https://www.midjourney.com/jobs/eeb0fe5e-17b4-4872-9255-59166f4e1920?index=0","future, tram interior, streamlined, fast, wavy, brown, sand colors, navy blue, bone structure,bladerunner, seaweed"
"visualsketchbook_imagine_a_tram_interior_sustainability_futur_b28b6051-cd48-4ba3-8b86-3ae12ce1301f_0.png","https://www.midjourney.com/jobs/b28b6051-cd48-4ba3-8b86-3ae12ce1301f?index=0","imagine a tram interior, sustainability, future, beige and green colors, ambient lighting, round shapes, big windows, ceiling and floor lighting, eco, recycling materials, ergonomic, realistic, wood floor"
"visualsketchbook_organic_tram_e51d6432-2f79-4c06-a0c9-f4a10cc75d99_1.png","https://www.midjourney.com/jobs/e51d6432-2f79-4c06-a0c9-f4a10cc75d99?index=1","organic tram"
"visualsketchbook_tram_interior__interesting_modern_complicate_2b8252a3-8465-4441-864d-61414b29b74e_3.png","https://www.midjourney.com/jobs/2b8252a3-8465-4441-864d-61414b29b74e?index=3","tram interior , interesting, modern, complicated shapes, interesting lightning, big windows , handrails and cozy seats"
"visualsketchbook_light_projections_inside_the_tram_inspired_b_4b012fed-0417-4727-b774-10efcc1264e0_1.png","https://www.midjourney.com/jobs/4b012fed-0417-4727-b774-10efcc1264e0?index=1","light projections inside the tram inspired by space and stars"
"visualsketchbook_futurystic_design_of_tram_interior_with_orga_a110aa9b-2ce8-459c-aa29-2e070e3b19f6_0.png","https://www.midjourney.com/jobs/a110aa9b-2ce8-459c-aa29-2e070e3b19f6?index=0","futurystic design of tram interior with organic convex form of lighting an windows"
"visualsketchbook_functionality_sky_way_tram_interior_for_chil_bdf146d5-b460-44a3-94d1-c661ad5370ea_3.png","https://www.midjourney.com/jobs/bdf146d5-b460-44a3-94d1-c661ad5370ea?index=3","functionality, sky way tram, interior for children tram, city"
"visualsketchbook_create_interior_tram_futuristic_green_ergomo_bb139e21-24f7-4550-84f2-6106b3642e93_0.png","https://www.midjourney.com/jobs/bb139e21-24f7-4550-84f2-6106b3642e93?index=0","create interior tram futuristic, green, ergomomic, plants, modern luxurious, led lighting"
"visualsketchbook_tram_future_streamlined_shape_modernist_futu_3b2bb661-8ff7-4359-a939-8202900c9157_0.png","https://www.midjourney.com/jobs/3b2bb661-8ff7-4359-a939-8202900c9157?index=0","tram, future, streamlined shape, modernist, futuristic, rhythm, white rhythm panels, panoramic window"
"visualsketchbook_interior_of_futuristic_tram_with_big_windows_02441c34-c5e0-4f70-8b48-b2d43e977804_0.png","https://www.midjourney.com/jobs/02441c34-c5e0-4f70-8b48-b2d43e977804?index=0","interior of futuristic tram with big windows, cyber eco style, light green gray colors, handrails, screen on windows, a lot of place to sit, chairs, photorealistic, hi tech"
"visualsketchbook_futurystic_design_of_tram_interior_with_orga_335d8686-63c9-44f2-aed0-d77e50de623e_3.png","https://www.midjourney.com/jobs/335d8686-63c9-44f2-aed0-d77e50de623e?index=3","futurystic design of tram interior with organic convex form of lighting an windows"
"visualsketchbook_interior_design_of_a_futuristic_tram_with_or_f3e39938-1cc7-417e-93db-57a34b524bd9_2.png","https://www.midjourney.com/jobs/f3e39938-1cc7-417e-93db-57a34b524bd9?index=2","interior design of a futuristic tram with original panoramic ceiling windows, floor and ceiling lightning, unique seats, visual features, audiovisual system, ergonomic handle"
"visualsketchbook_futuristic_modern_tram_communication_people__84f8721f-1230-4ddf-8430-b17505ab5c0b_1.png","https://www.midjourney.com/jobs/84f8721f-1230-4ddf-8430-b17505ab5c0b?index=1","futuristic, modern, tram, communication, people, light, yellow, blue, white, not geometric, ahead tram"
"visualsketchbook_traminterior_inspiration_Poznan_LED_futureli_00f59b84-171e-4133-9ca9-01a2a49886ae_0.png","https://www.midjourney.com/jobs/00f59b84-171e-4133-9ca9-01a2a49886ae?index=0","tram,interior, inspiration Poznan, LED, future,light, high tech, modern, japan, comfort"
"visualsketchbook_imagine_a_tram_interior_sustainability_futur_a41ee6dc-6a4e-482f-9e3f-318d753b3ce9_0.png","https://www.midjourney.com/jobs/a41ee6dc-6a4e-482f-9e3f-318d753b3ce9?index=0","imagine a tram interior, sustainability, future, beige and white colors, ambient lighting, round shapes, big windows, ceiling and floor lighting, eco, recycling materials, ergonomic, realistic, white floor, fascinating shapes"
"visualsketchbook_tram_interior_in_dark_shaded_copper_accents__8e8cf0ea-6c51-4075-883d-08a93449069b_3.png","https://www.midjourney.com/jobs/8e8cf0ea-6c51-4075-883d-08a93449069b?index=3","tram interior in dark shaded, copper accents, red leds, modernistic, futuristic, big windows"
"visualsketchbook_future_tram_streamlined_fast_wavy_brown_sand_f327f565-e47d-4db8-856f-eef728c4be76_0.png","https://www.midjourney.com/jobs/f327f565-e47d-4db8-856f-eef728c4be76?index=0","future, tram, streamlined, fast, wavy, brown, sand colors, navy blue, bone structure, water creatures, whale,bladerunner, seaweed"
"visualsketchbook_create_interior_tram_futuristic_blue_ergomom_6444b555-8c2b-4fa8-9f98-e671e6ac6474_1.png","https://www.midjourney.com/jobs/6444b555-8c2b-4fa8-9f98-e671e6ac6474?index=1","create interior tram futuristic, blue, ergomomic, high-tech , modern luxurious, led lighting"
"visualsketchbook_futuristic_tram_interior_in_natural_colors.__0cdbd3c0-eea6-42f8-ac40-d636fe3e5404_0.png","https://www.midjourney.com/jobs/0cdbd3c0-eea6-42f8-ac40-d636fe3e5404?index=0","futuristic tram interior in natural colors. copper brancing pipes, seats are in unusual form"
"visualsketchbook_modern_interior_of_tram_futuristic_de539d07-3a00-4e65-a8c3-8cb2a5939042_0.png","https://www.midjourney.com/jobs/de539d07-3a00-4e65-a8c3-8cb2a5939042?index=0","modern interior of tram futuristic"
"visualsketchbook_modern_interior_of_tram_light_futuristic_blu_6c87515e-6681-484a-b56d-de6302f7abd8_3.png","https://www.midjourney.com/jobs/6c87515e-6681-484a-b56d-de6302f7abd8?index=3","modern interior of tram light futuristic blue leds orange elements of interior"
"visualsketchbook_tram_interior_modern_rings_bionic_style_body_e6030e67-195b-4f69-ace4-b896c1f294e1_0.png","https://www.midjourney.com/jobs/e6030e67-195b-4f69-ace4-b896c1f294e1?index=0","tram, interior, modern, rings, bionic style, body of earthworm"
"visualsketchbook_futuristic_tram_interior_in_natural_colors.__77364d41-23ef-4d16-9aac-864f92d43562_3.png","https://www.midjourney.com/jobs/77364d41-23ef-4d16-9aac-864f92d43562?index=3","futuristic tram interior in natural colors. copper brancing pipes, seats are in unusual form"
"visualsketchbook_interior_of_future_tram_ergonomic_seats_frie_c63a22ed-38db-4d60-a836-1013ba97a81a_1.png","https://www.midjourney.com/jobs/c63a22ed-38db-4d60-a836-1013ba97a81a?index=1","interior of future tram, ergonomic seats, friendly vibe, light colours, without yellow elements, organic shapes, clear space"
"visualsketchbook_tram_interior_with_seats_spread_out_in_the_m_eb75a00a-6a10-476b-8b3a-1ee9114d1e60_3.png","https://www.midjourney.com/jobs/eb75a00a-6a10-476b-8b3a-1ee9114d1e60?index=3","tram interior with seats spread out in the middle of tram in the futuristic style"
"visualsketchbook_modern_interior_of_tram_futuristic_f4236aed-ff9a-4b1b-889e-a07b0c70db94_0.png","https://www.midjourney.com/jobs/f4236aed-ff9a-4b1b-889e-a07b0c70db94?index=0","modern interior of tram futuristic"
"visualsketchbook_futuristic_tram_interior_in_natural_colors.__025344fe-6f24-467a-b200-bc692bc84f7f_0.png","https://www.midjourney.com/jobs/025344fe-6f24-467a-b200-bc692bc84f7f?index=0","futuristic tram interior in natural colors. copper brancing pipes, seats are in unusual form with organic convex forms and natural form of lighting"
"visualsketchbook_modern_streamline_tram_interior_in_natural_c_83dbb832-4c55-4547-a267-fd3cae8c0b68_2.png","https://www.midjourney.com/jobs/83dbb832-4c55-4547-a267-fd3cae8c0b68?index=2","modern streamline tram interior in natural colors, copper pipes and seats in unusual forms"
"visualsketchbook_futuristic_streamline_tram_interior_with_org_2aac506b-d0c4-4915-8591-7d9bca3123c2_0.png","https://www.midjourney.com/jobs/2aac506b-d0c4-4915-8591-7d9bca3123c2?index=0","futuristic streamline tram interior with organic convex forms and natural form of lighting"
"visualsketchbook_modern_white_interior_of_tram_with_dark_blue_a68a7799-3eff-4db2-9211-1f7ab016a2ce_0.png","https://www.midjourney.com/jobs/a68a7799-3eff-4db2-9211-1f7ab016a2ce?index=0","modern white interior of tram with dark blue elements and orange accents clean open space huge windows"
"visualsketchbook_tram_modern_interior_lighting_body_of_earthw_8e3ce13d-61df-480e-bdcf-71051fa777bf_2.png","https://www.midjourney.com/jobs/8e3ce13d-61df-480e-bdcf-71051fa777bf?index=2","tram, modern, interior, lighting, body of earthworm, fast, seats, bionic shapes, privacy seats"
"visualsketchbook_functionality_sky_way_tram_interior_for_chil_2f840e8a-789e-43f2-98fc-7bc21a4d9f57_0.png","https://www.midjourney.com/jobs/2f840e8a-789e-43f2-98fc-7bc21a4d9f57?index=0","functionality, sky way tram, interior for children tram, city"
"visualsketchbook_drops_of_woter_ba3007f5-96c6-476c-aab3-fe7d656c2c3f_2.png","https://www.midjourney.com/jobs/ba3007f5-96c6-476c-aab3-fe7d656c2c3f?index=2","drops of woter"
"visualsketchbook_modern_futuristic_tram_super_fast_and_obliqu_37416c21-6dc0-4db6-9253-1fb4a5c11468_3.png","https://www.midjourney.com/jobs/37416c21-6dc0-4db6-9253-1fb4a5c11468?index=3","modern futuristic tram super fast and oblique in city extraordinary two floors economic ecofriendly independent stylish and new"
"visualsketchbook_futurystic_design_of_tram_interior_with_orga_d092725e-56e1-4a66-8a3f-b1c1769550c7_0.png","https://www.midjourney.com/jobs/d092725e-56e1-4a66-8a3f-b1c1769550c7?index=0","futurystic design of tram interior with organic convex form of lighting an windows"
"visualsketchbook_tram_interior_future_streamlined_shape_moder_99bcb247-186b-4147-8281-9597e2d8f077_0.png","https://www.midjourney.com/jobs/99bcb247-186b-4147-8281-9597e2d8f077?index=0","tram interior, future, streamlined shape, modernist, futuristic, rhythm, white rhythm panels, 3d printing, panoramic window"
"visualsketchbook_tram_outsideabstract_9d2f6ed6-0479-4a02-a279-91ceb409eacb_3.png","https://www.midjourney.com/jobs/9d2f6ed6-0479-4a02-a279-91ceb409eacb?index=3","tram outside,abstract"
"visualsketchbook_tram_inside_vincent_callebaut_envision_futur_6fed9f0e-8f2c-4a5f-8919-2abef7388d9c_3.png","https://www.midjourney.com/jobs/6fed9f0e-8f2c-4a5f-8919-2abef7388d9c?index=3","tram inside vincent callebaut envision future of mobility as timber-based evtols hydrofoils luxury ergonomic with bid windows and light colours"
"visualsketchbook_tram_interior_future_streamlined_shape_moder_e6a3affa-4ccd-4016-b8b3-1cbb41f48d92_2.png","https://www.midjourney.com/jobs/e6a3affa-4ccd-4016-b8b3-1cbb41f48d92?index=2","tram interior, future, streamlined shape, modernist, futuristic, rhythm, white rhythm panels, panoramic window"
"visualsketchbook_future_interior_tram_streamlined_fast_wavy_n_68609695-49df-4eef-9a26-c0259c1253c8_0.png","https://www.midjourney.com/jobs/68609695-49df-4eef-9a26-c0259c1253c8?index=0","future, interior tram, streamlined, fast, wavy, navy blue,bladerunner, seaweed, in the city, modern"
"visualsketchbook_futuristic_tram_big_windows_geometric_panels_02577025-14f4-493e-bb7e-dbd9590e0775_0.png","https://www.midjourney.com/jobs/02577025-14f4-493e-bb7e-dbd9590e0775?index=0","futuristic tram, big windows, geometric panels on the exterior, white, tinted windows"
"visualsketchbook_tram_5_seats_desinger_chair_celining_with_a__d7e3fd67-2163-421a-91be-c4369a3b21c3_0.png","https://www.midjourney.com/jobs/d7e3fd67-2163-421a-91be-c4369a3b21c3?index=0","tram 5 seats desinger chair celining with a lot of liner lighting blue coloristic huge window stained glass on floor"
"visualsketchbook_futuristic_streamline_tram_interior_with_org_df732029-2bd8-4ce9-9e12-878f84f81b22_2.png","https://www.midjourney.com/jobs/df732029-2bd8-4ce9-9e12-878f84f81b22?index=2","futuristic streamline tram interior with organic convex forms and natural form of lighting"
"visualsketchbook_modern_interior_of_tram_light_futuristic_blu_004bb701-94ea-489b-bf99-df423c8b1c99_1.png","https://www.midjourney.com/jobs/004bb701-94ea-489b-bf99-df423c8b1c99?index=1","modern interior of tram light futuristic blue leds orange elements of interior"
"visualsketchbook_tram_interior_modern_rings_bionic_style_body_e8f9aac6-d188-4c1f-8108-94787f00e917_0.png","https://www.midjourney.com/jobs/e8f9aac6-d188-4c1f-8108-94787f00e917?index=0","tram, interior, modern, rings, bionic style, body of earthworm"
"visualsketchbook_tram_interior_in_dark_shaded_streamlined_sha_5703c87e-2c46-420b-9d2d-d461f946ff76_2.png","https://www.midjourney.com/jobs/5703c87e-2c46-420b-9d2d-d461f946ff76?index=2","tram interior in dark shaded, streamlined shape, copper accents, red leds, modernistic, futuristic, big windows"
"visualsketchbook_physician_of_the_future_46c9b47b-776b-4bd7-bd45-48fa9789be05_0.png","https://www.midjourney.com/jobs/46c9b47b-776b-4bd7-bd45-48fa9789be05?index=0","physician of the future"
"visualsketchbook_tram_interior__interesting_modern_complicate_895758f0-07ec-4526-b09b-dc765c5859d3_3.png","https://www.midjourney.com/jobs/895758f0-07ec-4526-b09b-dc765c5859d3?index=3","tram interior , interesting, modern, complicated shapes, interesting lightning, big windows , handrails and cozy seats"
"visualsketchbook_modern_futuristic_tram_ecologic_economic_ins_e01d289f-6c0b-4523-8345-8e467200fba9_0.png","https://www.midjourney.com/jobs/e01d289f-6c0b-4523-8345-8e467200fba9?index=0","modern futuristic tram ecologic economic inspired by nature wooden elements use of glass and metal fast"
"visualsketchbook_interior_of_future_tram_ergonomic_seats_frie_a8e860fe-1c0d-4e38-881e-444fd1fe3477_0.png","https://www.midjourney.com/jobs/a8e860fe-1c0d-4e38-881e-444fd1fe3477?index=0","interior of future tram, ergonomic seats, friendly vibe, light colours, without yellow elements, organic shapes, clear space"
"visualsketchbook_futuristic_tram_blue_orange_black_LED_glass__e008b9c3-5fdc-437f-9274-0c432a52e594_1.png","https://www.midjourney.com/jobs/e008b9c3-5fdc-437f-9274-0c432a52e594?index=1","futuristic tram, blue, orange, black, LED, glass, curve shapes, round"
"visualsketchbook_modern_simple_future_futuristic_tram_in_fron_82288b57-5e33-481c-b3c5-804e255bae6c_3.png","https://www.midjourney.com/jobs/82288b57-5e33-481c-b3c5-804e255bae6c?index=3","modern, simple, future, futuristic tram in front"
"visualsketchbook_space_tram_interior_with_organic_shapes_of_s_d9456278-21e1-4501-8792-903c03053e78_2.png","https://www.midjourney.com/jobs/d9456278-21e1-4501-8792-903c03053e78?index=2","space tram interior with organic shapes of seats and windows"
"visualsketchbook_modern_futuristic_tram_ecologic_economic_ins_8d5a5a6a-1dec-4ff8-8621-7d1c3defe85a_0.png","https://www.midjourney.com/jobs/8d5a5a6a-1dec-4ff8-8621-7d1c3defe85a?index=0","modern futuristic tram ecologic economic inspired by nature wooden elements use of glass and metal fast"
"visualsketchbook_hospital_of_the_future_12315954-1f12-4e7e-b697-c41691efcdeb_2.png","https://www.midjourney.com/jobs/12315954-1f12-4e7e-b697-c41691efcdeb?index=2","hospital of the future"
"visualsketchbook_desing_biophilic_desing_in_the_interior_of_a_59298928-597a-413b-8745-71f57d920f1e_2.png","https://www.midjourney.com/jobs/59298928-597a-413b-8745-71f57d920f1e?index=2","desing biophilic desing in the interior of a futuristic tram"
"visualsketchbook_cuberpankecolightledtram_2c960ac8-06fc-4fbf-b495-57d519829af4_0.png","https://www.midjourney.com/jobs/2c960ac8-06fc-4fbf-b495-57d519829af4?index=0","cuberpank,eco,light,led,tram"
"visualsketchbook_future_high_realistic_interior_tram_streamli_80033b3f-bdf4-4d80-b34d-ac3e9e2181b8_3.png","https://www.midjourney.com/jobs/80033b3f-bdf4-4d80-b34d-ac3e9e2181b8?index=3","future, high realistic, interior tram, streamlined, fast, in the city, modern, liquid"
"visualsketchbook_futurystic_design_of_tram_interior_with_orga_335d8686-63c9-44f2-aed0-d77e50de623e_1.png","https://www.midjourney.com/jobs/335d8686-63c9-44f2-aed0-d77e50de623e?index=1","futurystic design of tram interior with organic convex form of lighting an windows"
"visualsketchbook_desing_biophilic_desing_in_the_interior_of_a_59298928-597a-413b-8745-71f57d920f1e_3.png","https://www.midjourney.com/jobs/59298928-597a-413b-8745-71f57d920f1e?index=3","desing biophilic desing in the interior of a futuristic tram"
"visualsketchbook_led_light_in_colour_a9010816-4248-47c7-a166-c8dd8c184c6f_0.png","https://www.midjourney.com/jobs/a9010816-4248-47c7-a166-c8dd8c184c6f?index=0","led light in colour"
"visualsketchbook_futuristic_tram_simple_minimalistic_shapes_b_2aeb5fbd-c96f-48d6-9fcf-307807f2baa4_0.png","https://www.midjourney.com/jobs/2aeb5fbd-c96f-48d6-9fcf-307807f2baa4?index=0","futuristic tram simple minimalistic shapes black metal with green and yellow led big windows"
"visualsketchbook_tram_interior_future_streamlined_shape_moder_b5097fca-23d7-4ff7-a92c-7e746c396973_3.png","https://www.midjourney.com/jobs/b5097fca-23d7-4ff7-a92c-7e746c396973?index=3","tram interior, future, streamlined shape, modernist, futuristic, rhythm, white rhythm panels, panoramic window"
"visualsketchbook_interior_design_of_a_futuristic_tram_with_or_f3e39938-1cc7-417e-93db-57a34b524bd9_0.png","https://www.midjourney.com/jobs/f3e39938-1cc7-417e-93db-57a34b524bd9?index=0","interior design of a futuristic tram with original panoramic ceiling windows, floor and ceiling lightning, unique seats, visual features, audiovisual system, ergonomic handle"
"visualsketchbook_futurisic_streamline_tram_exterior_in_natura_c1699c3d-51d9-42c7-89c0-faab8305827f_0.png","https://www.midjourney.com/jobs/c1699c3d-51d9-42c7-89c0-faab8305827f?index=0","futurisic streamline tram exterior in natural colors"
"visualsketchbook_interior_of_future_tram_ergonomic_seats_frie_bbf36ca5-aca0-472b-bab6-83684426e56e_1.png","https://www.midjourney.com/jobs/bbf36ca5-aca0-472b-bab6-83684426e56e?index=1","interior of future tram, ergonomic seats, friendly vibe, light colours, without yellow elements, organic shapes, clear space"
"visualsketchbook_create_interior_tram_futuristic_blue_ergomom_5ab5a457-9444-41d1-87a1-852e9e045431_0.png","https://www.midjourney.com/jobs/5ab5a457-9444-41d1-87a1-852e9e045431?index=0","create interior tram futuristic, blue, ergomomic, high-tech , modern luxurious, led lighting"
"visualsketchbook_modern_tram_interior_design_in_high_tech_sty_2050ff55-0bec-45c9-a41a-53567b3d1b65_1.png","https://www.midjourney.com/jobs/2050ff55-0bec-45c9-a41a-53567b3d1b65?index=1","modern tram interior design in high tech style"
"visualsketchbook_hospital_of_the_future_12315954-1f12-4e7e-b697-c41691efcdeb_3.png","https://www.midjourney.com/jobs/12315954-1f12-4e7e-b697-c41691efcdeb?index=3","hospital of the future"
"visualsketchbook_interior_of_futurystic_tram_with_glass_windo_3a58db17-16e2-47b5-afd4-4e875201a197_0.png","https://www.midjourney.com/jobs/3a58db17-16e2-47b5-afd4-4e875201a197?index=0","interior of futurystic tram with glass windows reference to structure of plants in grey and lighty colors"
"visualsketchbook_interior_design_of_a_futuristic_tram_with_or_9a5c36f3-96b3-4c30-a73d-552b5d742cf5_3.png","https://www.midjourney.com/jobs/9a5c36f3-96b3-4c30-a73d-552b5d742cf5?index=3","interior design of a futuristic tram with original panoramic ceiling windows, floor and ceiling lightning, unique seats, visual features, audiovisual system, ergonomic handle"
"visualsketchbook_traminterior_inspiration_Poznan_LED_futureli_32d96f32-6e72-4cde-b146-3cdf1f8fc341_0.png","https://www.midjourney.com/jobs/32d96f32-6e72-4cde-b146-3cdf1f8fc341?index=0","tram,interior, inspiration Poznan, LED, future,light, high tech, modern, japan, comfort"
"visualsketchbook_modern_interior_of_tram_light_futuristic_blu_a3b42c97-2348-4e8f-9e78-31dbe2b1e7aa_0.png","https://www.midjourney.com/jobs/a3b42c97-2348-4e8f-9e78-31dbe2b1e7aa?index=0","modern interior of tram light futuristic blue leds orange elements of interior"
"visualsketchbook_imagine_a_tram_interior_sustainability_futur_3b52bd1c-7452-4861-ac84-a11b363ae144_3.png","https://www.midjourney.com/jobs/3b52bd1c-7452-4861-ac84-a11b363ae144?index=3","imagine a tram interior, sustainability, future, beige and white colors, ambient lighting, round shapes, big windows, ceiling and floor lighting, eco, recycling materials, ergonomic, realistic, white floor, fascinating shapes, new technologies,"
"visualsketchbook_tram_interior_with_seats_spread_out_in_the_m_ecbc692f-125f-411c-a7b6-7ed7db785b26_0.png","https://www.midjourney.com/jobs/ecbc692f-125f-411c-a7b6-7ed7db785b26?index=0","tram interior with seats spread out in the middle of tram in the futuristic style"
"visualsketchbook_drops_of_woter_16597f47-1783-4e10-b40f-769983cfa3f0_0.png","https://www.midjourney.com/jobs/16597f47-1783-4e10-b40f-769983cfa3f0?index=0","drops of woter"
"visualsketchbook_future_futuristic_tram_streamlined_navy_blue_c1c7b0a6-0042-40be-979f-b4cb76772b79_2.png","https://www.midjourney.com/jobs/c1c7b0a6-0042-40be-979f-b4cb76772b79?index=2","future, futuristic, tram, streamlined, navy blue, fast, wavy, in the city, modern"
"visualsketchbook_tram_interior_future_streamlined_shape_moder_b5097fca-23d7-4ff7-a92c-7e746c396973_2.png","https://www.midjourney.com/jobs/b5097fca-23d7-4ff7-a92c-7e746c396973?index=2","tram interior, future, streamlined shape, modernist, futuristic, rhythm, white rhythm panels, panoramic window"
"visualsketchbook_tram_exterior_in_dark_shaded_streamlined_sha_a5b5ece0-5427-4c26-99f0-f8e13110cc17_3.png","https://www.midjourney.com/jobs/a5b5ece0-5427-4c26-99f0-f8e13110cc17?index=3","tram exterior in dark shaded, streamlined shape, copper accents, red leds, modernistic, futuristic, big windows"
"visualsketchbook_interior_design_of_a_futuristic_tram_with_or_02a73dd1-a22d-4151-bf83-20b02c914c70_2.png","https://www.midjourney.com/jobs/02a73dd1-a22d-4151-bf83-20b02c914c70?index=2","interior design of a futuristic tram with original panoramic ceiling windows, floor and ceiling lightning, unique seats, visual features, audiovisual system, ergonomic handle"
"visualsketchbook_futuristic_modern_tram_communication_people__e3e3ee0c-0ede-4463-a20d-62d5bd0b0097_3.png","https://www.midjourney.com/jobs/e3e3ee0c-0ede-4463-a20d-62d5bd0b0097?index=3","futuristic, modern, tram, communication, people, light, yellow, blue, white, not geometric, ahead tram"
"visualsketchbook_modern_interior_of_tram_light_futuristic_blu_6c87515e-6681-484a-b56d-de6302f7abd8_0.png","https://www.midjourney.com/jobs/6c87515e-6681-484a-b56d-de6302f7abd8?index=0","modern interior of tram light futuristic blue leds orange elements of interior"
"visualsketchbook_light_projections_inside_the_tram_inspired_b_3d09fbd1-69ea-4456-afb2-fd063ef6a3cb_2.png","https://www.midjourney.com/jobs/3d09fbd1-69ea-4456-afb2-fd063ef6a3cb?index=2","light projections inside the tram inspired by space and stars"
"visualsketchbook_interior_of_the_tram_inspired_by_speed_and_f_f7affdc4-d60a-4397-b89e-db7d6bbd6de4_0.png","https://www.midjourney.com/jobs/f7affdc4-d60a-4397-b89e-db7d6bbd6de4?index=0","interior of the tram inspired by speed and futuristic cosmos space"
"visualsketchbook_the_interior_of_modern_simple_and_futuristic_cd6cb88e-609b-41b5-aa70-79bb4e35177a_2.png","https://www.midjourney.com/jobs/cd6cb88e-609b-41b5-aa70-79bb4e35177a?index=2","the interior of modern, simple and futuristic tram, with glazing and nature"
"visualsketchbook_tram_interior_with_seats_spread_out_in_the_m_10024f84-09c2-410d-b51e-9d4c3c85335d_1.png","https://www.midjourney.com/jobs/10024f84-09c2-410d-b51e-9d4c3c85335d?index=1","tram interior with seats spread out in the middle of tram in the futuristic style"
"visualsketchbook_tram_outsideabstractdrawing_on_the_ceiling_t_cb69c467-41de-4397-952c-2ede7e4ba96b_2.png","https://www.midjourney.com/jobs/cb69c467-41de-4397-952c-2ede7e4ba96b?index=2","tram outside,abstract,drawing on the ceiling that goes info the floor inside"
"visualsketchbook_futuristic_tram_stained_glass_window_huge_wi_d8a5e597-9d88-49dc-8ab7-efc746cbea38_2.png","https://www.midjourney.com/jobs/d8a5e597-9d88-49dc-8ab7-efc746cbea38?index=2","futuristic tram stained glass window huge window ten seats round seats"
"visualsketchbook_modern_future_tram_futuristic_light_led_4c8f7fbc-277e-4667-8a41-414d3b51003d_2.png","https://www.midjourney.com/jobs/4c8f7fbc-277e-4667-8a41-414d3b51003d?index=2","modern future tram futuristic light led"
"visualsketchbook_interior_of_futurystic_tram_with_glass_windo_1ad851a9-49e3-43c8-b19d-07d8a9bad3ae_2.png","https://www.midjourney.com/jobs/1ad851a9-49e3-43c8-b19d-07d8a9bad3ae?index=2","interior of futurystic tram with glass windows reference to structure of plants in grey and lighty colors"
"visualsketchbook_modern_interior_of_tram_futuristic_b851499e-3551-4036-926d-621e344292a5_3.png","https://www.midjourney.com/jobs/b851499e-3551-4036-926d-621e344292a5?index=3","modern interior of tram futuristic"
"visualsketchbook_functionality_sky_way_tram_interior_for_chil_8fa8d0e5-d3e5-4567-b9ae-07aaab5c38c0_0.png","https://www.midjourney.com/jobs/8fa8d0e5-d3e5-4567-b9ae-07aaab5c38c0?index=0","functionality, sky way tram, interior for children tram, city"
"visualsketchbook_futuristic_streamline_tram_interior_in_natur_d2492ae6-315c-4e6a-8dcf-11a934fea2f7_0.png","https://www.midjourney.com/jobs/d2492ae6-315c-4e6a-8dcf-11a934fea2f7?index=0","futuristic streamline tram interior in natural olive green colors. copper brancing pipes, seats have unusual form"
"visualsketchbook_crooked_lines_dd14cb5a-94b9-4543-8a01-f581fcf1c9c3_1.png","https://www.midjourney.com/jobs/dd14cb5a-94b9-4543-8a01-f581fcf1c9c3?index=1","crooked lines"
"visualsketchbook_imagine_an_ergonomic_tram_seat_white_realist_d5a54fe9-a9dd-4c90-8058-449b5c5e501c_3.png","https://www.midjourney.com/jobs/d5a54fe9-a9dd-4c90-8058-449b5c5e501c?index=3","imagine an ergonomic tram seat, white, realistic, ambient lighting, wood,"
"visualsketchbook_future_tram_interior_streamlined_fast_wavy_b_f42ad821-b4bd-415e-a206-d146d483a356_0.png","https://www.midjourney.com/jobs/f42ad821-b4bd-415e-a206-d146d483a356?index=0","future, tram interior, streamlined, fast, wavy, brown, sand colors, navy blue, bone structure, water creatures, whale,bladerunner, seaweed"
"visualsketchbook_minimalism_interior_tram_functionality_light_69699de1-6bc4-46bc-985b-d5e6d746aafa_0.png","https://www.midjourney.com/jobs/69699de1-6bc4-46bc-985b-d5e6d746aafa?index=0","minimalism interior tram, functionality, light, komfortable"
"visualsketchbook_futuristic_tram_simple_minimalistic_shapes_b_a2c4aae4-3f23-4c3b-8e7d-1ee741b53e40_2.png","https://www.midjourney.com/jobs/a2c4aae4-3f23-4c3b-8e7d-1ee741b53e40?index=2","futuristic tram simple minimalistic shapes black metal with green and yellow led big windows"
"visualsketchbook_future_tram_streamlined_designer_round_singl_6ab7a98f-6f2c-4b52-879e-e4126ebc1595_2.png","https://www.midjourney.com/jobs/6ab7a98f-6f2c-4b52-879e-e4126ebc1595?index=2","future tram streamlined designer round single chair linear light on ceiling big window futuristic"
"visualsketchbook_light_projections_inside_the_tram_inspired_b_281b9590-39e5-4626-b089-97d5bb781aa4_2.png","https://www.midjourney.com/jobs/281b9590-39e5-4626-b089-97d5bb781aa4?index=2","light projections inside the tram inspired by space and stars"
"visualsketchbook_tram_interior__interesting_modern_complicate_2b8252a3-8465-4441-864d-61414b29b74e_2.png","https://www.midjourney.com/jobs/2b8252a3-8465-4441-864d-61414b29b74e?index=2","tram interior , interesting, modern, complicated shapes, interesting lightning, big windows , handrails and cozy seats"
"visualsketchbook_tram_interior_future_streamlined_shape_moder_a99c1e31-915e-4e3b-8402-1972399da2b0_3.png","https://www.midjourney.com/jobs/a99c1e31-915e-4e3b-8402-1972399da2b0?index=3","tram interior, future, streamlined shape, modernist, futuristic, rhythm, white rhythm panels, 3d printing, panoramic window"
"visualsketchbook_imagine_a_tram_interior_sustainability_futur_bd5eb712-44be-4277-8cbc-874a3df3ea28_0.png","https://www.midjourney.com/jobs/bd5eb712-44be-4277-8cbc-874a3df3ea28?index=0","imagine a tram interior, sustainability, future, beige and dark green colors, ambient lighting, round shapes, big windows, ceiling and floor lighting, eco, recycling materials, ergonomic, realistic, white floor, fascinating shapes, interesting chairs, people"
"visualsketchbook_future_tram_interior_streamlined_fast_wavy_b_1c64df5d-1cba-4b19-b82d-fa4c26538652_0.png","https://www.midjourney.com/jobs/1c64df5d-1cba-4b19-b82d-fa4c26538652?index=0","future, tram interior, streamlined, fast, wavy, brown, sand colors, navy blue, bone structure,bladerunner, seaweed"
"visualsketchbook_futuristic_streamline_tram_interior_with_org_bc787b57-898e-42a1-b174-bb0d43f48543_3.png","https://www.midjourney.com/jobs/bc787b57-898e-42a1-b174-bb0d43f48543?index=3","futuristic streamline tram interior with organic convex forms and natural form of lighting"
"visualsketchbook_traminterior_inspiration_Poznan_LED_futureli_a50f7639-6f34-4b80-afc9-da7ac063c1f5_3.png","https://www.midjourney.com/jobs/a50f7639-6f34-4b80-afc9-da7ac063c1f5?index=3","tram,interior, inspiration Poznan, LED, future,light, high tech, modern, japan, comfort"
"visualsketchbook_minimalistic_tram_interior_and_exterior_desi_5584e914-6bdc-40c6-91cd-6cb77ea12d5a_0.png","https://www.midjourney.com/jobs/5584e914-6bdc-40c6-91cd-6cb77ea12d5a?index=0","minimalistic tram interior and exterior design organic architectural forms, modern materials, natural, organic handrails and setas, toned colours, glass"
"visualsketchbook_future_high_realistic_interior_tram_streamli_89f299a6-3a97-4b12-be1c-4ff38c0755a6_0.png","https://www.midjourney.com/jobs/89f299a6-3a97-4b12-be1c-4ff38c0755a6?index=0","future, high realistic, interior tram, streamlined, fast, wavy, brown, in the city, modern, liquid"
"visualsketchbook_future_high_realistic_interior_tram_streamli_396cc945-baee-47df-9b6f-b84a9e157d14_2.png","https://www.midjourney.com/jobs/396cc945-baee-47df-9b6f-b84a9e157d14?index=2","future, high realistic, interior tram, streamlined, fast, in the city, modern, liquid"
"visualsketchbook_traminterior_inspiration_Poznan_LED_futureli_b2ace792-27ff-40b3-9482-de5429472495_0.png","https://www.midjourney.com/jobs/b2ace792-27ff-40b3-9482-de5429472495?index=0","tram,interior, inspiration Poznan, LED, future,light, high tech, modern, japan, green"
"visualsketchbook_modern_white_interior_of_tram_with_dark_blue_7bb54d6c-a450-47ec-b93a-752cf8d5c880_2.png","https://www.midjourney.com/jobs/7bb54d6c-a450-47ec-b93a-752cf8d5c880?index=2","modern white interior of tram with dark blue elements and orange accents clean open space huge windows"
"visualsketchbook_tram_interior_future_streamlined_shape_moder_a99c1e31-915e-4e3b-8402-1972399da2b0_2.png","https://www.midjourney.com/jobs/a99c1e31-915e-4e3b-8402-1972399da2b0?index=2","tram interior, future, streamlined shape, modernist, futuristic, rhythm, white rhythm panels, 3d printing, panoramic window"
"visualsketchbook_exterioir_of_a_futuristic_tram_inspired_cosm_8c33b55f-06a5-47cd-bd0b-26051185d7aa_3.png","https://www.midjourney.com/jobs/8c33b55f-06a5-47cd-bd0b-26051185d7aa?index=3","exterioir of a futuristic tram inspired cosmos space"
"visualsketchbook_interior_of_the_tram_inspired_by_speed_and_f_703f7a86-4c50-4944-958e-d0a689eeb147_1.png","https://www.midjourney.com/jobs/703f7a86-4c50-4944-958e-d0a689eeb147?index=1","interior of the tram inspired by speed and futuristic cosmos space"
"visualsketchbook_colorfull_play_of_light_inside_tram_futurist_757d42ef-cad6-442a-9a80-3f793a6fe4da_0.png","https://www.midjourney.com/jobs/757d42ef-cad6-442a-9a80-3f793a6fe4da?index=0","colorfull play of light inside tram, futuristic, inspire by cosmos"
"visualsketchbook_futuristic_modern_tram_communication_people__34ad5669-e90d-456d-84f5-deff8f2c0688_1.png","https://www.midjourney.com/jobs/34ad5669-e90d-456d-84f5-deff8f2c0688?index=1","futuristic, modern, tram, communication, people, light, yellow, blue, white, not geometric, with geometric cube chair"
"visualsketchbook_futuristic_streamline_tram_interior_with_org_2aac506b-d0c4-4915-8591-7d9bca3123c2_3.png","https://www.midjourney.com/jobs/2aac506b-d0c4-4915-8591-7d9bca3123c2?index=3","futuristic streamline tram interior with organic convex forms and natural form of lighting"
"visualsketchbook_futuristic_streamline_tram_exterior_in_natur_3cb6607b-4ea2-4b1c-969c-0459b49793d4_0.png","https://www.midjourney.com/jobs/3cb6607b-4ea2-4b1c-969c-0459b49793d4?index=0","futuristic streamline tram exterior in natural light colors"
"visualsketchbook_create_interior_tram_futuristic_green_ergomo_40cb5e89-bb03-454a-9c1b-159e09a146d2_3.png","https://www.midjourney.com/jobs/40cb5e89-bb03-454a-9c1b-159e09a146d2?index=3","create interior tram futuristic, green, ergomomic, plants, modern luxurious, led lighting"
"visualsketchbook_new_tram_interior_a27a570f-05fd-4d50-aa59-f84b4cbae2af_3.png","https://www.midjourney.com/jobs/a27a570f-05fd-4d50-aa59-f84b4cbae2af?index=3","new tram interior"
"visualsketchbook_interior_of_futuristic_tram_with_big_windows_f8ab3850-7aa4-41c1-9e08-b6c854ae9a88_0.png","https://www.midjourney.com/jobs/f8ab3850-7aa4-41c1-9e08-b6c854ae9a88?index=0","interior of futuristic tram with big windows, patterned minimalistic floor, green beige colors, artistic handrails, screen on windows"
"visualsketchbook_imagine_a_tram_interior_sustainability_futur_d8f11359-ffa5-49e4-bce2-901840d69ca4_0.png","https://www.midjourney.com/jobs/d8f11359-ffa5-49e4-bce2-901840d69ca4?index=0","imagine a tram interior, sustainability, future, beige and white colors, ambient lighting, round shapes, big windows, ceiling and floor lighting, eco, recycling materials, ergonomic, realistic, white floor, fascinating shapes"
"visualsketchbook_tram_exterior_natural_organic_shapes_big_win_71b59c97-4448-4310-8e25-cf0502a185f8_2.png","https://www.midjourney.com/jobs/71b59c97-4448-4310-8e25-cf0502a185f8?index=2","tram exterior, natural, organic shapes, big windows, fast, streamlined, toned colours, city"
"visualsketchbook_interior_of_future_tram_ergonomic_seats_frie_c58c8f62-641b-4586-9fe5-5cbc5a7990ec_3.png","https://www.midjourney.com/jobs/c58c8f62-641b-4586-9fe5-5cbc5a7990ec?index=3","interior of future tram, ergonomic seats, friendly vibe, light colours, without yellow elements, organic shapes, clear space"
"visualsketchbook_tram_interior_fast_unique_forms_toned_colour_d9a49bfe-4f68-4a47-8196-cb3bd061166c_0.png","https://www.midjourney.com/jobs/d9a49bfe-4f68-4a47-8196-cb3bd061166c?index=0","tram interior, fast, unique forms, toned colours, wood, water, metal, light accent"
"visualsketchbook_minimalistic_tram_interior_and_exterior_desi_5636f0c6-75fa-4e6f-a538-d8c7a64be711_1.png","https://www.midjourney.com/jobs/5636f0c6-75fa-4e6f-a538-d8c7a64be711?index=1","minimalistic tram interior and exterior design organic architectural forms, modern materials, natural, organic handrails and setas, toned colours, glass"
"visualsketchbook_new_tram_interior_a27a570f-05fd-4d50-aa59-f84b4cbae2af_0.png","https://www.midjourney.com/jobs/a27a570f-05fd-4d50-aa59-f84b4cbae2af?index=0","new tram interior"
"visualsketchbook_modern_interior_of_tram_light_futuristic_blu_e2986d06-6928-4c2c-9f1a-f108e5547ba9_0.png","https://www.midjourney.com/jobs/e2986d06-6928-4c2c-9f1a-f108e5547ba9?index=0","modern interior of tram light futuristic blue leds orange elements of interior"
"visualsketchbook_futuristic_modern_tram_communication_people__dbf3ffc6-fe6c-4ada-abcb-5a234bf3ade9_3.png","https://www.midjourney.com/jobs/dbf3ffc6-fe6c-4ada-abcb-5a234bf3ade9?index=3","futuristic, modern, tram, communication, people, light, yellow, blue, white, not geometric, interior"
"visualsketchbook_imagine_a_tram_interior_sustainability_futur_5447dfb2-25af-40b0-a432-64f91453b302_0.png","https://www.midjourney.com/jobs/5447dfb2-25af-40b0-a432-64f91453b302?index=0","imagine a tram interior, sustainability, future, beige and dark green colors, ambient lighting, round shapes, big windows, ceiling and floor lighting, eco, recycling materials, ergonomic, realistic, white floor, fascinating shapes, interesting chairs, people"
"visualsketchbook_modern_futuristic_tram_super_fast_and_obliqu_37416c21-6dc0-4db6-9253-1fb4a5c11468_0.png","https://www.midjourney.com/jobs/37416c21-6dc0-4db6-9253-1fb4a5c11468?index=0","modern futuristic tram super fast and oblique in city extraordinary two floors economic ecofriendly independent stylish and new"
"visualsketchbook_interior_of_tram_biophilic_futuristic_funkti_efd5ff57-d4e2-4e10-9c2b-6d53e8729dfb_1.png","https://www.midjourney.com/jobs/efd5ff57-d4e2-4e10-9c2b-6d53e8729dfb?index=1","interior of tram, biophilic, futuristic, funktional, cirkle, led lighting, big windows, new technologies, dark green colours"
"visualsketchbook_tram_interior_modern_rings_bionic_style_body_9e8a09bf-89ba-49d4-b9eb-7b4ceff3f00b_1.png","https://www.midjourney.com/jobs/9e8a09bf-89ba-49d4-b9eb-7b4ceff3f00b?index=1","tram, interior, modern, rings, bionic style, body of earthworm"
"visualsketchbook_minimalistic_tram_interior_and_exterior_desi_5636f0c6-75fa-4e6f-a538-d8c7a64be711_3.png","https://www.midjourney.com/jobs/5636f0c6-75fa-4e6f-a538-d8c7a64be711?index=3","minimalistic tram interior and exterior design organic architectural forms, modern materials, natural, organic handrails and setas, toned colours, glass"
"visualsketchbook_future_tram_interior_streamlined_fast_wavy_b_f42ad821-b4bd-415e-a206-d146d483a356_1.png","https://www.midjourney.com/jobs/f42ad821-b4bd-415e-a206-d146d483a356?index=1","future, tram interior, streamlined, fast, wavy, brown, sand colors, navy blue, bone structure, water creatures, whale,bladerunner, seaweed"
"visualsketchbook_tram_exterior_in_dark_shaded_streamlined_sha_874ce42c-edc4-4466-ba4d-3adcde1f8050_0.png","https://www.midjourney.com/jobs/874ce42c-edc4-4466-ba4d-3adcde1f8050?index=0","tram exterior in dark shaded, streamlined shape, copper accents, modernistic, futuristic, big windows"
"visualsketchbook_tram_inspiration_Poznan_LED_future_high_tech_b1da2b5c-7294-462a-84c7-d3be0374e536_1.png","https://www.midjourney.com/jobs/b1da2b5c-7294-462a-84c7-d3be0374e536?index=1","tram, inspiration Poznan, LED, future, high tech, modern, japan"
"visualsketchbook_futurystic_design_of_tram_interior_with_orga_cacd2309-ff16-457a-a168-9cd23eabaac1_3.png","https://www.midjourney.com/jobs/cacd2309-ff16-457a-a168-9cd23eabaac1?index=3","futurystic design of tram interior with organic convex form of lighting an windows"
"visualsketchbook_futuristic_streamline_tram_interior_with_org_bc787b57-898e-42a1-b174-bb0d43f48543_2.png","https://www.midjourney.com/jobs/bc787b57-898e-42a1-b174-bb0d43f48543?index=2","futuristic streamline tram interior with organic convex forms and natural form of lighting"
"visualsketchbook_tram_interior_in_dark_shaded_streamlined_sha_809fc16a-e48d-41e7-94b2-1498ea4d50eb_2.png","https://www.midjourney.com/jobs/809fc16a-e48d-41e7-94b2-1498ea4d50eb?index=2","tram interior in dark shaded, streamlined shape, copper accents, modernistic, futuristic, big windows"
"visualsketchbook_futuristic_modern_tram_communication_people__b69336f4-5135-414e-96e8-1604122ee043_0.png","https://www.midjourney.com/jobs/b69336f4-5135-414e-96e8-1604122ee043?index=0","futuristic, modern, tram, communication, people, light, yellow, blue, white, not geometric,"
"visualsketchbook_tramecobig_windowblueabstrat_seatled_light_1170c4c2-0585-4476-93aa-757d63c2ef23_0.png","https://www.midjourney.com/jobs/1170c4c2-0585-4476-93aa-757d63c2ef23?index=0","tram,eco,big window,blue,abstrat seat,led light"
"visualsketchbook_ergonomics_chairs_ea2436b7-fb29-4135-b404-cd106c507c15_3.png","https://www.midjourney.com/jobs/ea2436b7-fb29-4135-b404-cd106c507c15?index=3","ergonomics chairs"
"visualsketchbook_tram_interior_efd16c70-60b9-42ab-af10-d4786980c49c_1.png","https://www.midjourney.com/jobs/efd16c70-60b9-42ab-af10-d4786980c49c?index=1","tram interior"
"visualsketchbook_tram_interior_future_streamlined_shape_moder_a99c1e31-915e-4e3b-8402-1972399da2b0_0.png","https://www.midjourney.com/jobs/a99c1e31-915e-4e3b-8402-1972399da2b0?index=0","tram interior, future, streamlined shape, modernist, futuristic, rhythm, white rhythm panels, 3d printing, panoramic window"
"visualsketchbook_colorfull_play_of_light_inside_tram_futurist_ee878966-e97d-471d-a66c-2551b846e286_1.png","https://www.midjourney.com/jobs/ee878966-e97d-471d-a66c-2551b846e286?index=1","colorfull play of light inside tram, futuristic, inspire by cosmos"
"visualsketchbook_interior_of_tram_with_glass_windows_referenc_66b63808-246c-4380-9d6c-67a0361c1b77_1.png","https://www.midjourney.com/jobs/66b63808-246c-4380-9d6c-67a0361c1b77?index=1","interior of tram with glass windows reference to plants and their structure"
"visualsketchbook_organiczne_oble_uoone_wiato_w_tramwaju_4c2a36bf-a715-46be-b275-528a17c9a598_2.png","https://www.midjourney.com/jobs/4c2a36bf-a715-46be-b275-528a17c9a598?index=2","organiczne oble ułożone światło w tramwaju"
"visualsketchbook_interior_design_of_a_futuristic_tram_with_or_6d85e643-f25a-4018-9723-d182138889ba_1.png","https://www.midjourney.com/jobs/6d85e643-f25a-4018-9723-d182138889ba?index=1","interior design of a futuristic tram with original panoramic ceiling windows, floor and ceiling lightning, unique seats, visual features, audiovisual system, ergonomic handle"
"visualsketchbook_TRAM_INTERIOR_INSPIRED_BY_COSMOS_SPACE_58e70731-53b8-447c-af23-8b122014f8a6_2.png","https://www.midjourney.com/jobs/58e70731-53b8-447c-af23-8b122014f8a6?index=2","TRAM INTERIOR INSPIRED BY COSMOS SPACE"
"visualsketchbook_interior_design_of_a_tram_which_is_ergonomic_e90cbd46-022f-485b-95cc-d004df328b6c_0.png","https://www.midjourney.com/jobs/e90cbd46-022f-485b-95cc-d004df328b6c?index=0","interior design of a tram which is ergonomic, economical, organic with panoramic ceiling windows, wavy shapes, led amient lighting, natural materials with one contrasting colour"
"visualsketchbook_the_interior_of_modern_simple_and_futuristic_758d6287-4b2d-4172-b487-c3e871be4dda_0.png","https://www.midjourney.com/jobs/758d6287-4b2d-4172-b487-c3e871be4dda?index=0","the interior of modern, simple and futuristic tram, with glazing and nature"
"visualsketchbook_tram_interior_modern_rings_bionic_style_body_5b7d2e8d-7fab-464f-9072-b1c82f256345_1.png","https://www.midjourney.com/jobs/5b7d2e8d-7fab-464f-9072-b1c82f256345?index=1","tram, interior, modern, rings, bionic style, body of earthworm"
"visualsketchbook_future_tram_interior_streamlined_fast_wavy_b_1b542af7-9500-44b3-a132-6c207973701d_0.png","https://www.midjourney.com/jobs/1b542af7-9500-44b3-a132-6c207973701d?index=0","future, tram interior, streamlined, fast, wavy, brown, sand colors, navy blue, bone structure,bladerunner, seaweed"
"visualsketchbook_ergonomics_chairs_ea2436b7-fb29-4135-b404-cd106c507c15_0.png","https://www.midjourney.com/jobs/ea2436b7-fb29-4135-b404-cd106c507c15?index=0","ergonomics chairs"
"visualsketchbook_tram_interior_futuristic_cyberpunk_style_geo_544299d1-adde-49d6-befa-739ff281f7b5_2.png","https://www.midjourney.com/jobs/544299d1-adde-49d6-befa-739ff281f7b5?index=2","tram interior, futuristic, cyberpunk style, geometric forms, seating"
"visualsketchbook_tram_interior_efd16c70-60b9-42ab-af10-d4786980c49c_0.png","https://www.midjourney.com/jobs/efd16c70-60b9-42ab-af10-d4786980c49c?index=0","tram interior"
"visualsketchbook_tram_inside_vincent_callebaut_envision_futur_83435cf1-6470-4c49-a50c-63f4f732f678_3.png","https://www.midjourney.com/jobs/83435cf1-6470-4c49-a50c-63f4f732f678?index=3","tram inside vincent callebaut envision future of mobility as timber-based evtols hydrofoils luxury ergonomic with bid windows and light colours"
"visualsketchbook_interior_of_future_tram_ergonomic_seats_frie_1a1166aa-baae-4fff-92f3-6d3dbcae6e76_2.png","https://www.midjourney.com/jobs/1a1166aa-baae-4fff-92f3-6d3dbcae6e76?index=2","interior of future tram, ergonomic seats, friendly vibe"
"visualsketchbook_traminterior_inspiration_Poznan_LED_futureli_69b3a923-197e-445e-9bf3-220b01b58731_2.png","https://www.midjourney.com/jobs/69b3a923-197e-445e-9bf3-220b01b58731?index=2","tram,interior, inspiration Poznan, LED, future,light, high tech, modern, japan, comfort"
"visualsketchbook_tram_vincent_callebaut_envision_future_of_mo_07d125cd-e087-418e-9ec3-0faabc218753_2.png","https://www.midjourney.com/jobs/07d125cd-e087-418e-9ec3-0faabc218753?index=2","tram vincent callebaut envision future of mobility as timber-based evtols hydrofoils luxury ergonomic with bid windows and light colours"
"visualsketchbook_create_interior_tram_futuristic_blue_green_b_16d42969-0407-49cf-a8fa-a6d6ca0742a8_3.png","https://www.midjourney.com/jobs/16d42969-0407-49cf-a8fa-a6d6ca0742a8?index=3","create interior tram futuristic, blue, green, black , ergomomic, plants, modern luxurious, led lighting, multi-functional, elegant"
"visualsketchbook_space_tram_interior_with_organic_shapes_of_s_d9456278-21e1-4501-8792-903c03053e78_3.png","https://www.midjourney.com/jobs/d9456278-21e1-4501-8792-903c03053e78?index=3","space tram interior with organic shapes of seats and windows"
"visualsketchbook_interior_of_futuristic_tram_with_big_windows_3c80d040-2646-4fd0-bce7-ce929cc9b9b1_3.png","https://www.midjourney.com/jobs/3c80d040-2646-4fd0-bce7-ce929cc9b9b1?index=3","interior of futuristic tram with big windows, patterned minimalistic floor, green beige colors, artistic handrails, screen on windows"
"visualsketchbook_tram_vincent_callebaut_envision_future_of_mo_1d6954cc-bc15-4fb3-a5af-1685ed3c1361_1.png","https://www.midjourney.com/jobs/1d6954cc-bc15-4fb3-a5af-1685ed3c1361?index=1","tram vincent callebaut envision future of mobility as timber-based evtols hydrofoils luxury ergonomic with bid windows and light colours"
"visualsketchbook_crooked_lines_97fcc915-6a87-4a18-b379-417bb0d4ee29_0.png","https://www.midjourney.com/jobs/97fcc915-6a87-4a18-b379-417bb0d4ee29?index=0","crooked lines"
"visualsketchbook_future_high_realistic_interior_tram_streamli_bc5f158a-d47b-47e5-8c07-06263f23f376_0.png","https://www.midjourney.com/jobs/bc5f158a-d47b-47e5-8c07-06263f23f376?index=0","future, high realistic, interior tram, streamlined, fast, wavy, brown, in the city, modern, liquid"
"visualsketchbook_modern_interior_of_tram_light_futuristic_blu_a945965a-b8c6-4825-9538-b3a81c2accfe_0.png","https://www.midjourney.com/jobs/a945965a-b8c6-4825-9538-b3a81c2accfe?index=0","modern interior of tram light futuristic blue leds orange elements of interior"
"visualsketchbook_wave_32c57767-abc1-4eff-a3fe-f3a4c6502475_3.png","https://www.midjourney.com/jobs/32c57767-abc1-4eff-a3fe-f3a4c6502475?index=3","wave"
"visualsketchbook_future_tram_modern_streamlined_new_design_re_76d439b1-6677-4cd5-892e-d6ea870cf2aa_0.png","https://www.midjourney.com/jobs/76d439b1-6677-4cd5-892e-d6ea870cf2aa?index=0","future tram modern streamlined new design red colour led round parametric 2 seats"
"visualsketchbook_futuristic_modern_tram_communication_people__78247386-0bdf-45b6-9085-ef96b806661a_0.png","https://www.midjourney.com/jobs/78247386-0bdf-45b6-9085-ef96b806661a?index=0","futuristic, modern, tram, communication, people, light, yellow, blue, white, not geometric, interior"
"visualsketchbook_tram_modern_interior_lighting_body_of_earthw_35814b9b-7b87-4024-8496-0246da2294cf_0.png","https://www.midjourney.com/jobs/35814b9b-7b87-4024-8496-0246da2294cf?index=0","tram, modern, interior, lighting, body of earthworm, fast, seats, bionic shapes, privacy seats"
"visualsketchbook_interior_design_of_a_tram_which_is_ergonomic_d68e0c8e-332d-4888-b1db-3f6c956d0554_2.png","https://www.midjourney.com/jobs/d68e0c8e-332d-4888-b1db-3f6c956d0554?index=2","interior design of a tram which is ergonomic, economical, organic with panoramic ceiling windows, wavy shapes, led amient lighting, natural materials with one contrasting colour"
"visualsketchbook_functionality_sky_way_tram_interior_for_chil_b074f2ee-978e-49fd-ab70-ed2993682fa6_2.png","https://www.midjourney.com/jobs/b074f2ee-978e-49fd-ab70-ed2993682fa6?index=2","functionality, sky way tram, interior for children tram, city"
"visualsketchbook_interior_of_future_tram_ergonomic_seats_frie_a0eee501-365f-49ba-8bb8-8f254721c487_3.png","https://www.midjourney.com/jobs/a0eee501-365f-49ba-8bb8-8f254721c487?index=3","interior of future tram, ergonomic seats, friendly vibe, light colours, without yellow elements, organic shapes, clear space"
"visualsketchbook_funkcionality_of_modern_tram_a4c7dfe4-5af1-4500-bd5e-d4d9d8a49ece_0.png","https://www.midjourney.com/jobs/a4c7dfe4-5af1-4500-bd5e-d4d9d8a49ece?index=0","funkcionality of modern tram"
"visualsketchbook_high-tech_style_b79fc37d-9cc0-4de4-a291-9ae588657d90_1.png","https://www.midjourney.com/jobs/b79fc37d-9cc0-4de4-a291-9ae588657d90?index=1","high-tech style"
"visualsketchbook_tram_interior_in_dark_shaded_streamlined_sha_809fc16a-e48d-41e7-94b2-1498ea4d50eb_3.png","https://www.midjourney.com/jobs/809fc16a-e48d-41e7-94b2-1498ea4d50eb?index=3","tram interior in dark shaded, streamlined shape, copper accents, modernistic, futuristic, big windows"
"visualsketchbook_Coloring_page_for_Kids_Labrador_Retriever_ca_90fc0515-4225-40c7-9207-581074045db7_0.png","https://www.midjourney.com/jobs/90fc0515-4225-40c7-9207-581074045db7?index=0","Coloring page for Kids, Labrador Retriever, cartoon style, thick line, low detail, no shading"
"visualsketchbook_modern_interior_of_tram_light_futuristic_blu_85023848-f224-4c76-9b4c-7891895f1418_0.png","https://www.midjourney.com/jobs/85023848-f224-4c76-9b4c-7891895f1418?index=0","modern interior of tram light futuristic blue leds orange elements of interior"
"visualsketchbook_tram_exterior_natural_organic_shapes_big_win_71b59c97-4448-4310-8e25-cf0502a185f8_3.png","https://www.midjourney.com/jobs/71b59c97-4448-4310-8e25-cf0502a185f8?index=3","tram exterior, natural, organic shapes, big windows, fast, streamlined, toned colours, city"
"visualsketchbook_futuristic_modern_tram_communication_people__45b5ff2e-3802-43b4-aef2-03359255b382_3.png","https://www.midjourney.com/jobs/45b5ff2e-3802-43b4-aef2-03359255b382?index=3","futuristic, modern, tram, communication, people, light, yellow, blue, white, not geometric,"
"visualsketchbook_modern_futuristic_tram_ecologic_economic_ins_c520fc13-c728-414f-99b4-f5cb6224763a_1.png","https://www.midjourney.com/jobs/c520fc13-c728-414f-99b4-f5cb6224763a?index=1","modern futuristic tram ecologic economic inspired by nature wooden elements use of glass and metal fast"
"visualsketchbook_drops_of_woter_ba3007f5-96c6-476c-aab3-fe7d656c2c3f_3.png","https://www.midjourney.com/jobs/ba3007f5-96c6-476c-aab3-fe7d656c2c3f?index=3","drops of woter"
"visualsketchbook_futuristic_modern_tram_communication_people__e3e3ee0c-0ede-4463-a20d-62d5bd0b0097_2.png","https://www.midjourney.com/jobs/e3e3ee0c-0ede-4463-a20d-62d5bd0b0097?index=2","futuristic, modern, tram, communication, people, light, yellow, blue, white, not geometric, ahead tram"
"visualsketchbook_interior_design_of_a_tram_which_is_ergonomic_5f638af8-f86b-4933-957a-cfd59652844c_3.png","https://www.midjourney.com/jobs/5f638af8-f86b-4933-957a-cfd59652844c?index=3","interior design of a tram which is ergonomic, economical, organic with panoramic ceiling windows, wavy shapes, led amient lighting, natural materials with one contrasting colour"
"visualsketchbook_photorealistic_interior_of_future_tram_83ad7905-df22-418a-a4dc-0407aaa3b982_2.png","https://www.midjourney.com/jobs/83ad7905-df22-418a-a4dc-0407aaa3b982?index=2","photorealistic interior of future tram"
"visualsketchbook_colorfull_play_of_light_inside_tram_futurist_757d42ef-cad6-442a-9a80-3f793a6fe4da_3.png","https://www.midjourney.com/jobs/757d42ef-cad6-442a-9a80-3f793a6fe4da?index=3","colorfull play of light inside tram, futuristic, inspire by cosmos"
"visualsketchbook_exterioir_of_a_futuristic_tram_inspired_cosm_60ec378b-7fbc-4d0a-83b9-81094e97cd05_2.png","https://www.midjourney.com/jobs/60ec378b-7fbc-4d0a-83b9-81094e97cd05?index=2","exterioir of a futuristic tram inspired cosmos space"
"visualsketchbook_tram_interior_future_streamlined_shape_moder_99bcb247-186b-4147-8281-9597e2d8f077_2.png","https://www.midjourney.com/jobs/99bcb247-186b-4147-8281-9597e2d8f077?index=2","tram interior, future, streamlined shape, modernist, futuristic, rhythm, white rhythm panels, 3d printing, panoramic window"
"visualsketchbook_interior_of_tram_biophilic_futuristic_funkti_efd5ff57-d4e2-4e10-9c2b-6d53e8729dfb_0.png","https://www.midjourney.com/jobs/efd5ff57-d4e2-4e10-9c2b-6d53e8729dfb?index=0","interior of tram, biophilic, futuristic, funktional, cirkle, led lighting, big windows, new technologies, dark green colours"
"visualsketchbook_futuristic_tram_interior_in_natural_colors.__9478b03e-1b19-4e83-8e40-db0f25dbf40f_2.png","https://www.midjourney.com/jobs/9478b03e-1b19-4e83-8e40-db0f25dbf40f?index=2","futuristic tram interior in natural colors. copper brancing pipes, seats are in unusual form with organic convex forms and natural form of lighting"
"visualsketchbook_tram_outsideabstractled_lightdrawing_on_the__e22c0e6c-db9c-4e26-b214-9a7beb23813e_0.png","https://www.midjourney.com/jobs/e22c0e6c-db9c-4e26-b214-9a7beb23813e?index=0","tram outside,abstract,led light,drawing on the ceiling that goes info the floor,eco,smooth curves"
"visualsketchbook_futuristic_tram_interior_in_natural_light_gr_e574ebc8-f44d-43c2-ad7c-c1bf0b07d152_0.png","https://www.midjourney.com/jobs/e574ebc8-f44d-43c2-ad7c-c1bf0b07d152?index=0","futuristic tram interior in natural light green colors. copper brancing pipes, seats are in unusual form with organic convex forms and natural form of lighting"
"visualsketchbook_modern_simple_future_futuristic_tram_in_fron_41653c50-8097-4a06-b879-415188c30925_3.png","https://www.midjourney.com/jobs/41653c50-8097-4a06-b879-415188c30925?index=3","modern, simple, future, futuristic tram in front"
"visualsketchbook_interior_of_tram_biophilic_nature_biedge_fun_979f8b86-5e7c-42fa-8d82-ae9bb55d4d36_0.png","https://www.midjourney.com/jobs/979f8b86-5e7c-42fa-8d82-ae9bb55d4d36?index=0","interior of tram, biophilic, nature, biedge, funktional"
"visualsketchbook_super_fast_and_futuristic_modern_tram_spacio_35569c1c-7ab4-4268-aafc-e1a48ef6daf6_3.png","https://www.midjourney.com/jobs/35569c1c-7ab4-4268-aafc-e1a48ef6daf6?index=3","super fast and futuristic modern tram spacious inside lots of seats big windows natural colors and wood"
"visualsketchbook_cyberpunk_style_tram_white_geometric_panels__41de3c2d-e34f-4bff-826d-02d54585f910_3.png","https://www.midjourney.com/jobs/41de3c2d-e34f-4bff-826d-02d54585f910?index=3","cyberpunk style tram, white geometric panels on the exterior, big windows, glass roof, led lights"
"visualsketchbook_modern_futuristic_tram_ecologic_economic_ins_d47b1b5e-8392-4918-9a5a-a6aac0ab3b37_3.png","https://www.midjourney.com/jobs/d47b1b5e-8392-4918-9a5a-a6aac0ab3b37?index=3","modern futuristic tram ecologic economic inspired by nature wooden elements use of glass and metal fast"
"visualsketchbook_fast_tram_nature_sky_way_tram_city_tram_810f9229-6ebd-4eec-9a42-8697be1ab41f_1.png","https://www.midjourney.com/jobs/810f9229-6ebd-4eec-9a42-8697be1ab41f?index=1","fast tram, nature, sky way tram, city tram"
"visualsketchbook_interior_of_tram_with_glass_windows_referenc_66b63808-246c-4380-9d6c-67a0361c1b77_0.png","https://www.midjourney.com/jobs/66b63808-246c-4380-9d6c-67a0361c1b77?index=0","interior of tram with glass windows reference to plants and their structure"
"visualsketchbook_super_fast_and_futuristic_modern_tram_spacio_35569c1c-7ab4-4268-aafc-e1a48ef6daf6_0.png","https://www.midjourney.com/jobs/35569c1c-7ab4-4268-aafc-e1a48ef6daf6?index=0","super fast and futuristic modern tram spacious inside lots of seats big windows natural colors and wood"
"visualsketchbook_led_light_in_colour_9545010e-41a2-4395-ac86-38a9722999e9_0.png","https://www.midjourney.com/jobs/9545010e-41a2-4395-ac86-38a9722999e9?index=0","led light in colour"
"visualsketchbook_interior_of_future_tram_ergonomic_seats_frie_c58c8f62-641b-4586-9fe5-5cbc5a7990ec_1.png","https://www.midjourney.com/jobs/c58c8f62-641b-4586-9fe5-5cbc5a7990ec?index=1","interior of future tram, ergonomic seats, friendly vibe, light colours, without yellow elements, organic shapes, clear space"
"visualsketchbook_interior_design_of_a_tram_which_is_ergonomic_59a9ddc5-c9dc-4914-8373-ac1b71f9f75f_1.png","https://www.midjourney.com/jobs/59a9ddc5-c9dc-4914-8373-ac1b71f9f75f?index=1","interior design of a tram which is ergonomic, economical, organic with panoramic ceiling windows, wavy shapes, led amient lighting, natural materials with one contrasting colour"
"visualsketchbook_modern_futuristic_tram_super_fast_and_obliqu_37416c21-6dc0-4db6-9253-1fb4a5c11468_2.png","https://www.midjourney.com/jobs/37416c21-6dc0-4db6-9253-1fb4a5c11468?index=2","modern futuristic tram super fast and oblique in city extraordinary two floors economic ecofriendly independent stylish and new"
"visualsketchbook_modern_futuristic_tram_ecologic_economic_ins_c520fc13-c728-414f-99b4-f5cb6224763a_0.png","https://www.midjourney.com/jobs/c520fc13-c728-414f-99b4-f5cb6224763a?index=0","modern futuristic tram ecologic economic inspired by nature wooden elements use of glass and metal fast"
"visualsketchbook_future_interior_tram_streamlined_fast_wavy_n_e4397f96-3e82-43ab-9e4a-068d0403ff4e_2.png","https://www.midjourney.com/jobs/e4397f96-3e82-43ab-9e4a-068d0403ff4e?index=2","future, interior tram, streamlined, fast, wavy, navy blue,bladerunner, seaweed, in the city, modern"
"visualsketchbook_futuristic_tram_big_windows_geometric_panels_02577025-14f4-493e-bb7e-dbd9590e0775_2.png","https://www.midjourney.com/jobs/02577025-14f4-493e-bb7e-dbd9590e0775?index=2","futuristic tram, big windows, geometric panels on the exterior, white, tinted windows"
"visualsketchbook_interior_design_of_a_futuristic_tram_with_or_f8a17164-39ee-495f-9413-6f3a2a0da2f1_0.png","https://www.midjourney.com/jobs/f8a17164-39ee-495f-9413-6f3a2a0da2f1?index=0","interior design of a futuristic tram with original panoramic ceiling windows, floor and ceiling lightning, unique seats, visual features, audiovisual system, ergonomic handle"
"visualsketchbook_futuristic_tram_blue_orange_black_LED_glass__e008b9c3-5fdc-437f-9274-0c432a52e594_0.png","https://www.midjourney.com/jobs/e008b9c3-5fdc-437f-9274-0c432a52e594?index=0","futuristic tram, blue, orange, black, LED, glass, curve shapes, round"
"visualsketchbook_interior_of_future_tram_ergonomic_seats_frie_510475c4-037b-430e-b0fa-497206d34714_2.png","https://www.midjourney.com/jobs/510475c4-037b-430e-b0fa-497206d34714?index=2","interior of future tram, ergonomic seats, friendly vibe"
"visualsketchbook_futuristic_tram_interior_blue_orange_black_L_cc139d37-70c1-42bd-b332-c2f23eaba392_0.png","https://www.midjourney.com/jobs/cc139d37-70c1-42bd-b332-c2f23eaba392?index=0","futuristic tram interior, blue, orange, black, LED, glass, curve shapes, round, daylight"
"visualsketchbook_futurystic_design_of_tram_interior_with_orga_335d8686-63c9-44f2-aed0-d77e50de623e_0.png","https://www.midjourney.com/jobs/335d8686-63c9-44f2-aed0-d77e50de623e?index=0","futurystic design of tram interior with organic convex form of lighting an windows"
"visualsketchbook_tram_future_streamlined_shape_modernist_futu_078632ca-78e7-4731-97f0-4fa08fffb851_3.png","https://www.midjourney.com/jobs/078632ca-78e7-4731-97f0-4fa08fffb851?index=3","tram, future, streamlined shape, modernist, futuristic, rhythm, white rhythm panels, panoramic window"
"visualsketchbook_high_tech_style_tram_modern_technolegy_3b84b5b8-fe10-40d8-afb0-8e2cbdcacdca_0.png","https://www.midjourney.com/jobs/3b84b5b8-fe10-40d8-afb0-8e2cbdcacdca?index=0","high tech style tram, modern technolegy"
"visualsketchbook_new_tram_interior_a27a570f-05fd-4d50-aa59-f84b4cbae2af_2.png","https://www.midjourney.com/jobs/a27a570f-05fd-4d50-aa59-f84b4cbae2af?index=2","new tram interior"
"visualsketchbook_modern_interior_of_tram_futuristic_7a0b6a86-6814-4045-8da2-b78ce659d86a_3.png","https://www.midjourney.com/jobs/7a0b6a86-6814-4045-8da2-b78ce659d86a?index=3","modern interior of tram futuristic"
"visualsketchbook_modern_streamline_tram_interior_in_natural_c_9c886c1e-aa6b-41f7-ad20-b3cdc36a7fab_0.png","https://www.midjourney.com/jobs/9c886c1e-aa6b-41f7-ad20-b3cdc36a7fab?index=0","modern streamline tram interior in natural colors, copper pipes and seats in unusual forms"
"visualsketchbook_futuristic_streamline_tram_interior_with_org_df732029-2bd8-4ce9-9e12-878f84f81b22_0.png","https://www.midjourney.com/jobs/df732029-2bd8-4ce9-9e12-878f84f81b22?index=0","futuristic streamline tram interior with organic convex forms and natural form of lighting"
"visualsketchbook_traminterior_inspiration_Poznan_LED_futureli_615eb89b-7775-438e-8ea6-66a305573ddb_2.png","https://www.midjourney.com/jobs/615eb89b-7775-438e-8ea6-66a305573ddb?index=2","tram,interior, inspiration Poznan, LED, future,light, high tech, modern, japan, comfort"
"visualsketchbook_vincent_callebaut_envision_future_of_mobilit_04e69645-6ed1-4acf-bebb-818cd52a9ed5_3.png","https://www.midjourney.com/jobs/04e69645-6ed1-4acf-bebb-818cd52a9ed5?index=3","vincent callebaut envision future of mobility as timber-based evtols hydrofoils luxury ergonomic with bid windows and light colours"
"visualsketchbook_interior_design_of_a_tram_which_is_ergonomic_5f638af8-f86b-4933-957a-cfd59652844c_2.png","https://www.midjourney.com/jobs/5f638af8-f86b-4933-957a-cfd59652844c?index=2","interior design of a tram which is ergonomic, economical, organic with panoramic ceiling windows, wavy shapes, led amient lighting, natural materials with one contrasting colour"
"visualsketchbook_futuristic_modern_and_fast_tram_being_an_art_2b164f86-6875-4201-bf80-b8be9a9acfc0_3.png","https://www.midjourney.com/jobs/2b164f86-6875-4201-bf80-b8be9a9acfc0?index=3","futuristic modern and fast tram being an art performance lots of glass and metal soacious interior many seats"
"visualsketchbook_create_interior_tram_futuristic_blue_ergomom_dc444337-532b-4398-ad2f-27a7a2fd2eb4_0.png","https://www.midjourney.com/jobs/dc444337-532b-4398-ad2f-27a7a2fd2eb4?index=0","create interior tram futuristic, blue, ergomomic, high-tech , modern luxurious, led lighting"
"visualsketchbook_high_tech_style_tram_modern_technolegy_be0af2eb-08b3-4ac2-bf56-487a95684d23_0.png","https://www.midjourney.com/jobs/be0af2eb-08b3-4ac2-bf56-487a95684d23?index=0","high tech style tram, modern technolegy"
"visualsketchbook_physician_of_the_future_11eaa236-b2ca-4dc6-ba8f-77cf3a8996a7_0.png","https://www.midjourney.com/jobs/11eaa236-b2ca-4dc6-ba8f-77cf3a8996a7?index=0","physician of the future"
"visualsketchbook_create_interior_tram_futuristic_blue_ergomom_83a534ec-c0ce-4d14-a3c1-c0b89d070720_3.png","https://www.midjourney.com/jobs/83a534ec-c0ce-4d14-a3c1-c0b89d070720?index=3","create interior tram futuristic, blue, ergomomic, high-tech , modern luxurious, led lighting"
"visualsketchbook_tram_interior_0b3f2a4a-a11d-49c6-ad89-58675173d2d2_1.png","https://www.midjourney.com/jobs/0b3f2a4a-a11d-49c6-ad89-58675173d2d2?index=1","tram interior"
"visualsketchbook_modern_white_interior_of_tram_with_dark_blue_e23c2773-e20f-4c6d-bcba-45937097149d_0.png","https://www.midjourney.com/jobs/e23c2773-e20f-4c6d-bcba-45937097149d?index=0","modern white interior of tram with dark blue elements and orange accents clean open space huge windows"
"visualsketchbook_create_interior_tram_futuristic_green_ergomo_19662513-87da-4850-bb02-26ef9f19078e_2.png","https://www.midjourney.com/jobs/19662513-87da-4850-bb02-26ef9f19078e?index=2","create interior tram futuristic, green, ergomomic, plants, modern luxurious, led lighting"
"visualsketchbook_modern_futuristic_tram_super_fast_and_obliqu_0ee95217-5305-45c1-9a6b-6065b0c411e7_2.png","https://www.midjourney.com/jobs/0ee95217-5305-45c1-9a6b-6065b0c411e7?index=2","modern futuristic tram super fast and oblique in city extraordinary two floors economic ecofriendly independent stylish and new"
"visualsketchbook_future_interior_tram_streamlined_fast_wavy_n_e4397f96-3e82-43ab-9e4a-068d0403ff4e_1.png","https://www.midjourney.com/jobs/e4397f96-3e82-43ab-9e4a-068d0403ff4e?index=1","future, interior tram, streamlined, fast, wavy, navy blue,bladerunner, seaweed, in the city, modern"
"visualsketchbook_colorfull_play_of_light_inside_tram_futurist_757d42ef-cad6-442a-9a80-3f793a6fe4da_1.png","https://www.midjourney.com/jobs/757d42ef-cad6-442a-9a80-3f793a6fe4da?index=1","colorfull play of light inside tram, futuristic, inspire by cosmos"
"visualsketchbook_drops_of_woter_42a951b0-ec14-4538-8e54-68f6a168cbfb_2.png","https://www.midjourney.com/jobs/42a951b0-ec14-4538-8e54-68f6a168cbfb?index=2","drops of woter"
"visualsketchbook_traminterior_inspiration_Poznan_LED_futureli_92af470e-a5aa-4660-85bf-e4bb5c508a21_1.png","https://www.midjourney.com/jobs/92af470e-a5aa-4660-85bf-e4bb5c508a21?index=1","tram,interior, inspiration Poznan, LED, future,light, high tech, modern, japan, comfort"
"visualsketchbook_futuristic_tram_big_windows_geometric_panels_a89efb86-ae68-4c9d-a39d-1e17547921ce_3.png","https://www.midjourney.com/jobs/a89efb86-ae68-4c9d-a39d-1e17547921ce?index=3","futuristic tram, big windows, geometric panels on the exterior, white, tinted windows"
"visualsketchbook_interior_of_future_tram_ergonomic_seats_frie_bf5071ac-2921-4d5b-afea-1dcadc503303_3.png","https://www.midjourney.com/jobs/bf5071ac-2921-4d5b-afea-1dcadc503303?index=3","interior of future tram, ergonomic seats, friendly vibe, light colours, without yellow elements, organic shapes, clear space"
"visualsketchbook_interior_design_of_a_futuristic_tram_with_or_2f7b51cb-5351-469d-bf7a-f744532566be_0.png","https://www.midjourney.com/jobs/2f7b51cb-5351-469d-bf7a-f744532566be?index=0","interior design of a futuristic tram with original panoramic ceiling windows, floor and ceiling lightning, unique seats, visual features, audiovisual system, ergonomic handle"
"visualsketchbook_tram_interior__interesting_modern_complicate_2b8252a3-8465-4441-864d-61414b29b74e_0.png","https://www.midjourney.com/jobs/2b8252a3-8465-4441-864d-61414b29b74e?index=0","tram interior , interesting, modern, complicated shapes, interesting lightning, big windows , handrails and cozy seats"
"visualsketchbook_future_futuristic_tram_streamlined_navy_blue_8373b7ad-8dea-4701-bcce-c58c76af629f_2.png","https://www.midjourney.com/jobs/8373b7ad-8dea-4701-bcce-c58c76af629f?index=2","future, futuristic, tram, streamlined, navy blue, fast, wavy, in the city, modern"
"visualsketchbook_tram_interior_in_dark_shaded_copper_accents__8e8cf0ea-6c51-4075-883d-08a93449069b_0.png","https://www.midjourney.com/jobs/8e8cf0ea-6c51-4075-883d-08a93449069b?index=0","tram interior in dark shaded, copper accents, red leds, modernistic, futuristic, big windows"
"visualsketchbook_light_projections_inside_the_tram_inspired_b_3b2f4c14-9cf9-440d-9bd5-1b31cb038e4d_2.png","https://www.midjourney.com/jobs/3b2f4c14-9cf9-440d-9bd5-1b31cb038e4d?index=2","light projections inside the tram inspired by space and stars"
"visualsketchbook_tram_exterior_in_dark_shaded_streamlined_sha_57d2f21e-08e7-4db4-9e20-d7b9b1a8b1d3_3.png","https://www.midjourney.com/jobs/57d2f21e-08e7-4db4-9e20-d7b9b1a8b1d3?index=3","tram exterior in dark shaded, streamlined shape, copper accents, modernistic, futuristic, big windows"
"visualsketchbook_functionality_sky_way_tram_interior_for_chil_2f840e8a-789e-43f2-98fc-7bc21a4d9f57_3.png","https://www.midjourney.com/jobs/2f840e8a-789e-43f2-98fc-7bc21a4d9f57?index=3","functionality, sky way tram, interior for children tram, city"
"visualsketchbook_futuristic_tram_blue_orange_black_LED_glass__767fed08-2c9b-4309-88c0-fd509168aa8d_2.png","https://www.midjourney.com/jobs/767fed08-2c9b-4309-88c0-fd509168aa8d?index=2","futuristic tram, blue, orange, black, LED, glass, curve shapes, round"
"visualsketchbook_interior_of_tram_biophilic_modern_futuristic_332458a8-bf5c-4cc4-99aa-d2bc9ef464ff_0.png","https://www.midjourney.com/jobs/332458a8-bf5c-4cc4-99aa-d2bc9ef464ff?index=0","interior of tram, biophilic, modern, futuristic, green, funktional, ambient lighting"
"visualsketchbook_tramecobig_windowblueabstrat_seatled_light_f4330595-6462-4410-b6c0-3b1f26d2f443_3.png","https://www.midjourney.com/jobs/f4330595-6462-4410-b6c0-3b1f26d2f443?index=3","tram,eco,big window,blue,abstrat seat,led light"
"visualsketchbook_crooked_lines_1527c6b9-3d0a-4909-99ca-4f24bbe5c590_3.png","https://www.midjourney.com/jobs/1527c6b9-3d0a-4909-99ca-4f24bbe5c590?index=3","crooked lines"
"visualsketchbook_tram_interior__interesting_modern_complicate_2b8252a3-8465-4441-864d-61414b29b74e_1.png","https://www.midjourney.com/jobs/2b8252a3-8465-4441-864d-61414b29b74e?index=1","tram interior , interesting, modern, complicated shapes, interesting lightning, big windows , handrails and cozy seats"
"visualsketchbook_chair_with_light_in_high_tech_style_ea7fcc3c-108a-485b-8dce-e73db1332744_1.png","https://www.midjourney.com/jobs/ea7fcc3c-108a-485b-8dce-e73db1332744?index=1","chair with light in high tech style"
"visualsketchbook_interior_design_of_a_futuristic_tram_with_or_113139bb-c662-40a8-9359-2254934afdbe_1.png","https://www.midjourney.com/jobs/113139bb-c662-40a8-9359-2254934afdbe?index=1","interior design of a futuristic tram with original panoramic ceiling windows, floor and ceiling lightning, unique seats, visual features, audiovisual system, ergonomic handle"
"visualsketchbook_futuristic_modern_tram_communication_people__4b759951-46b1-49ca-b518-7327131b04b5_0.png","https://www.midjourney.com/jobs/4b759951-46b1-49ca-b518-7327131b04b5?index=0","futuristic, modern, tram, communication, people, light, yellow, blue, white, not geometric, interior"
"visualsketchbook_tram_interior_with_seats_spread_out_in_the_m_e06bbfa3-e350-4f8e-a132-4e9acbdae780_0.png","https://www.midjourney.com/jobs/e06bbfa3-e350-4f8e-a132-4e9acbdae780?index=0","tram interior with seats spread out in the middle of tram in the futuristic style"
"visualsketchbook_modern_interior_of_tram_light_futuristic_blu_004bb701-94ea-489b-bf99-df423c8b1c99_2.png","https://www.midjourney.com/jobs/004bb701-94ea-489b-bf99-df423c8b1c99?index=2","modern interior of tram light futuristic blue leds orange elements of interior"
"visualsketchbook_traminterior_inspiration_Poznan_LED_futureli_a0c33e82-234d-4c1c-85b0-95356a343069_0.png","https://www.midjourney.com/jobs/a0c33e82-234d-4c1c-85b0-95356a343069?index=0","tram,interior, inspiration Poznan, LED, future,light, high tech, modern, japan, green"
"visualsketchbook_interior_design_of_a_tram_which_is_ergonomic_d68e0c8e-332d-4888-b1db-3f6c956d0554_0.png","https://www.midjourney.com/jobs/d68e0c8e-332d-4888-b1db-3f6c956d0554?index=0","interior design of a tram which is ergonomic, economical, organic with panoramic ceiling windows, wavy shapes, led amient lighting, natural materials with one contrasting colour"
"visualsketchbook_modern_interior_of_tram_light_futuristic_blu_07e67ea9-abe8-465c-8d8c-21be4325e9e2_3.png","https://www.midjourney.com/jobs/07e67ea9-abe8-465c-8d8c-21be4325e9e2?index=3","modern interior of tram light futuristic blue leds orange elements of interior"
"visualsketchbook_tram_interior_3b62ddd8-c803-47cd-a8aa-f697b7432cda_0.png","https://www.midjourney.com/jobs/3b62ddd8-c803-47cd-a8aa-f697b7432cda?index=0","tram interior"
"visualsketchbook_modern_interior_of_tram_futuristic_67a1fc1a-4bc1-424c-b03d-b43963c1271f_2.png","https://www.midjourney.com/jobs/67a1fc1a-4bc1-424c-b03d-b43963c1271f?index=2","modern interior of tram futuristic"
"visualsketchbook_tram_interior_modern_rings_bionic_style_body_13936a00-5187-40cc-9d4c-3a9de78cb38b_0.png","https://www.midjourney.com/jobs/13936a00-5187-40cc-9d4c-3a9de78cb38b?index=0","tram, interior, modern, rings, bionic style, body of earthworm"
"visualsketchbook_traminterior_inspiration_Poznan_LED_futureli_82988a8f-4aef-4a67-b359-a90796fdaf2e_0.png","https://www.midjourney.com/jobs/82988a8f-4aef-4a67-b359-a90796fdaf2e?index=0","tram,interior, inspiration Poznan, LED, future,light, high tech, modern, japan, comfort"
"visualsketchbook_desing_biophilic_desing_in_the_interior_of_a_36e00745-3b96-4807-84bf-fdbecc1c49b3_1.png","https://www.midjourney.com/jobs/36e00745-3b96-4807-84bf-fdbecc1c49b3?index=1","desing biophilic desing in the interior of a futuristic tram"
"visualsketchbook_high_tech_style_tram_modern_technolegy_3b84b5b8-fe10-40d8-afb0-8e2cbdcacdca_2.png","https://www.midjourney.com/jobs/3b84b5b8-fe10-40d8-afb0-8e2cbdcacdca?index=2","high tech style tram, modern technolegy"
"visualsketchbook_functional_tram_technology_sky_way_tram_fast_1fdc1c03-618b-44a7-80f5-108432d01f53_2.png","https://www.midjourney.com/jobs/1fdc1c03-618b-44a7-80f5-108432d01f53?index=2","functional tram, technology, sky way tram, fast"
"visualsketchbook_modern_interior_of_tram_light_futuristic_blu_392aef36-db59-423d-aac1-0e9483f88869_2.png","https://www.midjourney.com/jobs/392aef36-db59-423d-aac1-0e9483f88869?index=2","modern interior of tram light futuristic blue leds orange elements of interior"
"visualsketchbook_new_tram_interior_af9168f4-6518-4d2d-8233-84b1fd726ad1_1.png","https://www.midjourney.com/jobs/af9168f4-6518-4d2d-8233-84b1fd726ad1?index=1","new tram interior"
"visualsketchbook_minimalism_interior_tram_functionality_light_1c5a30ae-275a-4343-86c8-1435915398f9_1.png","https://www.midjourney.com/jobs/1c5a30ae-275a-4343-86c8-1435915398f9?index=1","minimalism interior tram, functionality, light, komfortable"
"visualsketchbook_colorfull_play_of_light_inside_tram_futurist_9b15747a-af15-4247-96f7-1d861565e240_3.png","https://www.midjourney.com/jobs/9b15747a-af15-4247-96f7-1d861565e240?index=3","colorfull play of light inside tram, futuristic, inspire by cosmos"
"visualsketchbook_imagine_a_tram_interior_sustainability_futur_86fd63e5-9869-4b73-adbd-19f199a3f50e_0.png","https://www.midjourney.com/jobs/86fd63e5-9869-4b73-adbd-19f199a3f50e?index=0","imagine a tram interior, sustainability, future, beige and green colors, ambient lighting, round shapes, big round windows, ceiling and floor lighting, eco, recycling materials, ergonomic, realistic, white floor, fascinating shapes, new technologies, led lighting"
"visualsketchbook_futuristic_tram_interior_in_natural_colors.__9478b03e-1b19-4e83-8e40-db0f25dbf40f_1.png","https://www.midjourney.com/jobs/9478b03e-1b19-4e83-8e40-db0f25dbf40f?index=1","futuristic tram interior in natural colors. copper brancing pipes, seats are in unusual form with organic convex forms and natural form of lighting"
"visualsketchbook_futuristic_tram_interior_in_natural_colors.__0cdbd3c0-eea6-42f8-ac40-d636fe3e5404_1.png","https://www.midjourney.com/jobs/0cdbd3c0-eea6-42f8-ac40-d636fe3e5404?index=1","futuristic tram interior in natural colors. copper brancing pipes, seats are in unusual form"
"visualsketchbook_functionallity_7b9536e7-507f-4833-ad83-207261315dee_2.png","https://www.midjourney.com/jobs/7b9536e7-507f-4833-ad83-207261315dee?index=2","functionallity"
"visualsketchbook_modern_interior_of_tram_futuristic_0be03999-ea8d-49cf-b09b-450d5b8d4c25_0.png","https://www.midjourney.com/jobs/0be03999-ea8d-49cf-b09b-450d5b8d4c25?index=0","modern interior of tram futuristic"
"visualsketchbook_interior_of_future_tram_ergonomic_seats_frie_510475c4-037b-430e-b0fa-497206d34714_0.png","https://www.midjourney.com/jobs/510475c4-037b-430e-b0fa-497206d34714?index=0","interior of future tram, ergonomic seats, friendly vibe"
"visualsketchbook_futuristic_tram_blue_orange_black_LED_glass__a6b7be5c-a11a-463b-83fc-c83362f11ddc_0.png","https://www.midjourney.com/jobs/a6b7be5c-a11a-463b-83fc-c83362f11ddc?index=0","futuristic tram, blue, orange, black, LED, glass, curve shapes, round"
"visualsketchbook_futuristic_modern_and_fast_tram_being_an_art_35d63e91-7f0e-49bc-b7c9-f08689704c2c_0.png","https://www.midjourney.com/jobs/35d63e91-7f0e-49bc-b7c9-f08689704c2c?index=0","futuristic modern and fast tram being an art performance lots of glass and metal soacious interior many seats"
"visualsketchbook_create_interior_tram_futuristic_blue_ergomom_70827a98-b38e-4fad-909a-a1b6cc86f31d_0.png","https://www.midjourney.com/jobs/70827a98-b38e-4fad-909a-a1b6cc86f31d?index=0","create interior tram futuristic, blue, ergomomic, high-tech , modern luxurious, led lighting"
"visualsketchbook_futuristic_tram_simple_minimalistic_shapes_b_a2c4aae4-3f23-4c3b-8e7d-1ee741b53e40_3.png","https://www.midjourney.com/jobs/a2c4aae4-3f23-4c3b-8e7d-1ee741b53e40?index=3","futuristic tram simple minimalistic shapes black metal with green and yellow led big windows"
"visualsketchbook_super_fast_and_futuristic_modern_tram_spacio_a10d74e1-c213-4de2-830c-3222844c859d_0.png","https://www.midjourney.com/jobs/a10d74e1-c213-4de2-830c-3222844c859d?index=0","super fast and futuristic modern tram spacious inside lots of seats big windows natural colors and wood"
"visualsketchbook_the_interior_of_modern_simple_and_futuristic_758d6287-4b2d-4172-b487-c3e871be4dda_2.png","https://www.midjourney.com/jobs/758d6287-4b2d-4172-b487-c3e871be4dda?index=2","the interior of modern, simple and futuristic tram, with glazing and nature"
"visualsketchbook_fast_modern_tram_in_high_tech_style_6afad193-d920-4ec6-9604-8c290fd13f00_0.png","https://www.midjourney.com/jobs/6afad193-d920-4ec6-9604-8c290fd13f00?index=0","fast modern tram in high tech style"
"visualsketchbook_interior_of_future_tram_ergonomic_seats_frie_a0eee501-365f-49ba-8bb8-8f254721c487_1.png","https://www.midjourney.com/jobs/a0eee501-365f-49ba-8bb8-8f254721c487?index=1","interior of future tram, ergonomic seats, friendly vibe, light colours, without yellow elements, organic shapes, clear space"
"visualsketchbook_sky_way_tram_glasses_floor_interior_minimali_e879f19b-56c1-4fb7-ac66-5be80ac4bb44_2.png","https://www.midjourney.com/jobs/e879f19b-56c1-4fb7-ac66-5be80ac4bb44?index=2","sky way tram, glasses floor interior, minimalism, comfortable chairs, functionality"
"visualsketchbook_futuristic_tram_big_windows_geometric_panels_0fcb19f8-18f0-4760-bb67-d93c51e1f639_3.png","https://www.midjourney.com/jobs/0fcb19f8-18f0-4760-bb67-d93c51e1f639?index=3","futuristic tram, big windows, geometric panels on the exterior, white, tinted windows"
"visualsketchbook_futuristic_tram_big_windows_geometric_panels_a89efb86-ae68-4c9d-a39d-1e17547921ce_2.png","https://www.midjourney.com/jobs/a89efb86-ae68-4c9d-a39d-1e17547921ce?index=2","futuristic tram, big windows, geometric panels on the exterior, white, tinted windows"
"visualsketchbook_TRAM_INTERIOR_INSPIRED_BY_COSMOS_SPACE_58e70731-53b8-447c-af23-8b122014f8a6_0.png","https://www.midjourney.com/jobs/58e70731-53b8-447c-af23-8b122014f8a6?index=0","TRAM INTERIOR INSPIRED BY COSMOS SPACE"
"visualsketchbook_modern_interior_of_tram_light_futuristic_blu_a945965a-b8c6-4825-9538-b3a81c2accfe_3.png","https://www.midjourney.com/jobs/a945965a-b8c6-4825-9538-b3a81c2accfe?index=3","modern interior of tram light futuristic blue leds orange elements of interior"
"visualsketchbook_futuristic_modern_and_fast_tram_being_an_art_aa26bcf3-7f51-4a52-9a9c-866b6900f4c3_3.png","https://www.midjourney.com/jobs/aa26bcf3-7f51-4a52-9a9c-866b6900f4c3?index=3","futuristic modern and fast tram being an art performance lots of glass and metal soacious interior many seats"
"visualsketchbook_tram_interior__interesting_plants_modern_com_c8797025-4938-4ce6-888c-d0c9fb2b8b58_0.png","https://www.midjourney.com/jobs/c8797025-4938-4ce6-888c-d0c9fb2b8b58?index=0","tram interior , interesting, plants, modern, complicated shapes, interesting lightning, big windows , handrails and cozy seats"
"visualsketchbook_interior_of_tram_biophilic_futuristic_funkti_efd5ff57-d4e2-4e10-9c2b-6d53e8729dfb_2.png","https://www.midjourney.com/jobs/efd5ff57-d4e2-4e10-9c2b-6d53e8729dfb?index=2","interior of tram, biophilic, futuristic, funktional, cirkle, led lighting, big windows, new technologies, dark green colours"
"visualsketchbook_tram_interior_modern_body_of_earthworm_bioni_aaa2885a-2152-4703-b4dd-9ac52ac5a3ea_2.png","https://www.midjourney.com/jobs/aaa2885a-2152-4703-b4dd-9ac52ac5a3ea?index=2","tram, interior, modern, body of earthworm, bionic shapes, colorful, lighting, rings, seats, bionic style"
"visualsketchbook_modern_streamline_tram_interior_in_natural_c_886cc224-af2f-42cf-ad87-c8740592f58b_2.png","https://www.midjourney.com/jobs/886cc224-af2f-42cf-ad87-c8740592f58b?index=2","modern streamline tram interior in natural colors, copper pipes and seats in unusual forms"
"visualsketchbook_futuristic_modern_and_fast_tram_being_an_art_aa26bcf3-7f51-4a52-9a9c-866b6900f4c3_2.png","https://www.midjourney.com/jobs/aa26bcf3-7f51-4a52-9a9c-866b6900f4c3?index=2","futuristic modern and fast tram being an art performance lots of glass and metal soacious interior many seats"
"visualsketchbook_hospital_of_the_future_--v_6.0_6a188d3d-a217-4a3a-baef-db93212e71b0_0.png","https://www.midjourney.com/jobs/6a188d3d-a217-4a3a-baef-db93212e71b0?index=0","hospital of the future"
"visualsketchbook_traminterior_inspiration_Poznan_LED_futureli_b2ace792-27ff-40b3-9482-de5429472495_2.png","https://www.midjourney.com/jobs/b2ace792-27ff-40b3-9482-de5429472495?index=2","tram,interior, inspiration Poznan, LED, future,light, high tech, modern, japan, green"
"visualsketchbook_interior_design_of_a_tram_which_is_ergonomic_8c0dda68-05e5-4845-aeff-99d13d186908_0.png","https://www.midjourney.com/jobs/8c0dda68-05e5-4845-aeff-99d13d186908?index=0","interior design of a tram which is ergonomic, economical, organic with panoramic ceiling windows, wavy shapes, led amient lighting, natural materials with one contrasting colour"
"visualsketchbook_tram_interior_future_streamlined_shape_moder_8b60480c-09e0-439b-8343-7a71cf8359ef_0.png","https://www.midjourney.com/jobs/8b60480c-09e0-439b-8343-7a71cf8359ef?index=0","tram interior, future, streamlined shape, modernist, futuristic, rhythm, white rhythm panels, 3d printing, panoramic window, warm light, woodeen floor, plants"
"visualsketchbook_interior_of_future_tram_ergonomic_seats_frie_1a1166aa-baae-4fff-92f3-6d3dbcae6e76_0.png","https://www.midjourney.com/jobs/1a1166aa-baae-4fff-92f3-6d3dbcae6e76?index=0","interior of future tram, ergonomic seats, friendly vibe"
"visualsketchbook_minimalism_interior_tram_functionality_light_a390867d-d9d6-4f55-b034-54f19192817a_0.png","https://www.midjourney.com/jobs/a390867d-d9d6-4f55-b034-54f19192817a?index=0","minimalism interior tram, functionality, light, komfortable"
"visualsketchbook_futurystic_design_of_tram_interior_with_orga_d092725e-56e1-4a66-8a3f-b1c1769550c7_1.png","https://www.midjourney.com/jobs/d092725e-56e1-4a66-8a3f-b1c1769550c7?index=1","futurystic design of tram interior with organic convex form of lighting an windows"
"visualsketchbook_future_tram_interior_streamlined_fast_wavy_b_ec76f7a9-fc28-4a4e-9fde-0e9ac1007c4d_2.png","https://www.midjourney.com/jobs/ec76f7a9-fc28-4a4e-9fde-0e9ac1007c4d?index=2","future, tram interior, streamlined, fast, wavy, brown, sand colors, navy blue, bone structure,bladerunner, seaweed"
"visualsketchbook_TRAM_INTERIOR_INSPIRED_BY_COSMOS_SPACE_1dc49e7c-5238-4222-a2da-2edaf8587f2a_0.png","https://www.midjourney.com/jobs/1dc49e7c-5238-4222-a2da-2edaf8587f2a?index=0","TRAM INTERIOR INSPIRED BY COSMOS SPACE"
"visualsketchbook_futurystic_design_of_tram_interior_with_orga_790329ca-1411-4648-a229-271625c966a3_1.png","https://www.midjourney.com/jobs/790329ca-1411-4648-a229-271625c966a3?index=1","futurystic design of tram interior with organic convex form of lighting an windows"
"visualsketchbook_super_fast_and_futuristic_modern_tram_spacio_35569c1c-7ab4-4268-aafc-e1a48ef6daf6_2.png","https://www.midjourney.com/jobs/35569c1c-7ab4-4268-aafc-e1a48ef6daf6?index=2","super fast and futuristic modern tram spacious inside lots of seats big windows natural colors and wood"
"visualsketchbook_interior_of_futurystic_tram_with_glass_windo_f877a603-f2fe-4e35-a59b-e94c585d7148_3.png","https://www.midjourney.com/jobs/f877a603-f2fe-4e35-a59b-e94c585d7148?index=3","interior of futurystic tram with glass windows reference to structure of plants in grey and lighty colors"
"visualsketchbook_light_projections_inside_the_tram_inspired_b_3d09fbd1-69ea-4456-afb2-fd063ef6a3cb_1.png","https://www.midjourney.com/jobs/3d09fbd1-69ea-4456-afb2-fd063ef6a3cb?index=1","light projections inside the tram inspired by space and stars"
"visualsketchbook_luxury_glass_77bc38e3-0336-4195-8feb-90770632bea2_1.png","https://www.midjourney.com/jobs/77bc38e3-0336-4195-8feb-90770632bea2?index=1","luxury glass"
"visualsketchbook_futuristic_tram_interior_blue_orange_black_L_288d0134-2be4-427e-9553-1b69be866c4c_0.png","https://www.midjourney.com/jobs/288d0134-2be4-427e-9553-1b69be866c4c?index=0","futuristic tram interior, blue, orange, black, LED, glass, curve shapes, round, daylight, seen from outside"
"visualsketchbook_chair_with_light_in_high_tech_style_ea7fcc3c-108a-485b-8dce-e73db1332744_3.png","https://www.midjourney.com/jobs/ea7fcc3c-108a-485b-8dce-e73db1332744?index=3","chair with light in high tech style"
"visualsketchbook_interior_of_future_tram_ergonomic_seats_frie_82f8d556-0585-4270-9d6e-b4aa48aa1fbe_0.png","https://www.midjourney.com/jobs/82f8d556-0585-4270-9d6e-b4aa48aa1fbe?index=0","interior of future tram, ergonomic seats, friendly vibe, light colours, without yellow elements, organic shapes, clear space"
"visualsketchbook_minimalism_interior_tram_functionality_light_bbf813d4-d2f2-44c9-98bb-ea85a8d852d3_1.png","https://www.midjourney.com/jobs/bbf813d4-d2f2-44c9-98bb-ea85a8d852d3?index=1","minimalism interior tram, functionality, light, komfortable"
"visualsketchbook_futuristic_modern_tram_communication_people__9c97e5ac-0f62-4f63-b071-d61e4eb86454_1.png","https://www.midjourney.com/jobs/9c97e5ac-0f62-4f63-b071-d61e4eb86454?index=1","futuristic, modern, tram, communication, people, light, yellow, blue, white, not geometric, interior, ergonomic"
"visualsketchbook_futuristic_tram_interior_blue_orange_black_L_97835eff-3626-4d20-bcca-5c78f14f197c_0.png","https://www.midjourney.com/jobs/97835eff-3626-4d20-bcca-5c78f14f197c?index=0","futuristic tram interior, blue, orange, black, LED, glass, curve shapes, round, daylight"
"visualsketchbook_new_tram_interior_af9168f4-6518-4d2d-8233-84b1fd726ad1_3.png","https://www.midjourney.com/jobs/af9168f4-6518-4d2d-8233-84b1fd726ad1?index=3","new tram interior"
"visualsketchbook_create_interior_tram_futuristic_green_ergomo_4e10553f-b0e5-4359-a3c2-a3a7bc68174f_0.png","https://www.midjourney.com/jobs/4e10553f-b0e5-4359-a3c2-a3a7bc68174f?index=0","create interior tram futuristic, green, ergomomic, plants, modern luxurious, led lighting"
"visualsketchbook_futuristic_streamline_tram_interior_with_org_71a240e9-2ddd-4336-8c36-b2373f420cb2_2.png","https://www.midjourney.com/jobs/71a240e9-2ddd-4336-8c36-b2373f420cb2?index=2","futuristic streamline tram interior with organic convex forms and natural form of lighting"
"visualsketchbook_futuristic_tram_streamlined_cozy_piet_mondia_96a19210-0138-433d-8d7c-35ee6c8ec40b_2.png","https://www.midjourney.com/jobs/96a19210-0138-433d-8d7c-35ee6c8ec40b?index=2","futuristic tram streamlined cozy, piet mondian inspired, handrails, seats, colourful, fast, night scene, lights, unique design"
"visualsketchbook_tram_body_of_earthworm_modern_bionic_shapes__255a0dbc-637b-41b1-b780-4ccd29e3bffc_2.png","https://www.midjourney.com/jobs/255a0dbc-637b-41b1-b780-4ccd29e3bffc?index=2","tram, body of earthworm, modern, bionic shapes, seats, rings"
"visualsketchbook_new_tram_interior_a27a570f-05fd-4d50-aa59-f84b4cbae2af_1.png","https://www.midjourney.com/jobs/a27a570f-05fd-4d50-aa59-f84b4cbae2af?index=1","new tram interior"
"visualsketchbook_futuristic_tram_big_windows_geometric_panels_0fcb19f8-18f0-4760-bb67-d93c51e1f639_0.png","https://www.midjourney.com/jobs/0fcb19f8-18f0-4760-bb67-d93c51e1f639?index=0","futuristic tram, big windows, geometric panels on the exterior, white, tinted windows"
"visualsketchbook_modern_interior_of_tram_light_futuristic_blu_a945965a-b8c6-4825-9538-b3a81c2accfe_2.png","https://www.midjourney.com/jobs/a945965a-b8c6-4825-9538-b3a81c2accfe?index=2","modern interior of tram light futuristic blue leds orange elements of interior"
"visualsketchbook_create_interior_tram_futuristic_blue_green_b_16d42969-0407-49cf-a8fa-a6d6ca0742a8_1.png","https://www.midjourney.com/jobs/16d42969-0407-49cf-a8fa-a6d6ca0742a8?index=1","create interior tram futuristic, blue, green, black , ergomomic, plants, modern luxurious, led lighting, multi-functional, elegant"
"visualsketchbook_tram_interior_futuristic_cyberpunk_style_geo_c7a208c7-5366-4504-adbd-c7647137d801_0.png","https://www.midjourney.com/jobs/c7a208c7-5366-4504-adbd-c7647137d801?index=0","tram interior, futuristic, cyberpunk style, geometric forms, seating"
"visualsketchbook_future_tram_interior_streamlined_fast_wavy_b_ec76f7a9-fc28-4a4e-9fde-0e9ac1007c4d_0.png","https://www.midjourney.com/jobs/ec76f7a9-fc28-4a4e-9fde-0e9ac1007c4d?index=0","future, tram interior, streamlined, fast, wavy, brown, sand colors, navy blue, bone structure,bladerunner, seaweed"
"visualsketchbook_future_tram_streamlined_fast_wavy_brown_sand_f327f565-e47d-4db8-856f-eef728c4be76_3.png","https://www.midjourney.com/jobs/f327f565-e47d-4db8-856f-eef728c4be76?index=3","future, tram, streamlined, fast, wavy, brown, sand colors, navy blue, bone structure, water creatures, whale,bladerunner, seaweed"
"visualsketchbook_futuristic_streamline_tram_interior_with_org_71a240e9-2ddd-4336-8c36-b2373f420cb2_0.png","https://www.midjourney.com/jobs/71a240e9-2ddd-4336-8c36-b2373f420cb2?index=0","futuristic streamline tram interior with organic convex forms and natural form of lighting"
"visualsketchbook_modern_interior_of_tram_light_futuristic_blu_392aef36-db59-423d-aac1-0e9483f88869_1.png","https://www.midjourney.com/jobs/392aef36-db59-423d-aac1-0e9483f88869?index=1","modern interior of tram light futuristic blue leds orange elements of interior"
"visualsketchbook_modern_interior_of_tram_light_futuristic_blu_07e67ea9-abe8-465c-8d8c-21be4325e9e2_0.png","https://www.midjourney.com/jobs/07e67ea9-abe8-465c-8d8c-21be4325e9e2?index=0","modern interior of tram light futuristic blue leds orange elements of interior"
"visualsketchbook_imagine_a_tram_interior_sustainability_futur_fed8d289-a11d-4c52-bba1-fd1adedac99e_0.png","https://www.midjourney.com/jobs/fed8d289-a11d-4c52-bba1-fd1adedac99e?index=0","imagine a tram interior, sustainability, future, beige and dark green colors, ambient lighting, round shapes, big windows, ceiling and floor lighting, eco, recycling materials, ergonomic, realistic, white floor, fascinating shapes, interesting chairs, people"
"visualsketchbook_interior_of_tram_biophilic_modern_futuristic_c0b84925-bd5d-4a31-b593-58857d750922_2.png","https://www.midjourney.com/jobs/c0b84925-bd5d-4a31-b593-58857d750922?index=2","interior of tram, biophilic, modern, futuristic, green, funktional, ambient lighting"
"visualsketchbook_functional_tram_technology_sky_way_tram_fast_f589b667-c248-47ab-aa82-344694c968e2_0.png","https://www.midjourney.com/jobs/f589b667-c248-47ab-aa82-344694c968e2?index=0","functional tram, technology, sky way tram, fast"
"visualsketchbook_the_interior_of_modern_simple_and_futuristic_19f8d6f2-34ff-4132-8832-f356faecc66d_1.png","https://www.midjourney.com/jobs/19f8d6f2-34ff-4132-8832-f356faecc66d?index=1","the interior of modern, simple and futuristic tram, with glazing and nature"
"visualsketchbook_future_tram_streamlined_fast_wavy_brown_sand_f327f565-e47d-4db8-856f-eef728c4be76_1.png","https://www.midjourney.com/jobs/f327f565-e47d-4db8-856f-eef728c4be76?index=1","future, tram, streamlined, fast, wavy, brown, sand colors, navy blue, bone structure, water creatures, whale,bladerunner, seaweed"
"visualsketchbook_future_futuristic_tram_streamlined_navy_blue_8373b7ad-8dea-4701-bcce-c58c76af629f_1.png","https://www.midjourney.com/jobs/8373b7ad-8dea-4701-bcce-c58c76af629f?index=1","future, futuristic, tram, streamlined, navy blue, fast, wavy, in the city, modern"
"visualsketchbook_future_tram_streamlined_designer_round_singl_fb9f114f-2981-4ec8-82fc-063af04fb457_3.png","https://www.midjourney.com/jobs/fb9f114f-2981-4ec8-82fc-063af04fb457?index=3","future tram streamlined designer round single chair linear light on ceiling big window futuristic"
"visualsketchbook_create_interior_tram_futuristic_blue_ergomom_83a534ec-c0ce-4d14-a3c1-c0b89d070720_0.png","https://www.midjourney.com/jobs/83a534ec-c0ce-4d14-a3c1-c0b89d070720?index=0","create interior tram futuristic, blue, ergomomic, high-tech , modern luxurious, led lighting"
"visualsketchbook_modern_interior_of_tram_light_futuristic_blu_07e67ea9-abe8-465c-8d8c-21be4325e9e2_1.png","https://www.midjourney.com/jobs/07e67ea9-abe8-465c-8d8c-21be4325e9e2?index=1","modern interior of tram light futuristic blue leds orange elements of interior"
"visualsketchbook_tram_interior_fast_unique_forms_toned_colour_6c33d814-b8a3-48b5-b965-c60b5a5119e4_0.png","https://www.midjourney.com/jobs/6c33d814-b8a3-48b5-b965-c60b5a5119e4?index=0","tram interior, fast, unique forms, toned colours, wood, water, metal, light accent"
"visualsketchbook_futuristic_modern_tram_communication_people__d032119a-a05b-4164-b05d-24face6bc2d1_0.png","https://www.midjourney.com/jobs/d032119a-a05b-4164-b05d-24face6bc2d1?index=0","futuristic, modern, tram, communication, people, light, yellow, blue, white, not geometric, ahead tram"
"visualsketchbook_futuristic_tram_interior_in_natural_colors.__77364d41-23ef-4d16-9aac-864f92d43562_2.png","https://www.midjourney.com/jobs/77364d41-23ef-4d16-9aac-864f92d43562?index=2","futuristic tram interior in natural colors. copper brancing pipes, seats are in unusual form"
"visualsketchbook_interior_of_futurystic_tram_with_glass_windo_1ad851a9-49e3-43c8-b19d-07d8a9bad3ae_0.png","https://www.midjourney.com/jobs/1ad851a9-49e3-43c8-b19d-07d8a9bad3ae?index=0","interior of futurystic tram with glass windows reference to structure of plants in grey and lighty colors"
"visualsketchbook_interior_design_of_a_tram_which_is_ergonomic_935c8f25-1f99-42e5-b994-7f526144f2f1_0.png","https://www.midjourney.com/jobs/935c8f25-1f99-42e5-b994-7f526144f2f1?index=0","interior design of a tram which is ergonomic, economical, organic with panoramic ceiling windows, wavy shapes, led amient lighting, natural materials with one contrasting colour"
"visualsketchbook_future_interior_tram_streamlined_fast_wavy_n_a2877701-4a91-4162-8891-f59c0ce17fce_3.png","https://www.midjourney.com/jobs/a2877701-4a91-4162-8891-f59c0ce17fce?index=3","future, interior tram, streamlined, fast, wavy, navy blue,bladerunner, seaweed, in the city, modern"
"visualsketchbook_interior_of_futuristic_tram_with_big_windows_3c80d040-2646-4fd0-bce7-ce929cc9b9b1_0.png","https://www.midjourney.com/jobs/3c80d040-2646-4fd0-bce7-ce929cc9b9b1?index=0","interior of futuristic tram with big windows, patterned minimalistic floor, green beige colors, artistic handrails, screen on windows"
"visualsketchbook_tramecobig_windowblueabstrat_seatled_light_f4330595-6462-4410-b6c0-3b1f26d2f443_2.png","https://www.midjourney.com/jobs/f4330595-6462-4410-b6c0-3b1f26d2f443?index=2","tram,eco,big window,blue,abstrat seat,led light"
"visualsketchbook_interior_of_modern_futuristic_simple_tram_wi_5b2e6a56-a8af-40df-9d8b-7c02ebdb1f5f_0.png","https://www.midjourney.com/jobs/5b2e6a56-a8af-40df-9d8b-7c02ebdb1f5f?index=0","interior of modern, futuristic, simple tram with glazing"
"visualsketchbook_interior_of_futurystic_tram_with_glass_windo_f877a603-f2fe-4e35-a59b-e94c585d7148_2.png","https://www.midjourney.com/jobs/f877a603-f2fe-4e35-a59b-e94c585d7148?index=2","interior of futurystic tram with glass windows reference to structure of plants in grey and lighty colors"
"visualsketchbook_futurisic_streamline_tram_exterior_in_natura_29d3c61c-01a2-46a4-b7f4-8958580ebc48_3.png","https://www.midjourney.com/jobs/29d3c61c-01a2-46a4-b7f4-8958580ebc48?index=3","futurisic streamline tram exterior in natural colors"
"visualsketchbook_futuristic_tram_simple_minimalistic_shapes_b_a2c4aae4-3f23-4c3b-8e7d-1ee741b53e40_1.png","https://www.midjourney.com/jobs/a2c4aae4-3f23-4c3b-8e7d-1ee741b53e40?index=1","futuristic tram simple minimalistic shapes black metal with green and yellow led big windows"
"visualsketchbook_tram_interior_in_dark_shaded_streamlined_sha_5703c87e-2c46-420b-9d2d-d461f946ff76_0.png","https://www.midjourney.com/jobs/5703c87e-2c46-420b-9d2d-d461f946ff76?index=0","tram interior in dark shaded, streamlined shape, copper accents, red leds, modernistic, futuristic, big windows"
"visualsketchbook_funkcionality_of_modern_tram_b23dfb84-1f79-4109-8340-4e51a4e5ce80_3.png","https://www.midjourney.com/jobs/b23dfb84-1f79-4109-8340-4e51a4e5ce80?index=3","funkcionality of modern tram"
"visualsketchbook_the_interior_of_modern_simple_and_futuristic_cd6cb88e-609b-41b5-aa70-79bb4e35177a_0.png","https://www.midjourney.com/jobs/cd6cb88e-609b-41b5-aa70-79bb4e35177a?index=0","the interior of modern, simple and futuristic tram, with glazing and nature"
"visualsketchbook_minimalistic_tram_interior_and_exterior_desi_c38ed139-07c1-4d69-ba06-acf6d82baf09_2.png","https://www.midjourney.com/jobs/c38ed139-07c1-4d69-ba06-acf6d82baf09?index=2","minimalistic tram interior and exterior design organic architectural forms, modern materials, natural, organic handrails and setas, toned colours, glass"
"visualsketchbook_funkcionality_of_modern_tram_b23dfb84-1f79-4109-8340-4e51a4e5ce80_1.png","https://www.midjourney.com/jobs/b23dfb84-1f79-4109-8340-4e51a4e5ce80?index=1","funkcionality of modern tram"
"visualsketchbook_interior_of_tram_biophilic_modern_futuristic_332458a8-bf5c-4cc4-99aa-d2bc9ef464ff_3.png","https://www.midjourney.com/jobs/332458a8-bf5c-4cc4-99aa-d2bc9ef464ff?index=3","interior of tram, biophilic, modern, futuristic, green, funktional, ambient lighting"
"visualsketchbook_minimalistic_tram_interior_and_exterior_desi_febb6333-0120-4793-8e4c-d7fcab26a64a_0.png","https://www.midjourney.com/jobs/febb6333-0120-4793-8e4c-d7fcab26a64a?index=0","minimalistic tram interior and exterior design organic architectural forms, modern materials, natural, organic handrails and setas, toned colours, glass"
"visualsketchbook_ergonomics_chairs_ea2436b7-fb29-4135-b404-cd106c507c15_1.png","https://www.midjourney.com/jobs/ea2436b7-fb29-4135-b404-cd106c507c15?index=1","ergonomics chairs"
"visualsketchbook_futuristic_tram_interior_with_organic_light__23d30b7d-e75d-40ce-a142-fb4e35a195e6_0.png","https://www.midjourney.com/jobs/23d30b7d-e75d-40ce-a142-fb4e35a195e6?index=0","futuristic tram interior with organic light, cyberpank, cosmos"
"visualsketchbook_tram_body_of_earthworm_modern_bionic_shapes__c871900e-a950-4fdf-8914-a9608a3ac734_0.png","https://www.midjourney.com/jobs/c871900e-a950-4fdf-8914-a9608a3ac734?index=0","tram, body of earthworm, modern, bionic shapes, seats, rings"
"visualsketchbook_modern_streamline_tram_interior_in_natural_c_886cc224-af2f-42cf-ad87-c8740592f58b_0.png","https://www.midjourney.com/jobs/886cc224-af2f-42cf-ad87-c8740592f58b?index=0","modern streamline tram interior in natural colors, copper pipes and seats in unusual forms"
"visualsketchbook_futuristic_tram_stained_glass_window_huge_wi_d8a5e597-9d88-49dc-8ab7-efc746cbea38_1.png","https://www.midjourney.com/jobs/d8a5e597-9d88-49dc-8ab7-efc746cbea38?index=1","futuristic tram stained glass window huge window ten seats round seats"
"visualsketchbook_tram_inspiration_Poznan_LED_future_high_tech_b1da2b5c-7294-462a-84c7-d3be0374e536_2.png","https://www.midjourney.com/jobs/b1da2b5c-7294-462a-84c7-d3be0374e536?index=2","tram, inspiration Poznan, LED, future, high tech, modern, japan"
"visualsketchbook_tram_interior_with_seats_spread_out_in_the_m_eb75a00a-6a10-476b-8b3a-1ee9114d1e60_0.png","https://www.midjourney.com/jobs/eb75a00a-6a10-476b-8b3a-1ee9114d1e60?index=0","tram interior with seats spread out in the middle of tram in the futuristic style"
"visualsketchbook_futuristic_modern_tram_communication_people__7ce0d0b6-a21d-4c5f-a848-15eecee24e58_1.png","https://www.midjourney.com/jobs/7ce0d0b6-a21d-4c5f-a848-15eecee24e58?index=1","futuristic, modern, tram, communication, people, light, yellow, blue, white, not geometric,"
"visualsketchbook_desing_biophilic_desing_in_the_interior_of_a_36e00745-3b96-4807-84bf-fdbecc1c49b3_2.png","https://www.midjourney.com/jobs/36e00745-3b96-4807-84bf-fdbecc1c49b3?index=2","desing biophilic desing in the interior of a futuristic tram"
"visualsketchbook_imagine_an_ergonomic_tram_seat_white_realist_11561ccd-c5e5-4de5-b96d-55a47b6e815e_2.png","https://www.midjourney.com/jobs/11561ccd-c5e5-4de5-b96d-55a47b6e815e?index=2","imagine an ergonomic tram seat, white, realistic, ambient lighting, wood,"
"visualsketchbook_light_projections_inside_the_tram_inspired_b_4b012fed-0417-4727-b774-10efcc1264e0_0.png","https://www.midjourney.com/jobs/4b012fed-0417-4727-b774-10efcc1264e0?index=0","light projections inside the tram inspired by space and stars"
"visualsketchbook_imagine_a_tram_interior_sustainability_futur_3b52bd1c-7452-4861-ac84-a11b363ae144_2.png","https://www.midjourney.com/jobs/3b52bd1c-7452-4861-ac84-a11b363ae144?index=2","imagine a tram interior, sustainability, future, beige and white colors, ambient lighting, round shapes, big windows, ceiling and floor lighting, eco, recycling materials, ergonomic, realistic, white floor, fascinating shapes, new technologies,"
"visualsketchbook_colorfull_play_of_light_inside_tram_futurist_063cf969-83bf-4a07-b8a3-5851d50bd75e_1.png","https://www.midjourney.com/jobs/063cf969-83bf-4a07-b8a3-5851d50bd75e?index=1","colorfull play of light inside tram, futuristic, inspire by cosmos"
"visualsketchbook_future_tram_modern_streamlined_new_design_re_76d439b1-6677-4cd5-892e-d6ea870cf2aa_1.png","https://www.midjourney.com/jobs/76d439b1-6677-4cd5-892e-d6ea870cf2aa?index=1","future tram modern streamlined new design red colour led round parametric 2 seats"
"visualsketchbook_tram_interior_future_streamlined_shape_moder_f85e97f8-b664-44e0-a8e2-c7a7de86d559_0.png","https://www.midjourney.com/jobs/f85e97f8-b664-44e0-a8e2-c7a7de86d559?index=0","tram interior, future, streamlined shape, modernist, futuristic, rhythm, white rhythm panels, 3d printing, panoramic window, warm light, woodeen floor, plants"
"visualsketchbook_interior_of_tram_biophilic_futuristic_funkti_efd5ff57-d4e2-4e10-9c2b-6d53e8729dfb_3.png","https://www.midjourney.com/jobs/efd5ff57-d4e2-4e10-9c2b-6d53e8729dfb?index=3","interior of tram, biophilic, futuristic, funktional, cirkle, led lighting, big windows, new technologies, dark green colours"
"visualsketchbook_tram_exterior_in_dark_shaded_streamlined_sha_a1694bca-d5b2-4d05-9350-41b40ca4ef53_0.png","https://www.midjourney.com/jobs/a1694bca-d5b2-4d05-9350-41b40ca4ef53?index=0","tram exterior in dark shaded, streamlined shape, copper accents, red leds, modernistic, futuristic, big windows"
"visualsketchbook_interior_design_of_a_futuristic_tram_with_or_6d85e643-f25a-4018-9723-d182138889ba_3.png","https://www.midjourney.com/jobs/6d85e643-f25a-4018-9723-d182138889ba?index=3","interior design of a futuristic tram with original panoramic ceiling windows, floor and ceiling lightning, unique seats, visual features, audiovisual system, ergonomic handle"
"visualsketchbook_interior_design_of_a_tram_which_is_ergonomic_e2a90996-ca1e-4747-8b1b-42e505bab162_3.png","https://www.midjourney.com/jobs/e2a90996-ca1e-4747-8b1b-42e505bab162?index=3","interior design of a tram which is ergonomic, economical, organic with panoramic ceiling windows, wavy shapes, led amient lighting, natural materials with one contrasting colour"
"visualsketchbook_interior_design_of_a_tram_which_is_ergonomic_59a9ddc5-c9dc-4914-8373-ac1b71f9f75f_0.png","https://www.midjourney.com/jobs/59a9ddc5-c9dc-4914-8373-ac1b71f9f75f?index=0","interior design of a tram which is ergonomic, economical, organic with panoramic ceiling windows, wavy shapes, led amient lighting, natural materials with one contrasting colour"
"visualsketchbook_create_interior_tram_futuristic_green_ergomo_40cb5e89-bb03-454a-9c1b-159e09a146d2_2.png","https://www.midjourney.com/jobs/40cb5e89-bb03-454a-9c1b-159e09a146d2?index=2","create interior tram futuristic, green, ergomomic, plants, modern luxurious, led lighting"
"visualsketchbook_tram_interior_future_streamlined_shape_moder_e6a3affa-4ccd-4016-b8b3-1cbb41f48d92_1.png","https://www.midjourney.com/jobs/e6a3affa-4ccd-4016-b8b3-1cbb41f48d92?index=1","tram interior, future, streamlined shape, modernist, futuristic, rhythm, white rhythm panels, panoramic window"
"visualsketchbook_physician_of_the_future_ad945c49-0299-4c33-af1b-040847de32e5_1.png","https://www.midjourney.com/jobs/ad945c49-0299-4c33-af1b-040847de32e5?index=1","physician of the future"
"visualsketchbook_functional_tram_technology_sky_way_tram_fast_1fdc1c03-618b-44a7-80f5-108432d01f53_3.png","https://www.midjourney.com/jobs/1fdc1c03-618b-44a7-80f5-108432d01f53?index=3","functional tram, technology, sky way tram, fast"
"visualsketchbook_futuristic_streamline_tram_exterior_in_natur_5b85c7ca-1561-4a91-b01e-fd7cea22a14d_0.png","https://www.midjourney.com/jobs/5b85c7ca-1561-4a91-b01e-fd7cea22a14d?index=0","futuristic streamline tram exterior in natural light colors"
"visualsketchbook_interior_of_futuristic_tram_with_big_windows_7750f05a-e66f-4b2b-af13-e1732f72c623_0.png","https://www.midjourney.com/jobs/7750f05a-e66f-4b2b-af13-e1732f72c623?index=0","interior of futuristic tram with big windows, patterned minimalistic floor, green beige colors, artistic handrails, screen on windows"
"visualsketchbook_create_interior_tram_futuristic_green_ergomo_40cb5e89-bb03-454a-9c1b-159e09a146d2_0.png","https://www.midjourney.com/jobs/40cb5e89-bb03-454a-9c1b-159e09a146d2?index=0","create interior tram futuristic, green, ergomomic, plants, modern luxurious, led lighting"
"visualsketchbook_create_interior_tram_futuristic_blue_ergomom_4d6df25d-c3cd-4a85-a1fb-423dc1bcb1ec_0.png","https://www.midjourney.com/jobs/4d6df25d-c3cd-4a85-a1fb-423dc1bcb1ec?index=0","create interior tram futuristic, blue, ergomomic, high-tech , modern luxurious, led lighting"
"visualsketchbook_exterior_of_the_tram_inspired_by_speed_and_f_8b8b1af4-015c-40cd-9d66-03944faf60d2_1.png","https://www.midjourney.com/jobs/8b8b1af4-015c-40cd-9d66-03944faf60d2?index=1","exterior of the tram inspired by speed and futuristic cosmos space"
"visualsketchbook_modern_streamline_tram_interior_in_natural_c_886cc224-af2f-42cf-ad87-c8740592f58b_3.png","https://www.midjourney.com/jobs/886cc224-af2f-42cf-ad87-c8740592f58b?index=3","modern streamline tram interior in natural colors, copper pipes and seats in unusual forms"
"visualsketchbook_modern_simple_future_futuristic_tram_in_fron_41653c50-8097-4a06-b879-415188c30925_2.png","https://www.midjourney.com/jobs/41653c50-8097-4a06-b879-415188c30925?index=2","modern, simple, future, futuristic tram in front"
"visualsketchbook_tram_exterior_natural_organic_shapes_big_win_71b59c97-4448-4310-8e25-cf0502a185f8_1.png","https://www.midjourney.com/jobs/71b59c97-4448-4310-8e25-cf0502a185f8?index=1","tram exterior, natural, organic shapes, big windows, fast, streamlined, toned colours, city"
"visualsketchbook_interior_of_future_tram_ergonomic_seats_frie_a9af9f36-619c-47a9-93cb-8cc85d6ae250_1.png","https://www.midjourney.com/jobs/a9af9f36-619c-47a9-93cb-8cc85d6ae250?index=1","interior of future tram, ergonomic seats, friendly vibe, light colours, without yellow elements, organic shapes, clear space"
"visualsketchbook_futuristic_streamline_tram_interior_in_natur_347d4932-122b-426f-802c-0418fd825fd0_3.png","https://www.midjourney.com/jobs/347d4932-122b-426f-802c-0418fd825fd0?index=3","futuristic streamline tram interior in natural olive green colors. copper brancing pipes, seats have unusual form"
"visualsketchbook_futuristic_tram_big_windows_geometric_panels_0fcb19f8-18f0-4760-bb67-d93c51e1f639_2.png","https://www.midjourney.com/jobs/0fcb19f8-18f0-4760-bb67-d93c51e1f639?index=2","futuristic tram, big windows, geometric panels on the exterior, white, tinted windows"
"visualsketchbook_futuristic_modern_tram_communication_people__45b5ff2e-3802-43b4-aef2-03359255b382_2.png","https://www.midjourney.com/jobs/45b5ff2e-3802-43b4-aef2-03359255b382?index=2","futuristic, modern, tram, communication, people, light, yellow, blue, white, not geometric,"
"visualsketchbook_interior_of_tram_with_glass_windows_referenc_66b63808-246c-4380-9d6c-67a0361c1b77_2.png","https://www.midjourney.com/jobs/66b63808-246c-4380-9d6c-67a0361c1b77?index=2","interior of tram with glass windows reference to plants and their structure"
"visualsketchbook_future_interior_tram_streamlined_fast_wavy_b_1ae64f88-6b80-4b96-9766-f6314e3ffaa6_0.png","https://www.midjourney.com/jobs/1ae64f88-6b80-4b96-9766-f6314e3ffaa6?index=0","future, interior tram, streamlined, fast, wavy, brown, in the city, modern, liquid, bubbles"
"visualsketchbook_futuristic_tram_interior_in_natural_colors.__161bb535-1f58-47fb-9421-84c4accc70f9_0.png","https://www.midjourney.com/jobs/161bb535-1f58-47fb-9421-84c4accc70f9?index=0","futuristic tram interior in natural colors. made of recycled materials. copper brancing pipes, seats are in unusual form with organic convex forms and natural form of lighting"
"visualsketchbook_imagine_a_tram_interior_sustainability_futur_b28b6051-cd48-4ba3-8b86-3ae12ce1301f_2.png","https://www.midjourney.com/jobs/b28b6051-cd48-4ba3-8b86-3ae12ce1301f?index=2","imagine a tram interior, sustainability, future, beige and green colors, ambient lighting, round shapes, big windows, ceiling and floor lighting, eco, recycling materials, ergonomic, realistic, wood floor"
"visualsketchbook_tramecobig_windowblueabstrat_seatled_light_8c1597f8-503c-4b54-bc2c-fdb67976da9c_2.png","https://www.midjourney.com/jobs/8c1597f8-503c-4b54-bc2c-fdb67976da9c?index=2","tram,eco,big window,blue,abstrat seat,led light"
"visualsketchbook_futuristic_tram_simple_minimalistic_shapes_g_6a12a506-758c-4d55-8229-a241ddd72979_0.png","https://www.midjourney.com/jobs/6a12a506-758c-4d55-8229-a241ddd72979?index=0","futuristic tram simple minimalistic shapes green gray natural colors big windows"
"visualsketchbook_tram_interior_in_dark_shaded_copper_accents__a0ad0b1b-0917-415d-a7f9-2fffab5c6849_0.png","https://www.midjourney.com/jobs/a0ad0b1b-0917-415d-a7f9-2fffab5c6849?index=0","tram interior in dark shaded, copper accents, red leds, modernistic, futuristic, big windows"
"visualsketchbook_colorfull_play_of_light_inside_tram_futurist_063cf969-83bf-4a07-b8a3-5851d50bd75e_0.png","https://www.midjourney.com/jobs/063cf969-83bf-4a07-b8a3-5851d50bd75e?index=0","colorfull play of light inside tram, futuristic, inspire by cosmos"
"visualsketchbook_cuberpank_tramblueabstratbig_window_5b76aefa-59f1-4711-95c9-60bb85e8a580_3.png","https://www.midjourney.com/jobs/5b76aefa-59f1-4711-95c9-60bb85e8a580?index=3","cuberpank tram,blue,abstrat,big window"
"visualsketchbook_future_tram_streamlined_fast_wavy_brownblade_ec7d2a8f-b93d-4485-a5a8-673a640079bd_1.png","https://www.midjourney.com/jobs/ec7d2a8f-b93d-4485-a5a8-673a640079bd?index=1","future, tram, streamlined, fast, wavy, brown,bladerunner, seaweed, in the city, modern"
"visualsketchbook_futuristic_tram_interior_blue_orange_black_L_e9821b57-05b0-4d92-9f4b-805a642c6600_0.png","https://www.midjourney.com/jobs/e9821b57-05b0-4d92-9f4b-805a642c6600?index=0","futuristic tram interior, blue, orange, black, LED, glass, curve shapes, round, daylight, seen from outside"
"visualsketchbook_future_high_realistic_interior_tram_streamli_6eacba13-918b-4faf-89ce-92771104b75a_1.png","https://www.midjourney.com/jobs/6eacba13-918b-4faf-89ce-92771104b75a?index=1","future, high realistic, interior tram, streamlined, fast, in the city, modern, liquid"
"visualsketchbook_tram_outsideabstractdrawing_on_the_ceiling_t_9aec1f71-735d-4928-834d-b09ed0f154ba_1.png","https://www.midjourney.com/jobs/9aec1f71-735d-4928-834d-b09ed0f154ba?index=1","tram outside,abstract,drawing on the ceiling that goes info the floor inside"
"visualsketchbook_interior_of_futuristic_tram_with_big_windows_b63d3b7a-373d-4225-a2c3-73382412db90_0.png","https://www.midjourney.com/jobs/b63d3b7a-373d-4225-a2c3-73382412db90?index=0","interior of futuristic tram with big windows, cyber eco style, light green gray colors, handrails, screen on windows, a lot of place to sit, chairs, photorealistic, hi tech"
"visualsketchbook_functional_tram_technology_sky_way_tram_fast_3a879b5e-cfcd-4e58-98fa-c056c69c0788_3.png","https://www.midjourney.com/jobs/3a879b5e-cfcd-4e58-98fa-c056c69c0788?index=3","functional tram, technology, sky way tram, fast"
"visualsketchbook_futuristic_tram_interior_in_natural_colors.__77364d41-23ef-4d16-9aac-864f92d43562_0.png","https://www.midjourney.com/jobs/77364d41-23ef-4d16-9aac-864f92d43562?index=0","futuristic tram interior in natural colors. copper brancing pipes, seats are in unusual form"
"visualsketchbook_modern_white_interior_of_tram_with_dark_blue_7bb54d6c-a450-47ec-b93a-752cf8d5c880_1.png","https://www.midjourney.com/jobs/7bb54d6c-a450-47ec-b93a-752cf8d5c880?index=1","modern white interior of tram with dark blue elements and orange accents clean open space huge windows"
"visualsketchbook_tram_inspiration_Poznan_LED_future_high_tech_72911e5c-2331-407d-ab0e-956f2a15c427_1.png","https://www.midjourney.com/jobs/72911e5c-2331-407d-ab0e-956f2a15c427?index=1","tram, inspiration Poznan, LED, future, high tech, modern, japan"
"visualsketchbook_tram_interior_future_streamlined_shape_moder_30b19620-c49a-419c-8e49-6b23c0fc78c9_3.png","https://www.midjourney.com/jobs/30b19620-c49a-419c-8e49-6b23c0fc78c9?index=3","tram interior, future, streamlined shape, modernist, futuristic, rhythm, white rhythm panels, 3d printing, panoramic window, warm light, woodeen floor, plants"
"visualsketchbook_luxury_glass_8d62952e-ac93-43c2-87e7-4c76454fdda1_0.png","https://www.midjourney.com/jobs/8d62952e-ac93-43c2-87e7-4c76454fdda1?index=0","luxury glass"
"visualsketchbook_interior_design_of_a_tram_which_is_ergonomic_59a9ddc5-c9dc-4914-8373-ac1b71f9f75f_3.png","https://www.midjourney.com/jobs/59a9ddc5-c9dc-4914-8373-ac1b71f9f75f?index=3","interior design of a tram which is ergonomic, economical, organic with panoramic ceiling windows, wavy shapes, led amient lighting, natural materials with one contrasting colour"
"visualsketchbook_modern_futuristic_tram_ecologic_economic_ins_68b8956c-dfd3-49bc-8794-3bf60146c5c7_3.png","https://www.midjourney.com/jobs/68b8956c-dfd3-49bc-8794-3bf60146c5c7?index=3","modern futuristic tram ecologic economic inspired by nature wooden elements use of glass and metal fast"
"visualsketchbook_tram_body_of_earthworm_modern_bionic_shapes__255a0dbc-637b-41b1-b780-4ccd29e3bffc_0.png","https://www.midjourney.com/jobs/255a0dbc-637b-41b1-b780-4ccd29e3bffc?index=0","tram, body of earthworm, modern, bionic shapes, seats, rings"
"visualsketchbook_modern_white_interior_of_tram_with_dark_blue_477d419a-65c0-4695-86c8-273d2e8780f5_0.png","https://www.midjourney.com/jobs/477d419a-65c0-4695-86c8-273d2e8780f5?index=0","modern white interior of tram with dark blue elements and orange accents clean open space huge windows"
"visualsketchbook_create_interior_tram_futuristic_blue_ergomom_5ab5a457-9444-41d1-87a1-852e9e045431_1.png","https://www.midjourney.com/jobs/5ab5a457-9444-41d1-87a1-852e9e045431?index=1","create interior tram futuristic, blue, ergomomic, high-tech , modern luxurious, led lighting"
"visualsketchbook_tram_interior_fast_unique_forms_toned_colour_6c33d814-b8a3-48b5-b965-c60b5a5119e4_3.png","https://www.midjourney.com/jobs/6c33d814-b8a3-48b5-b965-c60b5a5119e4?index=3","tram interior, fast, unique forms, toned colours, wood, water, metal, light accent"
"visualsketchbook_reflection_ec0a5cc5-feb7-44d5-b589-3da7e63eca5c_3.png","https://www.midjourney.com/jobs/ec0a5cc5-feb7-44d5-b589-3da7e63eca5c?index=3","reflection"
"visualsketchbook_futuristic_modern_tram_communication_people__9c97e5ac-0f62-4f63-b071-d61e4eb86454_0.png","https://www.midjourney.com/jobs/9c97e5ac-0f62-4f63-b071-d61e4eb86454?index=0","futuristic, modern, tram, communication, people, light, yellow, blue, white, not geometric, interior, ergonomic"
"visualsketchbook_modern_futuristic_tram_ecologic_economic_ins_68b8956c-dfd3-49bc-8794-3bf60146c5c7_1.png","https://www.midjourney.com/jobs/68b8956c-dfd3-49bc-8794-3bf60146c5c7?index=1","modern futuristic tram ecologic economic inspired by nature wooden elements use of glass and metal fast"
"visualsketchbook_modern_interior_of_tram_futuristic_67a1fc1a-4bc1-424c-b03d-b43963c1271f_1.png","https://www.midjourney.com/jobs/67a1fc1a-4bc1-424c-b03d-b43963c1271f?index=1","modern interior of tram futuristic"
"visualsketchbook_futuristic_tram_streamlined_cozy_piet_mondia_96a19210-0138-433d-8d7c-35ee6c8ec40b_3.png","https://www.midjourney.com/jobs/96a19210-0138-433d-8d7c-35ee6c8ec40b?index=3","futuristic tram streamlined cozy, piet mondian inspired, handrails, seats, colourful, fast, night scene, lights, unique design"
"visualsketchbook_future_high_realistic_interior_tram_streamli_bc5f158a-d47b-47e5-8c07-06263f23f376_3.png","https://www.midjourney.com/jobs/bc5f158a-d47b-47e5-8c07-06263f23f376?index=3","future, high realistic, interior tram, streamlined, fast, wavy, brown, in the city, modern, liquid"
"visualsketchbook_future_high_realistic_interior_tram_streamli_464cd0a9-8ce7-43dc-8a65-94d38e86e303_1.png","https://www.midjourney.com/jobs/464cd0a9-8ce7-43dc-8a65-94d38e86e303?index=1","future, high realistic, interior tram, streamlined, fast, in the city, modern, liquid"
"visualsketchbook_modern_futuristic_tram_ecologic_economic_ins_d47b1b5e-8392-4918-9a5a-a6aac0ab3b37_1.png","https://www.midjourney.com/jobs/d47b1b5e-8392-4918-9a5a-a6aac0ab3b37?index=1","modern futuristic tram ecologic economic inspired by nature wooden elements use of glass and metal fast"
"visualsketchbook_interior_of_futuristic_tram_with_big_windows_c01d2d55-2625-4132-a101-addacd322d99_1.png","https://www.midjourney.com/jobs/c01d2d55-2625-4132-a101-addacd322d99?index=1","interior of futuristic tram with big windows, cyber eco style, light green gray colors, handrails, screen on windows, a lot of place to sit, chairs, photorealistic, hi tech"
"visualsketchbook_create_interior_tram_futuristic_blue_ergomom_6a6c35b0-6f66-4753-96a2-f7d02d7efa07_0.png","https://www.midjourney.com/jobs/6a6c35b0-6f66-4753-96a2-f7d02d7efa07?index=0","create interior tram futuristic, blue, ergomomic, high-tech , modern luxurious, led lighting"
"visualsketchbook_tram_body_of_earthworm_modern_bionic_shapes__255a0dbc-637b-41b1-b780-4ccd29e3bffc_1.png","https://www.midjourney.com/jobs/255a0dbc-637b-41b1-b780-4ccd29e3bffc?index=1","tram, body of earthworm, modern, bionic shapes, seats, rings"
"visualsketchbook_tram_interior_future_streamlined_shape_moder_8fe6c2a0-f964-472f-b5d6-957fa608c85c_0.png","https://www.midjourney.com/jobs/8fe6c2a0-f964-472f-b5d6-957fa608c85c?index=0","tram interior, future, streamlined shape, modernist, futuristic, rhythm, white rhythm panels, 3d printing, panoramic window"
"visualsketchbook_futuristic_streamline_tram_interior_in_natur_347d4932-122b-426f-802c-0418fd825fd0_1.png","https://www.midjourney.com/jobs/347d4932-122b-426f-802c-0418fd825fd0?index=1","futuristic streamline tram interior in natural olive green colors. copper brancing pipes, seats have unusual form"
"visualsketchbook_future_tram_streamlined_designer_round_singl_fb9f114f-2981-4ec8-82fc-063af04fb457_0.png","https://www.midjourney.com/jobs/fb9f114f-2981-4ec8-82fc-063af04fb457?index=0","future tram streamlined designer round single chair linear light on ceiling big window futuristic"
"visualsketchbook_tram_interior_in_dark_shaded_streamlined_sha_809fc16a-e48d-41e7-94b2-1498ea4d50eb_0.png","https://www.midjourney.com/jobs/809fc16a-e48d-41e7-94b2-1498ea4d50eb?index=0","tram interior in dark shaded, streamlined shape, copper accents, modernistic, futuristic, big windows"
"visualsketchbook_hospital_of_the_future_12315954-1f12-4e7e-b697-c41691efcdeb_1.png","https://www.midjourney.com/jobs/12315954-1f12-4e7e-b697-c41691efcdeb?index=1","hospital of the future"
"visualsketchbook_exterior_of_the_tram_inspired_by_speed_and_f_8b8b1af4-015c-40cd-9d66-03944faf60d2_3.png","https://www.midjourney.com/jobs/8b8b1af4-015c-40cd-9d66-03944faf60d2?index=3","exterior of the tram inspired by speed and futuristic cosmos space"
"visualsketchbook_create_tram_futuristic_green_ergomomic_plant_372c6212-a0fb-4d01-babf-642d0c346804_3.png","https://www.midjourney.com/jobs/372c6212-a0fb-4d01-babf-642d0c346804?index=3","create tram futuristic, green, ergomomic, plants, modern luxurious, led lighting"
"visualsketchbook_colorfull_play_of_light_inside_tram_futurist_ee878966-e97d-471d-a66c-2551b846e286_0.png","https://www.midjourney.com/jobs/ee878966-e97d-471d-a66c-2551b846e286?index=0","colorfull play of light inside tram, futuristic, inspire by cosmos"
"visualsketchbook_ergonomics_chairs_ea2436b7-fb29-4135-b404-cd106c507c15_2.png","https://www.midjourney.com/jobs/ea2436b7-fb29-4135-b404-cd106c507c15?index=2","ergonomics chairs"
"visualsketchbook_tram_exterior_in_dark_shaded_streamlined_sha_a5b5ece0-5427-4c26-99f0-f8e13110cc17_1.png","https://www.midjourney.com/jobs/a5b5ece0-5427-4c26-99f0-f8e13110cc17?index=1","tram exterior in dark shaded, streamlined shape, copper accents, red leds, modernistic, futuristic, big windows"
"visualsketchbook_modern_simple_future_futuristic_tram_in_fron_41653c50-8097-4a06-b879-415188c30925_1.png","https://www.midjourney.com/jobs/41653c50-8097-4a06-b879-415188c30925?index=1","modern, simple, future, futuristic tram in front"
"visualsketchbook_tram_outsideabstract_9d2f6ed6-0479-4a02-a279-91ceb409eacb_2.png","https://www.midjourney.com/jobs/9d2f6ed6-0479-4a02-a279-91ceb409eacb?index=2","tram outside,abstract"
"visualsketchbook_interior_of_future_tram_ergonomic_seats_frie_de54906f-49db-417e-91dd-f4b49df606eb_0.png","https://www.midjourney.com/jobs/de54906f-49db-417e-91dd-f4b49df606eb?index=0","interior of future tram, ergonomic seats, friendly vibe, light colours, without yellow elements, organic shapes, clear space"
"visualsketchbook_tram_5_seats_desinger_chair_celining_with_a__d7e3fd67-2163-421a-91be-c4369a3b21c3_1.png","https://www.midjourney.com/jobs/d7e3fd67-2163-421a-91be-c4369a3b21c3?index=1","tram 5 seats desinger chair celining with a lot of liner lighting blue coloristic huge window stained glass on floor"
"visualsketchbook_tram_interior_modern_body_of_earthworm_bioni_2fa449e8-267b-4ee9-b07c-37dcb0ccd16a_0.png","https://www.midjourney.com/jobs/2fa449e8-267b-4ee9-b07c-37dcb0ccd16a?index=0","tram, interior, modern, body of earthworm, bionic shapes, colorful, lighting, rings, seats, bionic style"
"visualsketchbook_futuristic_modern_tram_communication_people__e3e3ee0c-0ede-4463-a20d-62d5bd0b0097_1.png","https://www.midjourney.com/jobs/e3e3ee0c-0ede-4463-a20d-62d5bd0b0097?index=1","futuristic, modern, tram, communication, people, light, yellow, blue, white, not geometric, ahead tram"
"visualsketchbook_futuristic_streamline_tram_interior_in_natur_df3b01d5-777d-4aa4-bc0e-10b14778b16a_3.png","https://www.midjourney.com/jobs/df3b01d5-777d-4aa4-bc0e-10b14778b16a?index=3","futuristic streamline tram interior in natural olive green colors. copper brancing pipes, seats have unusual form"
"visualsketchbook_cyberpunk_style_tram_white_geometric_panels__41de3c2d-e34f-4bff-826d-02d54585f910_0.png","https://www.midjourney.com/jobs/41de3c2d-e34f-4bff-826d-02d54585f910?index=0","cyberpunk style tram, white geometric panels on the exterior, big windows, glass roof, led lights"
"visualsketchbook_fast_modern_tram_in_high_tech_style_4548a91d-cbfa-4b5c-9ee4-307cb8fe96fd_3.png","https://www.midjourney.com/jobs/4548a91d-cbfa-4b5c-9ee4-307cb8fe96fd?index=3","fast modern tram in high tech style"
"visualsketchbook_future_tram_interior_streamlined_fast_wavy_b_f42ad821-b4bd-415e-a206-d146d483a356_3.png","https://www.midjourney.com/jobs/f42ad821-b4bd-415e-a206-d146d483a356?index=3","future, tram interior, streamlined, fast, wavy, brown, sand colors, navy blue, bone structure, water creatures, whale,bladerunner, seaweed"
"visualsketchbook_drops_of_woter_42a951b0-ec14-4538-8e54-68f6a168cbfb_0.png","https://www.midjourney.com/jobs/42a951b0-ec14-4538-8e54-68f6a168cbfb?index=0","drops of woter"
"visualsketchbook_cuberpankecolightledtram_2c960ac8-06fc-4fbf-b495-57d519829af4_3.png","https://www.midjourney.com/jobs/2c960ac8-06fc-4fbf-b495-57d519829af4?index=3","cuberpank,eco,light,led,tram"
"visualsketchbook_tram_vincent_callebaut_envision_future_of_mo_07d125cd-e087-418e-9ec3-0faabc218753_0.png","https://www.midjourney.com/jobs/07d125cd-e087-418e-9ec3-0faabc218753?index=0","tram vincent callebaut envision future of mobility as timber-based evtols hydrofoils luxury ergonomic with bid windows and light colours"
"visualsketchbook_imagine_a_tram_interior_sustainability_futur_5447dfb2-25af-40b0-a432-64f91453b302_3.png","https://www.midjourney.com/jobs/5447dfb2-25af-40b0-a432-64f91453b302?index=3","imagine a tram interior, sustainability, future, beige and dark green colors, ambient lighting, round shapes, big windows, ceiling and floor lighting, eco, recycling materials, ergonomic, realistic, white floor, fascinating shapes, interesting chairs, people"
"visualsketchbook_minimalistic_tram_interior_and_exterior_desi_c38ed139-07c1-4d69-ba06-acf6d82baf09_1.png","https://www.midjourney.com/jobs/c38ed139-07c1-4d69-ba06-acf6d82baf09?index=1","minimalistic tram interior and exterior design organic architectural forms, modern materials, natural, organic handrails and setas, toned colours, glass"
"visualsketchbook_minimalism_interior_tram_functionality_light_777ec48d-e2fa-490f-acc0-98764508c86c_0.png","https://www.midjourney.com/jobs/777ec48d-e2fa-490f-acc0-98764508c86c?index=0","minimalism interior tram, functionality, light, komfortable"
"visualsketchbook_luxury_glass_8d62952e-ac93-43c2-87e7-4c76454fdda1_2.png","https://www.midjourney.com/jobs/8d62952e-ac93-43c2-87e7-4c76454fdda1?index=2","luxury glass"
"visualsketchbook_traminterior_inspiration_Poznan_LED_futureli_b2ace792-27ff-40b3-9482-de5429472495_1.png","https://www.midjourney.com/jobs/b2ace792-27ff-40b3-9482-de5429472495?index=1","tram,interior, inspiration Poznan, LED, future,light, high tech, modern, japan, green"
"visualsketchbook_interior_design_of_a_futuristic_tram_with_or_2f7b51cb-5351-469d-bf7a-f744532566be_1.png","https://www.midjourney.com/jobs/2f7b51cb-5351-469d-bf7a-f744532566be?index=1","interior design of a futuristic tram with original panoramic ceiling windows, floor and ceiling lightning, unique seats, visual features, audiovisual system, ergonomic handle"
"visualsketchbook_futuristic_modern_tram_communication_people__5fbca1c0-b881-4cd2-9bf7-f0b0b42fa3ab_3.png","https://www.midjourney.com/jobs/5fbca1c0-b881-4cd2-9bf7-f0b0b42fa3ab?index=3","futuristic, modern, tram, communication, people, light, yellow, blue, white, not geometric, interior"
"visualsketchbook_interior_design_of_a_futuristic_tram_with_or_02a73dd1-a22d-4151-bf83-20b02c914c70_0.png","https://www.midjourney.com/jobs/02a73dd1-a22d-4151-bf83-20b02c914c70?index=0","interior design of a futuristic tram with original panoramic ceiling windows, floor and ceiling lightning, unique seats, visual features, audiovisual system, ergonomic handle"
"visualsketchbook_modern_futuristic_tram_super_fast_and_obliqu_0ee4f204-0f55-4900-ad1d-f281b5a9c670_3.png","https://www.midjourney.com/jobs/0ee4f204-0f55-4900-ad1d-f281b5a9c670?index=3","modern futuristic tram super fast and oblique in city extraordinary two floors economic ecofriendly independent stylish and new"
"visualsketchbook_tram_interior_future_streamlined_shape_moder_3b7a4792-45c6-492f-8004-3102f346de2f_0.png","https://www.midjourney.com/jobs/3b7a4792-45c6-492f-8004-3102f346de2f?index=0","tram interior, future, streamlined shape, modernist, futuristic, rhythm, white rhythm panels, panoramic window"
"visualsketchbook_modern_simple_future_futuristic_tram_in_fron_82288b57-5e33-481c-b3c5-804e255bae6c_0.png","https://www.midjourney.com/jobs/82288b57-5e33-481c-b3c5-804e255bae6c?index=0","modern, simple, future, futuristic tram in front"
"visualsketchbook_futuristic_tram_blue_orange_black_LED_glass__767fed08-2c9b-4309-88c0-fd509168aa8d_0.png","https://www.midjourney.com/jobs/767fed08-2c9b-4309-88c0-fd509168aa8d?index=0","futuristic tram, blue, orange, black, LED, glass, curve shapes, round"
"visualsketchbook_future_interior_tram_streamlined_fast_wavy_b_e46df672-c83d-4255-a205-64ed7385d3fa_2.png","https://www.midjourney.com/jobs/e46df672-c83d-4255-a205-64ed7385d3fa?index=2","future, interior tram, streamlined, fast, wavy, brown, in the city, modern, liquid"
"visualsketchbook_drops_of_woter_d7dec551-fd03-4ff0-b457-ec749e9deefd_3.png","https://www.midjourney.com/jobs/d7dec551-fd03-4ff0-b457-ec749e9deefd?index=3","drops of woter"
"visualsketchbook_futuristic_modern_tram_communication_people__83d931c8-b0a0-4cb5-8d91-b637926c1044_0.png","https://www.midjourney.com/jobs/83d931c8-b0a0-4cb5-8d91-b637926c1044?index=0","futuristic, modern, tram, communication, people, light, yellow, blue, white, not geometric, interior, ergonomic"
"visualsketchbook_high_tech_style_tram_modern_technolegy_3b84b5b8-fe10-40d8-afb0-8e2cbdcacdca_3.png","https://www.midjourney.com/jobs/3b84b5b8-fe10-40d8-afb0-8e2cbdcacdca?index=3","high tech style tram, modern technolegy"
"visualsketchbook_imagine_an_ergonomic_tram_seat_white_realist_d5a54fe9-a9dd-4c90-8058-449b5c5e501c_2.png","https://www.midjourney.com/jobs/d5a54fe9-a9dd-4c90-8058-449b5c5e501c?index=2","imagine an ergonomic tram seat, white, realistic, ambient lighting, wood,"
"visualsketchbook_TRAM_INTERIOR_INSPIRED_BY_COSMOS_SPACE_d4d0800c-91b0-48fa-858b-04e03b477dbe_0.png","https://www.midjourney.com/jobs/d4d0800c-91b0-48fa-858b-04e03b477dbe?index=0","TRAM INTERIOR INSPIRED BY COSMOS SPACE"
"visualsketchbook_traminterior_inspiration_Poznan_LED_futureli_a50f7639-6f34-4b80-afc9-da7ac063c1f5_0.png","https://www.midjourney.com/jobs/a50f7639-6f34-4b80-afc9-da7ac063c1f5?index=0","tram,interior, inspiration Poznan, LED, future,light, high tech, modern, japan, comfort"
"visualsketchbook_future_futuristic_tram_streamlined_navy_blue_c1c7b0a6-0042-40be-979f-b4cb76772b79_0.png","https://www.midjourney.com/jobs/c1c7b0a6-0042-40be-979f-b4cb76772b79?index=0","future, futuristic, tram, streamlined, navy blue, fast, wavy, in the city, modern"
"visualsketchbook_minimalism_interior_tram_functionality_light_69699de1-6bc4-46bc-985b-d5e6d746aafa_3.png","https://www.midjourney.com/jobs/69699de1-6bc4-46bc-985b-d5e6d746aafa?index=3","minimalism interior tram, functionality, light, komfortable"
"visualsketchbook_future_interior_tram_streamlined_fast_wavy_n_7845d880-58bc-4175-b754-2de8d859aad7_0.png","https://www.midjourney.com/jobs/7845d880-58bc-4175-b754-2de8d859aad7?index=0","future, interior tram, streamlined, fast, wavy, navy blue,bladerunner, seaweed, in the city, modern"
"visualsketchbook_traminterior_inspiration_Poznan_LED_futureli_a50f7639-6f34-4b80-afc9-da7ac063c1f5_2.png","https://www.midjourney.com/jobs/a50f7639-6f34-4b80-afc9-da7ac063c1f5?index=2","tram,interior, inspiration Poznan, LED, future,light, high tech, modern, japan, comfort"
"visualsketchbook_interior_of_futuristic_tram_with_big_windows_b59858ad-e9fb-474d-9ca5-030698dd443b_2.png","https://www.midjourney.com/jobs/b59858ad-e9fb-474d-9ca5-030698dd443b?index=2","interior of futuristic tram with big windows, cyber eco style, green beige colors, artistic handrails, screen on windows, a lot of place to sit"
"visualsketchbook_interior_design_of_a_tram_which_is_ergonomic_e2a90996-ca1e-4747-8b1b-42e505bab162_2.png","https://www.midjourney.com/jobs/e2a90996-ca1e-4747-8b1b-42e505bab162?index=2","interior design of a tram which is ergonomic, economical, organic with panoramic ceiling windows, wavy shapes, led amient lighting, natural materials with one contrasting colour"
"visualsketchbook_interior_of_futuristic_tram_with_big_windows_7750f05a-e66f-4b2b-af13-e1732f72c623_1.png","https://www.midjourney.com/jobs/7750f05a-e66f-4b2b-af13-e1732f72c623?index=1","interior of futuristic tram with big windows, patterned minimalistic floor, green beige colors, artistic handrails, screen on windows"
"visualsketchbook_interior_design_of_a_tram_which_is_ergonomic_e2a90996-ca1e-4747-8b1b-42e505bab162_1.png","https://www.midjourney.com/jobs/e2a90996-ca1e-4747-8b1b-42e505bab162?index=1","interior design of a tram which is ergonomic, economical, organic with panoramic ceiling windows, wavy shapes, led amient lighting, natural materials with one contrasting colour"
"visualsketchbook_interior_of_future_tram_ergonomic_seats_frie_bbf36ca5-aca0-472b-bab6-83684426e56e_3.png","https://www.midjourney.com/jobs/bbf36ca5-aca0-472b-bab6-83684426e56e?index=3","interior of future tram, ergonomic seats, friendly vibe, light colours, without yellow elements, organic shapes, clear space"
"visualsketchbook_modern_tram_d0ca693e-457e-42f1-9177-72d2a611e700_3.png","https://www.midjourney.com/jobs/d0ca693e-457e-42f1-9177-72d2a611e700?index=3","modern tram"
"visualsketchbook_futuristic_streamline_tram_exterior_in_natur_af8540c6-028a-4135-87cc-913d0fc12ca7_0.png","https://www.midjourney.com/jobs/af8540c6-028a-4135-87cc-913d0fc12ca7?index=0","futuristic streamline tram exterior in natural light colors"
"visualsketchbook_light_projections_inside_the_tram_inspired_b_1b18abfc-a4ff-4f9a-b17e-846ca30b34a7_0.png","https://www.midjourney.com/jobs/1b18abfc-a4ff-4f9a-b17e-846ca30b34a7?index=0","light projections inside the tram inspired by space and stars"
"visualsketchbook_interior_of_modern_futuristic_simple_tram_wi_c28c4793-bb44-4b2a-93ed-bba8d70cc46a_1.png","https://www.midjourney.com/jobs/c28c4793-bb44-4b2a-93ed-bba8d70cc46a?index=1","interior of modern, futuristic, simple tram with glazing"
"visualsketchbook_interior_of_future_tram_ergonomic_seats_frie_510475c4-037b-430e-b0fa-497206d34714_1.png","https://www.midjourney.com/jobs/510475c4-037b-430e-b0fa-497206d34714?index=1","interior of future tram, ergonomic seats, friendly vibe"
"visualsketchbook_imagine_an_ergonomic_tram_seat_white_realist_1ae067e0-823b-4ce3-84e8-b17145832f6a_0.png","https://www.midjourney.com/jobs/1ae067e0-823b-4ce3-84e8-b17145832f6a?index=0","imagine an ergonomic tram seat, white, realistic, ambient lighting, wood,"
"visualsketchbook_futuristic_tram_interior_in_natural_colors.__11b337a6-23f0-4ea2-b07e-446aea77fc5f_0.png","https://www.midjourney.com/jobs/11b337a6-23f0-4ea2-b07e-446aea77fc5f?index=0","futuristic tram interior in natural colors. copper brancing pipes, seats are in unusual form"
"visualsketchbook_future_high_realistic_interior_tram_streamli_6eacba13-918b-4faf-89ce-92771104b75a_0.png","https://www.midjourney.com/jobs/6eacba13-918b-4faf-89ce-92771104b75a?index=0","future, high realistic, interior tram, streamlined, fast, in the city, modern, liquid"
"visualsketchbook_futurisic_streamline_tram_exterior_in_natura_29d3c61c-01a2-46a4-b7f4-8958580ebc48_2.png","https://www.midjourney.com/jobs/29d3c61c-01a2-46a4-b7f4-8958580ebc48?index=2","futurisic streamline tram exterior in natural colors"
"visualsketchbook_futuristic_modern_tram_communication_people__34ad5669-e90d-456d-84f5-deff8f2c0688_0.png","https://www.midjourney.com/jobs/34ad5669-e90d-456d-84f5-deff8f2c0688?index=0","futuristic, modern, tram, communication, people, light, yellow, blue, white, not geometric, with geometric cube chair"
"visualsketchbook_light_projections_inside_the_tram_inspired_b_3b2f4c14-9cf9-440d-9bd5-1b31cb038e4d_0.png","https://www.midjourney.com/jobs/3b2f4c14-9cf9-440d-9bd5-1b31cb038e4d?index=0","light projections inside the tram inspired by space and stars"
"visualsketchbook_tram_interior_in_dark_shaded_copper_accents__a0ad0b1b-0917-415d-a7f9-2fffab5c6849_2.png","https://www.midjourney.com/jobs/a0ad0b1b-0917-415d-a7f9-2fffab5c6849?index=2","tram interior in dark shaded, copper accents, red leds, modernistic, futuristic, big windows"
"visualsketchbook_futuristic_tram_interior_in_natural_colors.__2d70ed45-e93e-44db-998b-e1a8c752a431_0.png","https://www.midjourney.com/jobs/2d70ed45-e93e-44db-998b-e1a8c752a431?index=0","futuristic tram interior in natural colors. copper brancing pipes, seats are in unusual form"
"visualsketchbook_future_futuristic_tram_streamlined_fast_wavy_90725f64-094d-412d-aa0c-fef1bdc2fc87_0.png","https://www.midjourney.com/jobs/90725f64-094d-412d-aa0c-fef1bdc2fc87?index=0","future, futuristic tram, streamlined, fast, wavy, brown, in the city, modern"
"visualsketchbook_colorfull_play_of_light_inside_tram_futurist_063cf969-83bf-4a07-b8a3-5851d50bd75e_3.png","https://www.midjourney.com/jobs/063cf969-83bf-4a07-b8a3-5851d50bd75e?index=3","colorfull play of light inside tram, futuristic, inspire by cosmos"
"visualsketchbook_tram_interior__interesting_plants_modern_com_c8797025-4938-4ce6-888c-d0c9fb2b8b58_3.png","https://www.midjourney.com/jobs/c8797025-4938-4ce6-888c-d0c9fb2b8b58?index=3","tram interior , interesting, plants, modern, complicated shapes, interesting lightning, big windows , handrails and cozy seats"
"visualsketchbook_chairs_train_26d8df2b-8424-4fcf-8fab-92314f581cea_0.png","https://www.midjourney.com/jobs/26d8df2b-8424-4fcf-8fab-92314f581cea?index=0","chairs train"
"visualsketchbook_future_interior_tram_streamlined_fast_wavy_n_1caf604c-978c-4c09-82a4-f7d54a4fd241_1.png","https://www.midjourney.com/jobs/1caf604c-978c-4c09-82a4-f7d54a4fd241?index=1","future, interior tram, streamlined, fast, wavy, navy blue,bladerunner, seaweed, in the city, modern"
"visualsketchbook_futuristic_modern_tram_communication_people__78247386-0bdf-45b6-9085-ef96b806661a_3.png","https://www.midjourney.com/jobs/78247386-0bdf-45b6-9085-ef96b806661a?index=3","futuristic, modern, tram, communication, people, light, yellow, blue, white, not geometric, interior"
"visualsketchbook_futuristic_tram_interior_blue_orange_black_L_d558cc66-6c37-460b-ae4a-82c75ed4744f_2.png","https://www.midjourney.com/jobs/d558cc66-6c37-460b-ae4a-82c75ed4744f?index=2","futuristic tram interior, blue, orange, black, LED, glass, curve shapes, round, daylight"
"visualsketchbook_tramecobig_windowblueabstrat_seatled_light_8c1597f8-503c-4b54-bc2c-fdb67976da9c_0.png","https://www.midjourney.com/jobs/8c1597f8-503c-4b54-bc2c-fdb67976da9c?index=0","tram,eco,big window,blue,abstrat seat,led light"
"visualsketchbook_cyberpunk_style_tram_white_geometric_panels__c312cbb3-8a8c-46e2-8a01-12da930a1fa7_2.png","https://www.midjourney.com/jobs/c312cbb3-8a8c-46e2-8a01-12da930a1fa7?index=2","cyberpunk style tram, white geometric panels on the exterior, big windows, glass roof, led lights"
"visualsketchbook_traminterior_inspiration_Poznan_LED_futureli_300d2548-9c8b-4e96-a100-79e5a2753e31_0.png","https://www.midjourney.com/jobs/300d2548-9c8b-4e96-a100-79e5a2753e31?index=0","tram,interior, inspiration Poznan, LED, future,light, high tech, modern, japan, comfort"
"visualsketchbook_tram_vincent_callebaut_envision_future_of_mo_1d6954cc-bc15-4fb3-a5af-1685ed3c1361_3.png","https://www.midjourney.com/jobs/1d6954cc-bc15-4fb3-a5af-1685ed3c1361?index=3","tram vincent callebaut envision future of mobility as timber-based evtols hydrofoils luxury ergonomic with bid windows and light colours"
"visualsketchbook_futuristic_tram_interior_in_natural_colors.__11b337a6-23f0-4ea2-b07e-446aea77fc5f_3.png","https://www.midjourney.com/jobs/11b337a6-23f0-4ea2-b07e-446aea77fc5f?index=3","futuristic tram interior in natural colors. copper brancing pipes, seats are in unusual form"
"visualsketchbook_create_interior_tram_futuristic_blue_ergomom_5ab5a457-9444-41d1-87a1-852e9e045431_3.png","https://www.midjourney.com/jobs/5ab5a457-9444-41d1-87a1-852e9e045431?index=3","create interior tram futuristic, blue, ergomomic, high-tech , modern luxurious, led lighting"
"visualsketchbook_futuristic_modern_tram_communication_people__7071b1de-8df1-4fdf-9636-f5c181ff9671_0.png","https://www.midjourney.com/jobs/7071b1de-8df1-4fdf-9636-f5c181ff9671?index=0","futuristic, modern, tram, communication, people, light, yellow, blue, white, not geometric, interior"
"visualsketchbook_futurystic_design_of_tram_interior_with_orga_790329ca-1411-4648-a229-271625c966a3_0.png","https://www.midjourney.com/jobs/790329ca-1411-4648-a229-271625c966a3?index=0","futurystic design of tram interior with organic convex form of lighting an windows"
"visualsketchbook_interior_design_of_a_futuristic_tram_with_or_6d85e643-f25a-4018-9723-d182138889ba_2.png","https://www.midjourney.com/jobs/6d85e643-f25a-4018-9723-d182138889ba?index=2","interior design of a futuristic tram with original panoramic ceiling windows, floor and ceiling lightning, unique seats, visual features, audiovisual system, ergonomic handle"
"visualsketchbook_super_fast_and_futuristic_modern_tram_spacio_ed0f9bc2-14f1-46a5-bfd8-eb58878722a9_1.png","https://www.midjourney.com/jobs/ed0f9bc2-14f1-46a5-bfd8-eb58878722a9?index=1","super fast and futuristic modern tram spacious inside lots of seats big windows natural colors and wood"
"visualsketchbook_futuristic_streamline_tram_interior_with_org_df732029-2bd8-4ce9-9e12-878f84f81b22_1.png","https://www.midjourney.com/jobs/df732029-2bd8-4ce9-9e12-878f84f81b22?index=1","futuristic streamline tram interior with organic convex forms and natural form of lighting"
"visualsketchbook_future_interior_tram_streamlined_fast_wavy_n_1caf604c-978c-4c09-82a4-f7d54a4fd241_3.png","https://www.midjourney.com/jobs/1caf604c-978c-4c09-82a4-f7d54a4fd241?index=3","future, interior tram, streamlined, fast, wavy, navy blue,bladerunner, seaweed, in the city, modern"
"visualsketchbook_traminterior_inspiration_Poznan_LED_futureli_32d96f32-6e72-4cde-b146-3cdf1f8fc341_1.png","https://www.midjourney.com/jobs/32d96f32-6e72-4cde-b146-3cdf1f8fc341?index=1","tram,interior, inspiration Poznan, LED, future,light, high tech, modern, japan, comfort"
"visualsketchbook_tram_interior__interesting_modern_complicate_95147c46-4604-4ef9-b728-0ec3fd1f69a6_0.png","https://www.midjourney.com/jobs/95147c46-4604-4ef9-b728-0ec3fd1f69a6?index=0","tram interior , interesting, modern, complicated shapes, interesting lightning, big windows , handrails and cozy seats"
"visualsketchbook_future_futuristic_tram_streamlined_fast_wavy_8d58353d-c3e3-4071-b359-f4877f5c1d1d_1.png","https://www.midjourney.com/jobs/8d58353d-c3e3-4071-b359-f4877f5c1d1d?index=1","future, futuristic tram, streamlined, fast, wavy, brown, in the city, modern"
"visualsketchbook_modern_futuristic_tram_super_fast_and_obliqu_0ee4f204-0f55-4900-ad1d-f281b5a9c670_1.png","https://www.midjourney.com/jobs/0ee4f204-0f55-4900-ad1d-f281b5a9c670?index=1","modern futuristic tram super fast and oblique in city extraordinary two floors economic ecofriendly independent stylish and new"
"visualsketchbook_tramecobig_windowblueabstrat_seatled_light_1170c4c2-0585-4476-93aa-757d63c2ef23_3.png","https://www.midjourney.com/jobs/1170c4c2-0585-4476-93aa-757d63c2ef23?index=3","tram,eco,big window,blue,abstrat seat,led light"
"visualsketchbook_tram_5_seats_desinger_chair_celining_with_a__d7e3fd67-2163-421a-91be-c4369a3b21c3_3.png","https://www.midjourney.com/jobs/d7e3fd67-2163-421a-91be-c4369a3b21c3?index=3","tram 5 seats desinger chair celining with a lot of liner lighting blue coloristic huge window stained glass on floor"
"visualsketchbook_modern_interior_of_tram_futuristic_07e7f3d0-fdb0-4b8c-9aa9-c151fc96deb7_3.png","https://www.midjourney.com/jobs/07e7f3d0-fdb0-4b8c-9aa9-c151fc96deb7?index=3","modern interior of tram futuristic"
"visualsketchbook_tram_interior_in_dark_shaded_copper_accents__a0ad0b1b-0917-415d-a7f9-2fffab5c6849_1.png","https://www.midjourney.com/jobs/a0ad0b1b-0917-415d-a7f9-2fffab5c6849?index=1","tram interior in dark shaded, copper accents, red leds, modernistic, futuristic, big windows"
"visualsketchbook_imagine_an_ergonomic_tram_seat_white_realist_d4b6d09d-7d24-4aa6-8cd1-32a1dbea70f0_0.png","https://www.midjourney.com/jobs/d4b6d09d-7d24-4aa6-8cd1-32a1dbea70f0?index=0","imagine an ergonomic tram seat, white, realistic, ambient lighting, wood, new technologies, future, led lighting"
"visualsketchbook_tram_interior_modern_body_of_earthworm_bioni_2fa449e8-267b-4ee9-b07c-37dcb0ccd16a_3.png","https://www.midjourney.com/jobs/2fa449e8-267b-4ee9-b07c-37dcb0ccd16a?index=3","tram, interior, modern, body of earthworm, bionic shapes, colorful, lighting, rings, seats, bionic style"
"visualsketchbook_photorealistic_interior_of_future_tram_b567fd8b-925f-4020-8c82-8dd817e85e8c_1.png","https://www.midjourney.com/jobs/b567fd8b-925f-4020-8c82-8dd817e85e8c?index=1","photorealistic interior of future tram"
"visualsketchbook_tramecobig_windowblueabstrat_seatled_light_1170c4c2-0585-4476-93aa-757d63c2ef23_2.png","https://www.midjourney.com/jobs/1170c4c2-0585-4476-93aa-757d63c2ef23?index=2","tram,eco,big window,blue,abstrat seat,led light"
"visualsketchbook_tram_5_seats_desinger_chair_celining_with_a__d7e3fd67-2163-421a-91be-c4369a3b21c3_2.png","https://www.midjourney.com/jobs/d7e3fd67-2163-421a-91be-c4369a3b21c3?index=2","tram 5 seats desinger chair celining with a lot of liner lighting blue coloristic huge window stained glass on floor"
"visualsketchbook_interior_of_the_tram_inspired_by_speed_and_f_d1cef2cd-592f-43b3-8ecf-e59f9a067380_1.png","https://www.midjourney.com/jobs/d1cef2cd-592f-43b3-8ecf-e59f9a067380?index=1","interior of the tram inspired by speed and futuristic cosmos space"
"visualsketchbook_futuristic_modern_tram_communication_people__dbf3ffc6-fe6c-4ada-abcb-5a234bf3ade9_0.png","https://www.midjourney.com/jobs/dbf3ffc6-fe6c-4ada-abcb-5a234bf3ade9?index=0","futuristic, modern, tram, communication, people, light, yellow, blue, white, not geometric, interior"
"visualsketchbook_future_high_realistic_interior_tram_streamli_80033b3f-bdf4-4d80-b34d-ac3e9e2181b8_0.png","https://www.midjourney.com/jobs/80033b3f-bdf4-4d80-b34d-ac3e9e2181b8?index=0","future, high realistic, interior tram, streamlined, fast, in the city, modern, liquid"
"visualsketchbook_tram_interior_with_seats_spread_out_in_the_m_10024f84-09c2-410d-b51e-9d4c3c85335d_0.png","https://www.midjourney.com/jobs/10024f84-09c2-410d-b51e-9d4c3c85335d?index=0","tram interior with seats spread out in the middle of tram in the futuristic style"
"visualsketchbook_modern_simple_futuristic_tram_with_glazing_a651c7b5-3bee-4afc-bfc1-6c4eddea4fa3_0.png","https://www.midjourney.com/jobs/a651c7b5-3bee-4afc-bfc1-6c4eddea4fa3?index=0","modern, simple, futuristic tram with glazing"
"visualsketchbook_photorealistic_interior_of_future_tram_b567fd8b-925f-4020-8c82-8dd817e85e8c_0.png","https://www.midjourney.com/jobs/b567fd8b-925f-4020-8c82-8dd817e85e8c?index=0","photorealistic interior of future tram"
"visualsketchbook_magic_luxfers_9e65dd4b-19aa-48af-9276-93944c599e3c_1.png","https://www.midjourney.com/jobs/9e65dd4b-19aa-48af-9276-93944c599e3c?index=1","magic luxfers"
"visualsketchbook_interior_design_of_a_futuristic_tram_with_or_113139bb-c662-40a8-9359-2254934afdbe_3.png","https://www.midjourney.com/jobs/113139bb-c662-40a8-9359-2254934afdbe?index=3","interior design of a futuristic tram with original panoramic ceiling windows, floor and ceiling lightning, unique seats, visual features, audiovisual system, ergonomic handle"
"visualsketchbook_futuristic_tram_interior_blue_orange_black_L_d558cc66-6c37-460b-ae4a-82c75ed4744f_1.png","https://www.midjourney.com/jobs/d558cc66-6c37-460b-ae4a-82c75ed4744f?index=1","futuristic tram interior, blue, orange, black, LED, glass, curve shapes, round, daylight"
"visualsketchbook_tram_inspiration_Poznan_LED_future_high_tech_b7959adb-7249-41aa-b687-e6bd6ba4bc65_2.png","https://www.midjourney.com/jobs/b7959adb-7249-41aa-b687-e6bd6ba4bc65?index=2","tram, inspiration Poznan, LED, future, high tech, modern, japan"
"visualsketchbook_high_tech_style_tram_modern_technolegy_16cf51a8-fb92-4ad1-8f05-d9bc112a720b_0.png","https://www.midjourney.com/jobs/16cf51a8-fb92-4ad1-8f05-d9bc112a720b?index=0","high tech style tram, modern technolegy"
"visualsketchbook_modern_white_interior_of_tram_with_dark_blue_93db330d-e231-42f6-91eb-e6a740fb95f3_3.png","https://www.midjourney.com/jobs/93db330d-e231-42f6-91eb-e6a740fb95f3?index=3","modern white interior of tram with dark blue elements and orange accents clean open space huge windows"
"visualsketchbook_modern_interior_of_tram_futuristic_b4759f07-6b32-4325-b36c-a19358cb08b4_2.png","https://www.midjourney.com/jobs/b4759f07-6b32-4325-b36c-a19358cb08b4?index=2","modern interior of tram futuristic"
"visualsketchbook_modern_interior_of_tram_light_futuristic_blu_1955b476-b44c-4407-9873-15e714c98405_0.png","https://www.midjourney.com/jobs/1955b476-b44c-4407-9873-15e714c98405?index=0","modern interior of tram light futuristic blue leds orange elements of interior"
"visualsketchbook_desing_biophilic_desing_in_the_interior_of_a_e4fbded4-a3ec-4209-b5ba-87c00ef25dfa_3.png","https://www.midjourney.com/jobs/e4fbded4-a3ec-4209-b5ba-87c00ef25dfa?index=3","desing biophilic desing in the interior of a futuristic tram"
"visualsketchbook_interior_design_of_a_futuristic_tram_with_or_9eb6bbf8-cb58-4183-955e-bdee7dd0ca9f_0.png","https://www.midjourney.com/jobs/9eb6bbf8-cb58-4183-955e-bdee7dd0ca9f?index=0","interior design of a futuristic tram with original panoramic ceiling windows, floor and ceiling lightning, unique seats, visual features, audiovisual system, ergonomic handle"
"visualsketchbook_modern_streamline_tram_interior_in_natural_c_83dbb832-4c55-4547-a267-fd3cae8c0b68_3.png","https://www.midjourney.com/jobs/83dbb832-4c55-4547-a267-fd3cae8c0b68?index=3","modern streamline tram interior in natural colors, copper pipes and seats in unusual forms"
"visualsketchbook_futuristic_tram_interior_blue_orange_black_L_155c9cba-65be-4ca7-bcac-d4ec62707d0e_1.png","https://www.midjourney.com/jobs/155c9cba-65be-4ca7-bcac-d4ec62707d0e?index=1","futuristic tram interior, blue, orange, black, LED, glass, curve shapes, round, daylight, seen from outside"
"visualsketchbook_future_high_realistic_interior_tram_streamli_c21ba64a-86f2-4d18-902e-e30c3c17572d_0.png","https://www.midjourney.com/jobs/c21ba64a-86f2-4d18-902e-e30c3c17572d?index=0","future, high realistic, interior tram, streamlined, fast, wavy, brown, in the city, modern, liquid, comfort seats"
"visualsketchbook_interior_of_future_tram_ergonomic_seats_frie_fe8f419f-80b9-487f-b5d0-199d15af72ea_0.png","https://www.midjourney.com/jobs/fe8f419f-80b9-487f-b5d0-199d15af72ea?index=0","interior of future tram, ergonomic seats, friendly vibe, light colours, without yellow elements, organic shapes, clear space"
"visualsketchbook_tram_modern_interior_lighting_body_of_earthw_3607858d-e3b2-481d-bb42-7615f6605e29_2.png","https://www.midjourney.com/jobs/3607858d-e3b2-481d-bb42-7615f6605e29?index=2","tram, modern, interior, lighting, body of earthworm, fast, seats, bionic shapes, privacy seats"
"visualsketchbook_futuristic_tram_big_windows_geometric_panels_02577025-14f4-493e-bb7e-dbd9590e0775_1.png","https://www.midjourney.com/jobs/02577025-14f4-493e-bb7e-dbd9590e0775?index=1","futuristic tram, big windows, geometric panels on the exterior, white, tinted windows"
"visualsketchbook_futuristic_modern_tram_communication_people__9c97e5ac-0f62-4f63-b071-d61e4eb86454_2.png","https://www.midjourney.com/jobs/9c97e5ac-0f62-4f63-b071-d61e4eb86454?index=2","futuristic, modern, tram, communication, people, light, yellow, blue, white, not geometric, interior, ergonomic"
"visualsketchbook_future_tram_interior_streamlined_fast_wavy_b_f4699339-e03c-44c6-ad50-039c176479d2_2.png","https://www.midjourney.com/jobs/f4699339-e03c-44c6-ad50-039c176479d2?index=2","future, tram interior, streamlined, fast, wavy, brown, sand colors, navy blue, bone structure,bladerunner, seaweed"
"visualsketchbook_modern_interior_of_tram_futuristic_a17dbf1f-c668-4e51-b8b9-9130086822d6_0.png","https://www.midjourney.com/jobs/a17dbf1f-c668-4e51-b8b9-9130086822d6?index=0","modern interior of tram futuristic"
"visualsketchbook_interior_of_futuristic_tram_with_big_windows_7750f05a-e66f-4b2b-af13-e1732f72c623_3.png","https://www.midjourney.com/jobs/7750f05a-e66f-4b2b-af13-e1732f72c623?index=3","interior of futuristic tram with big windows, patterned minimalistic floor, green beige colors, artistic handrails, screen on windows"
"visualsketchbook_tram_outsideabstractdrawing_on_the_ceiling_t_cb69c467-41de-4397-952c-2ede7e4ba96b_3.png","https://www.midjourney.com/jobs/cb69c467-41de-4397-952c-2ede7e4ba96b?index=3","tram outside,abstract,drawing on the ceiling that goes info the floor inside"
"visualsketchbook_interior_of_modern_futuristic_simple_tram_wi_c28c4793-bb44-4b2a-93ed-bba8d70cc46a_3.png","https://www.midjourney.com/jobs/c28c4793-bb44-4b2a-93ed-bba8d70cc46a?index=3","interior of modern, futuristic, simple tram with glazing"
"visualsketchbook_future_interior_tram_streamlined_fast_wavy_b_e2a885a7-44c3-4d7f-a74b-85eee480439a_1.png","https://www.midjourney.com/jobs/e2a885a7-44c3-4d7f-a74b-85eee480439a?index=1","future, interior tram, streamlined, fast, wavy, brown, in the city, modern, liquid, bubbles"
"visualsketchbook_future_interior_tram_streamlined_fast_wavy_n_ae5dac2a-aa87-4665-8e46-91ca6be204a7_0.png","https://www.midjourney.com/jobs/ae5dac2a-aa87-4665-8e46-91ca6be204a7?index=0","future, interior tram, streamlined, fast, wavy, navy blue,bladerunner, seaweed, in the city, modern"
"visualsketchbook_super_fast_and_futuristic_modern_tram_spacio_eea8e091-e196-4f00-9d01-f7b674580c68_0.png","https://www.midjourney.com/jobs/eea8e091-e196-4f00-9d01-f7b674580c68?index=0","super fast and futuristic modern tram spacious inside lots of seats big windows natural colors and wood"
"visualsketchbook_tram_interior_modern_rings_bionic_style_body_5b7d2e8d-7fab-464f-9072-b1c82f256345_0.png","https://www.midjourney.com/jobs/5b7d2e8d-7fab-464f-9072-b1c82f256345?index=0","tram, interior, modern, rings, bionic style, body of earthworm"
"visualsketchbook_space_tram_interior_with_organic_shapes_of_s_b6e9203a-467f-4b91-a7aa-32a06c60dcca_0.png","https://www.midjourney.com/jobs/b6e9203a-467f-4b91-a7aa-32a06c60dcca?index=0","space tram interior with organic shapes of seats and windows"
"visualsketchbook_tram_inside_vincent_callebaut_envision_futur_83435cf1-6470-4c49-a50c-63f4f732f678_2.png","https://www.midjourney.com/jobs/83435cf1-6470-4c49-a50c-63f4f732f678?index=2","tram inside vincent callebaut envision future of mobility as timber-based evtols hydrofoils luxury ergonomic with bid windows and light colours"
"visualsketchbook_futuristic_tram_simple_minimalistic_shapes_g_f82ccc36-fe6c-4311-9fcf-b5f2acf963ad_1.png","https://www.midjourney.com/jobs/f82ccc36-fe6c-4311-9fcf-b5f2acf963ad?index=1","futuristic tram simple minimalistic shapes green gray natural colors big windows"
"visualsketchbook_the_interior_of_modern_simple_and_futuristic_cd6cb88e-609b-41b5-aa70-79bb4e35177a_1.png","https://www.midjourney.com/jobs/cd6cb88e-609b-41b5-aa70-79bb4e35177a?index=1","the interior of modern, simple and futuristic tram, with glazing and nature"
"visualsketchbook_tram_interior_modern_rings_bionic_style_body_8f82e2f1-ef8f-4f36-84f2-df3d81b3188d_0.png","https://www.midjourney.com/jobs/8f82e2f1-ef8f-4f36-84f2-df3d81b3188d?index=0","tram, interior, modern, rings, bionic style, body of earthworm"
"visualsketchbook_future_interior_tram_streamlined_fast_wavy_n_a2877701-4a91-4162-8891-f59c0ce17fce_1.png","https://www.midjourney.com/jobs/a2877701-4a91-4162-8891-f59c0ce17fce?index=1","future, interior tram, streamlined, fast, wavy, navy blue,bladerunner, seaweed, in the city, modern"
"visualsketchbook_tram_interior_fast_unique_forms_toned_colour_d9a49bfe-4f68-4a47-8196-cb3bd061166c_2.png","https://www.midjourney.com/jobs/d9a49bfe-4f68-4a47-8196-cb3bd061166c?index=2","tram interior, fast, unique forms, toned colours, wood, water, metal, light accent"
"visualsketchbook_tram_inspiration_Poznan_LED_future_high_tech_72911e5c-2331-407d-ab0e-956f2a15c427_3.png","https://www.midjourney.com/jobs/72911e5c-2331-407d-ab0e-956f2a15c427?index=3","tram, inspiration Poznan, LED, future, high tech, modern, japan"
"visualsketchbook_future_interior_tram_streamlined_fast_wavy_n_e4397f96-3e82-43ab-9e4a-068d0403ff4e_0.png","https://www.midjourney.com/jobs/e4397f96-3e82-43ab-9e4a-068d0403ff4e?index=0","future, interior tram, streamlined, fast, wavy, navy blue,bladerunner, seaweed, in the city, modern"
"visualsketchbook_tram_interior__interesting_modern_complicate_895758f0-07ec-4526-b09b-dc765c5859d3_2.png","https://www.midjourney.com/jobs/895758f0-07ec-4526-b09b-dc765c5859d3?index=2","tram interior , interesting, modern, complicated shapes, interesting lightning, big windows , handrails and cozy seats"
"visualsketchbook_organiczne_oble_uoone_wiato_w_tramwaju_4c2a36bf-a715-46be-b275-528a17c9a598_1.png","https://www.midjourney.com/jobs/4c2a36bf-a715-46be-b275-528a17c9a598?index=1","organiczne oble ułożone światło w tramwaju"
"visualsketchbook_tram_interior_future_streamlined_shape_moder_39e06d9a-4dcc-4f2c-9e2a-c2d71a744025_0.png","https://www.midjourney.com/jobs/39e06d9a-4dcc-4f2c-9e2a-c2d71a744025?index=0","tram interior, future, streamlined shape, modernist, futuristic, rhythm, white rhythm panels, 3d printing, panoramic window"
"visualsketchbook_cuberpankecolightledtram_17825f23-acab-4f84-a48c-f9f43ab9ba8f_1.png","https://www.midjourney.com/jobs/17825f23-acab-4f84-a48c-f9f43ab9ba8f?index=1","cuberpank,eco,light,led,tram"
"visualsketchbook_magic_luxfers_9e65dd4b-19aa-48af-9276-93944c599e3c_0.png","https://www.midjourney.com/jobs/9e65dd4b-19aa-48af-9276-93944c599e3c?index=0","magic luxfers"
"visualsketchbook_tram_interior_0b3f2a4a-a11d-49c6-ad89-58675173d2d2_3.png","https://www.midjourney.com/jobs/0b3f2a4a-a11d-49c6-ad89-58675173d2d2?index=3","tram interior"
"visualsketchbook_exterioir_of_a_futuristic_tram_inspired_cosm_8c33b55f-06a5-47cd-bd0b-26051185d7aa_2.png","https://www.midjourney.com/jobs/8c33b55f-06a5-47cd-bd0b-26051185d7aa?index=2","exterioir of a futuristic tram inspired cosmos space"
"visualsketchbook_modern_futuristic_tram_ecologic_economic_ins_d47b1b5e-8392-4918-9a5a-a6aac0ab3b37_0.png","https://www.midjourney.com/jobs/d47b1b5e-8392-4918-9a5a-a6aac0ab3b37?index=0","modern futuristic tram ecologic economic inspired by nature wooden elements use of glass and metal fast"
"visualsketchbook_reflection_1e87ebcc-8573-482b-ab23-8b8513e1be5d_3.png","https://www.midjourney.com/jobs/1e87ebcc-8573-482b-ab23-8b8513e1be5d?index=3","reflection"
"visualsketchbook_imagine_a_tram_interior_sustainability_futur_86fd63e5-9869-4b73-adbd-19f199a3f50e_3.png","https://www.midjourney.com/jobs/86fd63e5-9869-4b73-adbd-19f199a3f50e?index=3","imagine a tram interior, sustainability, future, beige and green colors, ambient lighting, round shapes, big round windows, ceiling and floor lighting, eco, recycling materials, ergonomic, realistic, white floor, fascinating shapes, new technologies, led lighting"
"visualsketchbook_modern_white_interior_of_tram_with_dark_blue_39018bc9-8a31-4130-a879-89eea95069f3_0.png","https://www.midjourney.com/jobs/39018bc9-8a31-4130-a879-89eea95069f3?index=0","modern white interior of tram with dark blue elements and orange accents clean open space huge windows"
"visualsketchbook_modern_interior_of_tram_futuristic_67a1fc1a-4bc1-424c-b03d-b43963c1271f_3.png","https://www.midjourney.com/jobs/67a1fc1a-4bc1-424c-b03d-b43963c1271f?index=3","modern interior of tram futuristic"
"visualsketchbook_futurystic_design_of_tram_interior_with_orga_cacd2309-ff16-457a-a168-9cd23eabaac1_0.png","https://www.midjourney.com/jobs/cacd2309-ff16-457a-a168-9cd23eabaac1?index=0","futurystic design of tram interior with organic convex form of lighting an windows"
"visualsketchbook_future_high_realistic_interior_tram_streamli_6eacba13-918b-4faf-89ce-92771104b75a_3.png","https://www.midjourney.com/jobs/6eacba13-918b-4faf-89ce-92771104b75a?index=3","future, high realistic, interior tram, streamlined, fast, in the city, modern, liquid"
"visualsketchbook_modern_tram_d0ca693e-457e-42f1-9177-72d2a611e700_1.png","https://www.midjourney.com/jobs/d0ca693e-457e-42f1-9177-72d2a611e700?index=1","modern tram"
"visualsketchbook_functionallity_7b9536e7-507f-4833-ad83-207261315dee_3.png","https://www.midjourney.com/jobs/7b9536e7-507f-4833-ad83-207261315dee?index=3","functionallity"
"visualsketchbook_create_interior_tram_futuristic_green_ergomo_40cb5e89-bb03-454a-9c1b-159e09a146d2_1.png","https://www.midjourney.com/jobs/40cb5e89-bb03-454a-9c1b-159e09a146d2?index=1","create interior tram futuristic, green, ergomomic, plants, modern luxurious, led lighting"
"visualsketchbook_tram_interior__interesting_modern_complicate_f2998ca7-9964-42ae-b102-c11c26566bbf_2.png","https://www.midjourney.com/jobs/f2998ca7-9964-42ae-b102-c11c26566bbf?index=2","tram interior , interesting, modern, complicated shapes, interesting lightning, big windows , handrails and cozy seats"
"visualsketchbook_TRAM_INTERIOR_INSPIRED_BY_COSMOS_SPACE_5af2e39c-390d-413c-ac31-37b5a80b4870_1.png","https://www.midjourney.com/jobs/5af2e39c-390d-413c-ac31-37b5a80b4870?index=1","TRAM INTERIOR INSPIRED BY COSMOS SPACE"
"visualsketchbook_futuristic_tram_interior_in_natural_colors.__11b337a6-23f0-4ea2-b07e-446aea77fc5f_2.png","https://www.midjourney.com/jobs/11b337a6-23f0-4ea2-b07e-446aea77fc5f?index=2","futuristic tram interior in natural colors. copper brancing pipes, seats are in unusual form"
"visualsketchbook_future_high_realistic_interior_tram_streamli_9948c03e-8fb3-4371-bbe3-07ae7d9921fb_0.png","https://www.midjourney.com/jobs/9948c03e-8fb3-4371-bbe3-07ae7d9921fb?index=0","future, high realistic, interior tram, streamlined, fast, wavy, brown, in the city, modern, liquid"
"visualsketchbook_space_tram_interior_with_organic_shapes_of_s_4fff1223-92b9-462b-8d57-02045fe03d42_0.png","https://www.midjourney.com/jobs/4fff1223-92b9-462b-8d57-02045fe03d42?index=0","space tram interior with organic shapes of seats and windows"
"visualsketchbook_futuristic_tram_interior_in_natural_colors.__0cdbd3c0-eea6-42f8-ac40-d636fe3e5404_2.png","https://www.midjourney.com/jobs/0cdbd3c0-eea6-42f8-ac40-d636fe3e5404?index=2","futuristic tram interior in natural colors. copper brancing pipes, seats are in unusual form"
"visualsketchbook_photorealistic_interior_of_future_tram_f2246e14-5757-463e-8c90-9f9bd60fc4d4_0.png","https://www.midjourney.com/jobs/f2246e14-5757-463e-8c90-9f9bd60fc4d4?index=0","photorealistic interior of future tram"
"visualsketchbook_tram_interior_1068a725-eb83-417e-94b3-f5e2b2a2a322_3.png","https://www.midjourney.com/jobs/1068a725-eb83-417e-94b3-f5e2b2a2a322?index=3","tram interior"
"visualsketchbook_tramecobig_windowblueabstrat_seatled_light_4cfd59e3-020b-44b8-a122-e7c458ba1fc7_0.png","https://www.midjourney.com/jobs/4cfd59e3-020b-44b8-a122-e7c458ba1fc7?index=0","tram,eco,big window,blue,abstrat seat,led light"
"visualsketchbook_functionality_sky_way_tram_interior_for_chil_2f840e8a-789e-43f2-98fc-7bc21a4d9f57_1.png","https://www.midjourney.com/jobs/2f840e8a-789e-43f2-98fc-7bc21a4d9f57?index=1","functionality, sky way tram, interior for children tram, city"
"visualsketchbook_tram_outsideabstractdrawing_on_the_ceiling_t_9aec1f71-735d-4928-834d-b09ed0f154ba_0.png","https://www.midjourney.com/jobs/9aec1f71-735d-4928-834d-b09ed0f154ba?index=0","tram outside,abstract,drawing on the ceiling that goes info the floor inside"
"visualsketchbook_tram_interior_0b3f2a4a-a11d-49c6-ad89-58675173d2d2_0.png","https://www.midjourney.com/jobs/0b3f2a4a-a11d-49c6-ad89-58675173d2d2?index=0","tram interior"
"visualsketchbook_tramecobig_windowblueabstrat_seatled_light_7afc3cdd-c345-47ac-9ed4-e36d8406201e_1.png","https://www.midjourney.com/jobs/7afc3cdd-c345-47ac-9ed4-e36d8406201e?index=1","tram,eco,big window,blue,abstrat seat,led light"
"visualsketchbook_modern_interior_of_tram_light_futuristic_blu_842dc5e5-c753-402c-b8f9-99657f038d8a_1.png","https://www.midjourney.com/jobs/842dc5e5-c753-402c-b8f9-99657f038d8a?index=1","modern interior of tram light futuristic blue leds orange elements of interior"
"visualsketchbook_high_tech_style_tram_modern_technolegy_be0af2eb-08b3-4ac2-bf56-487a95684d23_3.png","https://www.midjourney.com/jobs/be0af2eb-08b3-4ac2-bf56-487a95684d23?index=3","high tech style tram, modern technolegy"
"visualsketchbook_tramecobig_windowblueabstrat_seatled_light_f4330595-6462-4410-b6c0-3b1f26d2f443_1.png","https://www.midjourney.com/jobs/f4330595-6462-4410-b6c0-3b1f26d2f443?index=1","tram,eco,big window,blue,abstrat seat,led light"
"visualsketchbook_create_interior_tram_futuristic_green_ergomo_bb139e21-24f7-4550-84f2-6106b3642e93_1.png","https://www.midjourney.com/jobs/bb139e21-24f7-4550-84f2-6106b3642e93?index=1","create interior tram futuristic, green, ergomomic, plants, modern luxurious, led lighting"
"visualsketchbook_tram_interior_future_streamlined_shape_moder_20175cfa-e113-410e-846d-33d3df1b8b99_0.png","https://www.midjourney.com/jobs/20175cfa-e113-410e-846d-33d3df1b8b99?index=0","tram interior, future, streamlined shape, modernist, futuristic, rhythm, white rhythm panels, 3d printing, panoramic window, warm light, woodeen floor, plants"
"visualsketchbook_tram_interior_futuristic_cyberpunk_style_geo_de76413a-f5a7-4116-8433-79d5c411bd54_3.png","https://www.midjourney.com/jobs/de76413a-f5a7-4116-8433-79d5c411bd54?index=3","tram interior, futuristic, cyberpunk style, geometric forms, seating"
"visualsketchbook_interior_of_tram_biophilic_futuristic_funkti_da5f1d2a-4459-49bb-a798-a783a8d07a9c_1.png","https://www.midjourney.com/jobs/da5f1d2a-4459-49bb-a798-a783a8d07a9c?index=1","interior of tram, biophilic, futuristic, funktional, cirkle, led lighting, big windows, new technologies, dark green colours"
"visualsketchbook_futuristic_streamline_tram_interior_in_natur_347d4932-122b-426f-802c-0418fd825fd0_0.png","https://www.midjourney.com/jobs/347d4932-122b-426f-802c-0418fd825fd0?index=0","futuristic streamline tram interior in natural olive green colors. copper brancing pipes, seats have unusual form"
"visualsketchbook_high_tech_style_tram_modern_technolegy_be0af2eb-08b3-4ac2-bf56-487a95684d23_2.png","https://www.midjourney.com/jobs/be0af2eb-08b3-4ac2-bf56-487a95684d23?index=2","high tech style tram, modern technolegy"
"visualsketchbook_TRAM_INTERIOR_INSPIRED_BY_COSMOS_SPACE_58e70731-53b8-447c-af23-8b122014f8a6_3.png","https://www.midjourney.com/jobs/58e70731-53b8-447c-af23-8b122014f8a6?index=3","TRAM INTERIOR INSPIRED BY COSMOS SPACE"
"visualsketchbook_tram_interior_future_streamlined_shape_moder_4ac5ae4b-c66b-4b4c-a72f-e6c3d86f96d6_0.png","https://www.midjourney.com/jobs/4ac5ae4b-c66b-4b4c-a72f-e6c3d86f96d6?index=0","tram interior, future, streamlined shape, modernist, futuristic, rhythm, white rhythm panels, 3d printing, panoramic window, warm light, woodeen floor, plants"
"visualsketchbook_tram_interior_future_streamlined_shape_moder_44db713f-5ad0-4fd0-b464-b7db67e3ac23_0.png","https://www.midjourney.com/jobs/44db713f-5ad0-4fd0-b464-b7db67e3ac23?index=0","tram interior, future, streamlined shape, modernist, futuristic, rhythm, white rhythm panels, 3d printing, panoramic window"
"visualsketchbook_futuristic_tram_interior_in_natural_colors.__701d11cc-f266-4fa0-8748-c8482232b6a7_3.png","https://www.midjourney.com/jobs/701d11cc-f266-4fa0-8748-c8482232b6a7?index=3","futuristic tram interior in natural colors. copper brancing pipes, seats are in unusual form with organic convex forms and natural form of lighting"
"visualsketchbook_futuristic_modern_tram_communication_people__b69336f4-5135-414e-96e8-1604122ee043_1.png","https://www.midjourney.com/jobs/b69336f4-5135-414e-96e8-1604122ee043?index=1","futuristic, modern, tram, communication, people, light, yellow, blue, white, not geometric,"
"visualsketchbook_tram_outsideabstractdrawing_on_the_ceiling_t_9aec1f71-735d-4928-834d-b09ed0f154ba_3.png","https://www.midjourney.com/jobs/9aec1f71-735d-4928-834d-b09ed0f154ba?index=3","tram outside,abstract,drawing on the ceiling that goes info the floor inside"
"visualsketchbook_futuristic_tram_simple_minimalistic_shapes_g_6a12a506-758c-4d55-8229-a241ddd72979_2.png","https://www.midjourney.com/jobs/6a12a506-758c-4d55-8229-a241ddd72979?index=2","futuristic tram simple minimalistic shapes green gray natural colors big windows"
"visualsketchbook_tram_outsideabstractdrawing_on_the_ceiling_t_9aec1f71-735d-4928-834d-b09ed0f154ba_2.png","https://www.midjourney.com/jobs/9aec1f71-735d-4928-834d-b09ed0f154ba?index=2","tram outside,abstract,drawing on the ceiling that goes info the floor inside"
"visualsketchbook_futuristic_tram_interior_in_natural_colors.__7e103d20-25a3-4f35-b5c4-3aee3a554e53_0.png","https://www.midjourney.com/jobs/7e103d20-25a3-4f35-b5c4-3aee3a554e53?index=0","futuristic tram interior in natural colors. copper brancing pipes, seats are in unusual form with organic convex forms and natural form of lighting"
"visualsketchbook_tram_interior_modern_rings_bionic_style_body_9e8a09bf-89ba-49d4-b9eb-7b4ceff3f00b_3.png","https://www.midjourney.com/jobs/9e8a09bf-89ba-49d4-b9eb-7b4ceff3f00b?index=3","tram, interior, modern, rings, bionic style, body of earthworm"
"visualsketchbook_led_light_in_colour_a9010816-4248-47c7-a166-c8dd8c184c6f_3.png","https://www.midjourney.com/jobs/a9010816-4248-47c7-a166-c8dd8c184c6f?index=3","led light in colour"
"visualsketchbook_futuristic_tram_interior_blue_orange_black_L_e9821b57-05b0-4d92-9f4b-805a642c6600_3.png","https://www.midjourney.com/jobs/e9821b57-05b0-4d92-9f4b-805a642c6600?index=3","futuristic tram interior, blue, orange, black, LED, glass, curve shapes, round, daylight, seen from outside"
"visualsketchbook_minimalism_interior_tram_functionality_light_bbf813d4-d2f2-44c9-98bb-ea85a8d852d3_2.png","https://www.midjourney.com/jobs/bbf813d4-d2f2-44c9-98bb-ea85a8d852d3?index=2","minimalism interior tram, functionality, light, komfortable"
"visualsketchbook_modern_future_tram_futuristic_light_led_4c8f7fbc-277e-4667-8a41-414d3b51003d_3.png","https://www.midjourney.com/jobs/4c8f7fbc-277e-4667-8a41-414d3b51003d?index=3","modern future tram futuristic light led"
"visualsketchbook_modern_interior_of_tram_futuristic_231f5b99-dad0-4c1b-8b89-cd5662b3d3a8_0.png","https://www.midjourney.com/jobs/231f5b99-dad0-4c1b-8b89-cd5662b3d3a8?index=0","modern interior of tram futuristic"
"visualsketchbook_tram_interior_future_streamlined_shape_moder_b5097fca-23d7-4ff7-a92c-7e746c396973_0.png","https://www.midjourney.com/jobs/b5097fca-23d7-4ff7-a92c-7e746c396973?index=0","tram interior, future, streamlined shape, modernist, futuristic, rhythm, white rhythm panels, panoramic window"
"visualsketchbook_modern_tram_10333ad2-7a23-49ae-977f-6035c3979e61_0.png","https://www.midjourney.com/jobs/10333ad2-7a23-49ae-977f-6035c3979e61?index=0","modern tram"
"visualsketchbook_interior_of_modern_futuristic_simple_tram_wi_5cf278ec-d5eb-48af-8bee-ae4ac6b62059_0.png","https://www.midjourney.com/jobs/5cf278ec-d5eb-48af-8bee-ae4ac6b62059?index=0","interior of modern, futuristic, simple tram with glazing"
"visualsketchbook_colorfull_play_of_light_inside_tram_futurist_13539ed4-e09c-4f2b-8959-163aae47506d_0.png","https://www.midjourney.com/jobs/13539ed4-e09c-4f2b-8959-163aae47506d?index=0","colorfull play of light inside tram, futuristic, inspire by cosmos"
"visualsketchbook_future_tram_modern_streamlined_new_design_re_52d5f04b-0d1d-4011-b0a7-9ceeefb09dc5_3.png","https://www.midjourney.com/jobs/52d5f04b-0d1d-4011-b0a7-9ceeefb09dc5?index=3","future tram modern streamlined new design red colour led round parametric 2 seats"
"visualsketchbook_cuberpank_tramblueabstratbig_window_5b76aefa-59f1-4711-95c9-60bb85e8a580_1.png","https://www.midjourney.com/jobs/5b76aefa-59f1-4711-95c9-60bb85e8a580?index=1","cuberpank tram,blue,abstrat,big window"
"visualsketchbook_led_light_in_colour_a9010816-4248-47c7-a166-c8dd8c184c6f_1.png","https://www.midjourney.com/jobs/a9010816-4248-47c7-a166-c8dd8c184c6f?index=1","led light in colour"
"visualsketchbook_desing_biophilic_desing_in_the_interior_of_a_e4fbded4-a3ec-4209-b5ba-87c00ef25dfa_2.png","https://www.midjourney.com/jobs/e4fbded4-a3ec-4209-b5ba-87c00ef25dfa?index=2","desing biophilic desing in the interior of a futuristic tram"
"visualsketchbook_crooked_lines_dd14cb5a-94b9-4543-8a01-f581fcf1c9c3_3.png","https://www.midjourney.com/jobs/dd14cb5a-94b9-4543-8a01-f581fcf1c9c3?index=3","crooked lines"
"visualsketchbook_futuristic_modern_tram_communication_people__3bbd33c0-6b6a-4735-98a2-148313e3cddb_3.png","https://www.midjourney.com/jobs/3bbd33c0-6b6a-4735-98a2-148313e3cddb?index=3","futuristic, modern, tram, communication, people, light, yellow, blue, white, not geometric, with geometric cube chair"
"visualsketchbook_future_interior_tram_streamlined_fast_wavy_b_e2a885a7-44c3-4d7f-a74b-85eee480439a_2.png","https://www.midjourney.com/jobs/e2a885a7-44c3-4d7f-a74b-85eee480439a?index=2","future, interior tram, streamlined, fast, wavy, brown, in the city, modern, liquid, bubbles"
"visualsketchbook_futuristic_modern_tram_communication_people__45b5ff2e-3802-43b4-aef2-03359255b382_0.png","https://www.midjourney.com/jobs/45b5ff2e-3802-43b4-aef2-03359255b382?index=0","futuristic, modern, tram, communication, people, light, yellow, blue, white, not geometric,"
"visualsketchbook_fast_tram_nature_sky_way_tram_city_tram_810f9229-6ebd-4eec-9a42-8697be1ab41f_0.png","https://www.midjourney.com/jobs/810f9229-6ebd-4eec-9a42-8697be1ab41f?index=0","fast tram, nature, sky way tram, city tram"
"visualsketchbook_tram_exterior_natural_organic_shapes_big_win_8db4ffac-6a7c-4545-885d-7d29ec5492d5_2.png","https://www.midjourney.com/jobs/8db4ffac-6a7c-4545-885d-7d29ec5492d5?index=2","tram exterior, natural, organic shapes, big windows, fast, streamlined, toned colours, city"
"visualsketchbook_futuristic_tram_interior_in_natural_colors.__dcfa15ca-ad38-4fca-995f-faf9ab7cde91_3.png","https://www.midjourney.com/jobs/dcfa15ca-ad38-4fca-995f-faf9ab7cde91?index=3","futuristic tram interior in natural colors. made of recycled materials. copper brancing pipes, seats are in unusual form with organic convex forms and natural form of lighting"
"visualsketchbook_modern_white_interior_of_tram_with_dark_blue_39018bc9-8a31-4130-a879-89eea95069f3_1.png","https://www.midjourney.com/jobs/39018bc9-8a31-4130-a879-89eea95069f3?index=1","modern white interior of tram with dark blue elements and orange accents clean open space huge windows"
"visualsketchbook_futuristic_modern_tram_communication_people__4daf8f7e-34e6-47f8-8235-e7052ae70ea2_3.png","https://www.midjourney.com/jobs/4daf8f7e-34e6-47f8-8235-e7052ae70ea2?index=3","futuristic, modern, tram, communication, people, light, yellow, blue, white, not geometric, interior, ergonomic"
"visualsketchbook_futuristic_tram_interior_with_organic_light__78b105ad-202b-4bee-9fe7-7b3ece749713_0.png","https://www.midjourney.com/jobs/78b105ad-202b-4bee-9fe7-7b3ece749713?index=0","futuristic tram interior with organic light, cyberpank, cosmos"
"visualsketchbook_desing_biophilic_desing_in_the_interior_of_a_36e00745-3b96-4807-84bf-fdbecc1c49b3_3.png","https://www.midjourney.com/jobs/36e00745-3b96-4807-84bf-fdbecc1c49b3?index=3","desing biophilic desing in the interior of a futuristic tram"
"visualsketchbook_tram_vincent_callebaut_envision_future_of_mo_07d125cd-e087-418e-9ec3-0faabc218753_1.png","https://www.midjourney.com/jobs/07d125cd-e087-418e-9ec3-0faabc218753?index=1","tram vincent callebaut envision future of mobility as timber-based evtols hydrofoils luxury ergonomic with bid windows and light colours"
"visualsketchbook_tram_interior_with_seats_spread_out_in_the_m_eb75a00a-6a10-476b-8b3a-1ee9114d1e60_2.png","https://www.midjourney.com/jobs/eb75a00a-6a10-476b-8b3a-1ee9114d1e60?index=2","tram interior with seats spread out in the middle of tram in the futuristic style"
"visualsketchbook_modern_interior_of_tram_futuristic_07e7f3d0-fdb0-4b8c-9aa9-c151fc96deb7_1.png","https://www.midjourney.com/jobs/07e7f3d0-fdb0-4b8c-9aa9-c151fc96deb7?index=1","modern interior of tram futuristic"
"visualsketchbook_hospital_of_the_future_2450ddee-cdf1-415e-bc47-5235161e21da_0.png","https://www.midjourney.com/jobs/2450ddee-cdf1-415e-bc47-5235161e21da?index=0","hospital of the future"
"visualsketchbook_interior_of_futuristic_tram_with_big_windows_c01d2d55-2625-4132-a101-addacd322d99_3.png","https://www.midjourney.com/jobs/c01d2d55-2625-4132-a101-addacd322d99?index=3","interior of futuristic tram with big windows, cyber eco style, light green gray colors, handrails, screen on windows, a lot of place to sit, chairs, photorealistic, hi tech"
"visualsketchbook_interior_of_future_tram_ergonomic_seats_frie_d2e1bd2e-5d0c-4820-aba9-a367a82df5a2_0.png","https://www.midjourney.com/jobs/d2e1bd2e-5d0c-4820-aba9-a367a82df5a2?index=0","interior of future tram, ergonomic seats, friendly vibe, light colours, without yellow elements, organic shapes, clear space"
"visualsketchbook_cyberpunk_style_tram_white_geometric_panels__81ca9131-6c3e-4dce-8158-bc2bb79c5889_2.png","https://www.midjourney.com/jobs/81ca9131-6c3e-4dce-8158-bc2bb79c5889?index=2","cyberpunk style tram, white geometric panels on the exterior, big windows, glass roof, led lights"
"visualsketchbook_imagine_an_ergonomic_tram_seat_white_realist_11561ccd-c5e5-4de5-b96d-55a47b6e815e_0.png","https://www.midjourney.com/jobs/11561ccd-c5e5-4de5-b96d-55a47b6e815e?index=0","imagine an ergonomic tram seat, white, realistic, ambient lighting, wood,"
"visualsketchbook_future_interior_tram_streamlined_fast_wavy_b_eab51085-a49c-4a5b-b3a6-d2800e8e3df9_0.png","https://www.midjourney.com/jobs/eab51085-a49c-4a5b-b3a6-d2800e8e3df9?index=0","future, interior tram, streamlined, fast, wavy, brown, in the city, modern, liquid"
"visualsketchbook_future_high_realistic_interior_tram_streamli_80033b3f-bdf4-4d80-b34d-ac3e9e2181b8_2.png","https://www.midjourney.com/jobs/80033b3f-bdf4-4d80-b34d-ac3e9e2181b8?index=2","future, high realistic, interior tram, streamlined, fast, in the city, modern, liquid"
"visualsketchbook_interior_of_tram_with_glass_windows_referenc_66b63808-246c-4380-9d6c-67a0361c1b77_3.png","https://www.midjourney.com/jobs/66b63808-246c-4380-9d6c-67a0361c1b77?index=3","interior of tram with glass windows reference to plants and their structure"
"visualsketchbook_tram_interior_efd16c70-60b9-42ab-af10-d4786980c49c_3.png","https://www.midjourney.com/jobs/efd16c70-60b9-42ab-af10-d4786980c49c?index=3","tram interior"
"visualsketchbook_modern_white_interior_of_tram_with_dark_blue_d9abdfe9-cc8a-4b9c-befc-608d9bf7ba97_0.png","https://www.midjourney.com/jobs/d9abdfe9-cc8a-4b9c-befc-608d9bf7ba97?index=0","modern white interior of tram with dark blue elements and orange accents clean open space huge windows"
"visualsketchbook_futuristic_modern_and_fast_tram_being_an_art_7bba5d35-d17c-469f-8ca5-e7cf360ca12e_0.png","https://www.midjourney.com/jobs/7bba5d35-d17c-469f-8ca5-e7cf360ca12e?index=0","futuristic modern and fast tram being an art performance lots of glass and metal soacious interior many seats"
"visualsketchbook_tram_5_seats_desinger_chair_celining_with_a__f6f77134-b9ae-4344-8e53-b4190dad25db_0.png","https://www.midjourney.com/jobs/f6f77134-b9ae-4344-8e53-b4190dad25db?index=0","tram 5 seats desinger chair celining with a lot of liner lighting blue coloristic huge window stained glass on floor"
"visualsketchbook_sky_way_tram_glasses_floor_interior_minimali_cb5aa9f0-ca8d-4af7-bb9e-e624c86fe807_0.png","https://www.midjourney.com/jobs/cb5aa9f0-ca8d-4af7-bb9e-e624c86fe807?index=0","sky way tram, glasses floor interior, minimalism, funktional"
"visualsketchbook_space_tram_interior_with_organic_shapes_of_s_2fca0f37-dcd8-460d-b2b0-b2eb1eec08c2_0.png","https://www.midjourney.com/jobs/2fca0f37-dcd8-460d-b2b0-b2eb1eec08c2?index=0","space tram interior with organic shapes of seats and windows"
"visualsketchbook_interior_of_tram_biophilic_nature_biedge_fun_9c40ec65-9c0d-41e6-9a8a-4ed4c436e190_2.png","https://www.midjourney.com/jobs/9c40ec65-9c0d-41e6-9a8a-4ed4c436e190?index=2","interior of tram, biophilic, nature, biedge, funktional"
"visualsketchbook_cuberpankecolightledtram_2c960ac8-06fc-4fbf-b495-57d519829af4_2.png","https://www.midjourney.com/jobs/2c960ac8-06fc-4fbf-b495-57d519829af4?index=2","cuberpank,eco,light,led,tram"
"visualsketchbook_futuristic_tram_simple_minimalistic_shapes_g_4873ef4d-aa52-4d55-9ba8-8d2f256954a1_0.png","https://www.midjourney.com/jobs/4873ef4d-aa52-4d55-9ba8-8d2f256954a1?index=0","futuristic tram simple minimalistic shapes green gray natural colors big windows"
"visualsketchbook_tram_interior_fast_unique_forms_toned_colour_d9a49bfe-4f68-4a47-8196-cb3bd061166c_1.png","https://www.midjourney.com/jobs/d9a49bfe-4f68-4a47-8196-cb3bd061166c?index=1","tram interior, fast, unique forms, toned colours, wood, water, metal, light accent"
"visualsketchbook_future_tram_streamlined_fast_wavy_brownblade_ec7d2a8f-b93d-4485-a5a8-673a640079bd_3.png","https://www.midjourney.com/jobs/ec7d2a8f-b93d-4485-a5a8-673a640079bd?index=3","future, tram, streamlined, fast, wavy, brown,bladerunner, seaweed, in the city, modern"
"visualsketchbook_interior_design_of_a_futuristic_tram_with_or_9a5c36f3-96b3-4c30-a73d-552b5d742cf5_2.png","https://www.midjourney.com/jobs/9a5c36f3-96b3-4c30-a73d-552b5d742cf5?index=2","interior design of a futuristic tram with original panoramic ceiling windows, floor and ceiling lightning, unique seats, visual features, audiovisual system, ergonomic handle"
"visualsketchbook_future_interior_tram_streamlined_fast_wavy_b_a8ae5615-cabf-4ba9-8524-677015b72ee8_0.png","https://www.midjourney.com/jobs/a8ae5615-cabf-4ba9-8524-677015b72ee8?index=0","future, interior tram, streamlined, fast, wavy, brown, in the city, modern, liquid, bubbles"
"visualsketchbook_create_interior_tram_futuristic_green_ergomo_bb139e21-24f7-4550-84f2-6106b3642e93_2.png","https://www.midjourney.com/jobs/bb139e21-24f7-4550-84f2-6106b3642e93?index=2","create interior tram futuristic, green, ergomomic, plants, modern luxurious, led lighting"
"visualsketchbook_new_tram_interior_9849f22e-663c-45ca-b070-4f25e6424cd5_0.png","https://www.midjourney.com/jobs/9849f22e-663c-45ca-b070-4f25e6424cd5?index=0","new tram interior"
"visualsketchbook_drops_of_woter_d7dec551-fd03-4ff0-b457-ec749e9deefd_1.png","https://www.midjourney.com/jobs/d7dec551-fd03-4ff0-b457-ec749e9deefd?index=1","drops of woter"
"visualsketchbook_tram_future_streamlined_shape_modernist_futu_078632ca-78e7-4731-97f0-4fa08fffb851_0.png","https://www.midjourney.com/jobs/078632ca-78e7-4731-97f0-4fa08fffb851?index=0","tram, future, streamlined shape, modernist, futuristic, rhythm, white rhythm panels, panoramic window"
"visualsketchbook_interior_design_of_a_futuristic_tram_with_or_f3e39938-1cc7-417e-93db-57a34b524bd9_3.png","https://www.midjourney.com/jobs/f3e39938-1cc7-417e-93db-57a34b524bd9?index=3","interior design of a futuristic tram with original panoramic ceiling windows, floor and ceiling lightning, unique seats, visual features, audiovisual system, ergonomic handle"
"visualsketchbook_modern_white_interior_of_tram_with_dark_blue_7bb54d6c-a450-47ec-b93a-752cf8d5c880_0.png","https://www.midjourney.com/jobs/7bb54d6c-a450-47ec-b93a-752cf8d5c880?index=0","modern white interior of tram with dark blue elements and orange accents clean open space huge windows"
"visualsketchbook_crooked_lines_ab663428-ded7-4261-9e8c-a24bd14111a0_0.png","https://www.midjourney.com/jobs/ab663428-ded7-4261-9e8c-a24bd14111a0?index=0","crooked lines"
"visualsketchbook_futurystic_design_of_tram_interior_with_orga_cacd2309-ff16-457a-a168-9cd23eabaac1_2.png","https://www.midjourney.com/jobs/cacd2309-ff16-457a-a168-9cd23eabaac1?index=2","futurystic design of tram interior with organic convex form of lighting an windows"
"visualsketchbook_modern_interior_of_tram_futuristic_7e3f7521-8c05-4d15-a405-92c51efdafbd_0.png","https://www.midjourney.com/jobs/7e3f7521-8c05-4d15-a405-92c51efdafbd?index=0","modern interior of tram futuristic"
"visualsketchbook_futuristic_modern_tram_communication_people__3bbd33c0-6b6a-4735-98a2-148313e3cddb_1.png","https://www.midjourney.com/jobs/3bbd33c0-6b6a-4735-98a2-148313e3cddb?index=1","futuristic, modern, tram, communication, people, light, yellow, blue, white, not geometric, with geometric cube chair"
"visualsketchbook_futuristic_tram_big_windows_geometric_panels_02577025-14f4-493e-bb7e-dbd9590e0775_3.png","https://www.midjourney.com/jobs/02577025-14f4-493e-bb7e-dbd9590e0775?index=3","futuristic tram, big windows, geometric panels on the exterior, white, tinted windows"
"visualsketchbook_create_interior_tram_futuristic_green_ergomo_19662513-87da-4850-bb02-26ef9f19078e_1.png","https://www.midjourney.com/jobs/19662513-87da-4850-bb02-26ef9f19078e?index=1","create interior tram futuristic, green, ergomomic, plants, modern luxurious, led lighting"
"visualsketchbook_tram_interior_in_dark_shaded_streamlined_sha_f676e413-c1ed-47a3-8f83-b7500a49e7e7_3.png","https://www.midjourney.com/jobs/f676e413-c1ed-47a3-8f83-b7500a49e7e7?index=3","tram interior in dark shaded, streamlined shape, copper accents, modernistic, futuristic, big windows"
"visualsketchbook_tram_interior_futuristic_cyberpunk_style_geo_bf470300-eb24-450f-9cd4-9a38b61e72d3_0.png","https://www.midjourney.com/jobs/bf470300-eb24-450f-9cd4-9a38b61e72d3?index=0","tram interior, futuristic, cyberpunk style, geometric forms, seating"
"visualsketchbook_modern_white_interior_of_tram_with_dark_blue_39018bc9-8a31-4130-a879-89eea95069f3_3.png","https://www.midjourney.com/jobs/39018bc9-8a31-4130-a879-89eea95069f3?index=3","modern white interior of tram with dark blue elements and orange accents clean open space huge windows"
"visualsketchbook_future_interior_tram_streamlined_fast_wavy_b_e2a885a7-44c3-4d7f-a74b-85eee480439a_3.png","https://www.midjourney.com/jobs/e2a885a7-44c3-4d7f-a74b-85eee480439a?index=3","future, interior tram, streamlined, fast, wavy, brown, in the city, modern, liquid, bubbles"
"visualsketchbook_modern_interior_of_tram_light_futuristic_blu_842dc5e5-c753-402c-b8f9-99657f038d8a_3.png","https://www.midjourney.com/jobs/842dc5e5-c753-402c-b8f9-99657f038d8a?index=3","modern interior of tram light futuristic blue leds orange elements of interior"
"visualsketchbook_fast_tram_nature_sky_way_tram_city_tram_--v__1fced11e-d7ff-4ba7-b060-c50680a8d93f_1.png","https://www.midjourney.com/jobs/1fced11e-d7ff-4ba7-b060-c50680a8d93f?index=1","fast tram, nature, sky way tram, city tram"
"visualsketchbook_future_tram_streamlined_designer_round_singl_6ab7a98f-6f2c-4b52-879e-e4126ebc1595_1.png","https://www.midjourney.com/jobs/6ab7a98f-6f2c-4b52-879e-e4126ebc1595?index=1","future tram streamlined designer round single chair linear light on ceiling big window futuristic"
"visualsketchbook_interior_of_futurystic_tram_with_glass_windo_a68f977f-cd5f-40f3-9412-6ca7cc9b3381_0.png","https://www.midjourney.com/jobs/a68f977f-cd5f-40f3-9412-6ca7cc9b3381?index=0","interior of futurystic tram with glass windows reference to structure of plants in grey and lighty colors"
"visualsketchbook_futuristic_streamline_tram_interior_with_org_df732029-2bd8-4ce9-9e12-878f84f81b22_3.png","https://www.midjourney.com/jobs/df732029-2bd8-4ce9-9e12-878f84f81b22?index=3","futuristic streamline tram interior with organic convex forms and natural form of lighting"
"visualsketchbook_futuristic_modern_tram_communication_people__d79d2b68-2aa9-4e43-aaff-2fbcdfa78d37_0.png","https://www.midjourney.com/jobs/d79d2b68-2aa9-4e43-aaff-2fbcdfa78d37?index=0","futuristic, modern, tram, communication, people, light, yellow, blue, white, not geometric,"
"visualsketchbook_tramecobig_windowblueabstrat_seatled_light_556f8b56-0a5f-4655-be04-e260acbf8dd9_0.png","https://www.midjourney.com/jobs/556f8b56-0a5f-4655-be04-e260acbf8dd9?index=0","tram,eco,big window,blue,abstrat seat,led light"
"visualsketchbook_drops_of_woter_42a951b0-ec14-4538-8e54-68f6a168cbfb_3.png","https://www.midjourney.com/jobs/42a951b0-ec14-4538-8e54-68f6a168cbfb?index=3","drops of woter"
"visualsketchbook_tram_interior_in_dark_shaded_streamlined_sha_809fc16a-e48d-41e7-94b2-1498ea4d50eb_1.png","https://www.midjourney.com/jobs/809fc16a-e48d-41e7-94b2-1498ea4d50eb?index=1","tram interior in dark shaded, streamlined shape, copper accents, modernistic, futuristic, big windows"
"visualsketchbook_organic_tram_e51d6432-2f79-4c06-a0c9-f4a10cc75d99_0.png","https://www.midjourney.com/jobs/e51d6432-2f79-4c06-a0c9-f4a10cc75d99?index=0","organic tram"
"visualsketchbook_sky_way_tram_glasses_floor_interior_minimali_ed944f4f-d048-4e7c-bf94-0b9c475cc425_0.png","https://www.midjourney.com/jobs/ed944f4f-d048-4e7c-bf94-0b9c475cc425?index=0","sky way tram, glasses floor interior, minimalism, comfortable chairs, functionality"
"visualsketchbook_chair_with_light_in_high_tech_style_ea7fcc3c-108a-485b-8dce-e73db1332744_2.png","https://www.midjourney.com/jobs/ea7fcc3c-108a-485b-8dce-e73db1332744?index=2","chair with light in high tech style"
"visualsketchbook_interior_of_futurystic_tram_with_glass_windo_1ad851a9-49e3-43c8-b19d-07d8a9bad3ae_3.png","https://www.midjourney.com/jobs/1ad851a9-49e3-43c8-b19d-07d8a9bad3ae?index=3","interior of futurystic tram with glass windows reference to structure of plants in grey and lighty colors"
"visualsketchbook_reflection_1e87ebcc-8573-482b-ab23-8b8513e1be5d_2.png","https://www.midjourney.com/jobs/1e87ebcc-8573-482b-ab23-8b8513e1be5d?index=2","reflection"
"visualsketchbook_exterior_of_the_tram_inspired_by_speed_and_f_8b8b1af4-015c-40cd-9d66-03944faf60d2_0.png","https://www.midjourney.com/jobs/8b8b1af4-015c-40cd-9d66-03944faf60d2?index=0","exterior of the tram inspired by speed and futuristic cosmos space"
"visualsketchbook_futuristic_modern_tram_communication_people__83d931c8-b0a0-4cb5-8d91-b637926c1044_1.png","https://www.midjourney.com/jobs/83d931c8-b0a0-4cb5-8d91-b637926c1044?index=1","futuristic, modern, tram, communication, people, light, yellow, blue, white, not geometric, interior, ergonomic"
"visualsketchbook_futuristic_modern_tram_communication_people__83d931c8-b0a0-4cb5-8d91-b637926c1044_2.png","https://www.midjourney.com/jobs/83d931c8-b0a0-4cb5-8d91-b637926c1044?index=2","futuristic, modern, tram, communication, people, light, yellow, blue, white, not geometric, interior, ergonomic"
"visualsketchbook_futuristic_modern_tram_communication_people__b69336f4-5135-414e-96e8-1604122ee043_2.png","https://www.midjourney.com/jobs/b69336f4-5135-414e-96e8-1604122ee043?index=2","futuristic, modern, tram, communication, people, light, yellow, blue, white, not geometric,"
"visualsketchbook_futuristic_tram_big_windows_geometric_panels_a89efb86-ae68-4c9d-a39d-1e17547921ce_0.png","https://www.midjourney.com/jobs/a89efb86-ae68-4c9d-a39d-1e17547921ce?index=0","futuristic tram, big windows, geometric panels on the exterior, white, tinted windows"
"visualsketchbook_light_projections_inside_the_tram_inspired_b_3b2f4c14-9cf9-440d-9bd5-1b31cb038e4d_1.png","https://www.midjourney.com/jobs/3b2f4c14-9cf9-440d-9bd5-1b31cb038e4d?index=1","light projections inside the tram inspired by space and stars"
"visualsketchbook_tram_future_streamlined_shape_modernist_futu_3b2bb661-8ff7-4359-a939-8202900c9157_2.png","https://www.midjourney.com/jobs/3b2bb661-8ff7-4359-a939-8202900c9157?index=2","tram, future, streamlined shape, modernist, futuristic, rhythm, white rhythm panels, panoramic window"
"visualsketchbook_reflection_1e87ebcc-8573-482b-ab23-8b8513e1be5d_0.png","https://www.midjourney.com/jobs/1e87ebcc-8573-482b-ab23-8b8513e1be5d?index=0","reflection"
"visualsketchbook_interior_of_future_tram_ergonomic_seats_frie_bbf36ca5-aca0-472b-bab6-83684426e56e_2.png","https://www.midjourney.com/jobs/bbf36ca5-aca0-472b-bab6-83684426e56e?index=2","interior of future tram, ergonomic seats, friendly vibe, light colours, without yellow elements, organic shapes, clear space"
"visualsketchbook_cuberpankecolightledtram_3f238a94-a8b1-4ca8-a099-4a0c829a4d4d_0.png","https://www.midjourney.com/jobs/3f238a94-a8b1-4ca8-a099-4a0c829a4d4d?index=0","cuberpank,eco,light,led,tram"
"visualsketchbook_traminterior_inspiration_Poznan_LED_futureli_a50f7639-6f34-4b80-afc9-da7ac063c1f5_1.png","https://www.midjourney.com/jobs/a50f7639-6f34-4b80-afc9-da7ac063c1f5?index=1","tram,interior, inspiration Poznan, LED, future,light, high tech, modern, japan, comfort"
"visualsketchbook_tram_interior_future_streamlined_shape_moder_30b19620-c49a-419c-8e49-6b23c0fc78c9_2.png","https://www.midjourney.com/jobs/30b19620-c49a-419c-8e49-6b23c0fc78c9?index=2","tram interior, future, streamlined shape, modernist, futuristic, rhythm, white rhythm panels, 3d printing, panoramic window, warm light, woodeen floor, plants"
"visualsketchbook_cuberpankecolightledtram_17825f23-acab-4f84-a48c-f9f43ab9ba8f_0.png","https://www.midjourney.com/jobs/17825f23-acab-4f84-a48c-f9f43ab9ba8f?index=0","cuberpank,eco,light,led,tram"
"visualsketchbook_tram_outsideabstractled_lightdrawing_on_the__e22c0e6c-db9c-4e26-b214-9a7beb23813e_3.png","https://www.midjourney.com/jobs/e22c0e6c-db9c-4e26-b214-9a7beb23813e?index=3","tram outside,abstract,led light,drawing on the ceiling that goes info the floor,eco,smooth curves"
"visualsketchbook_tram_interior_futuristic_cyberpunk_style_geo_de76413a-f5a7-4116-8433-79d5c411bd54_2.png","https://www.midjourney.com/jobs/de76413a-f5a7-4116-8433-79d5c411bd54?index=2","tram interior, futuristic, cyberpunk style, geometric forms, seating"
"visualsketchbook_imagine_a_tram_interior_sustainability_futur_b28b6051-cd48-4ba3-8b86-3ae12ce1301f_3.png","https://www.midjourney.com/jobs/b28b6051-cd48-4ba3-8b86-3ae12ce1301f?index=3","imagine a tram interior, sustainability, future, beige and green colors, ambient lighting, round shapes, big windows, ceiling and floor lighting, eco, recycling materials, ergonomic, realistic, wood floor"
"visualsketchbook_desing_biophilic_desing_in_the_interior_of_a_137c66c4-d9e7-4ee6-82b6-0fe7b76b3b93_0.png","https://www.midjourney.com/jobs/137c66c4-d9e7-4ee6-82b6-0fe7b76b3b93?index=0","desing biophilic desing in the interior of a futuristic tram"
"visualsketchbook_imagine_an_ergonomic_tram_seat_white_realist_d4b6d09d-7d24-4aa6-8cd1-32a1dbea70f0_3.png","https://www.midjourney.com/jobs/d4b6d09d-7d24-4aa6-8cd1-32a1dbea70f0?index=3","imagine an ergonomic tram seat, white, realistic, ambient lighting, wood, new technologies, future, led lighting"
"visualsketchbook_led_light_in_colour_a9010816-4248-47c7-a166-c8dd8c184c6f_2.png","https://www.midjourney.com/jobs/a9010816-4248-47c7-a166-c8dd8c184c6f?index=2","led light in colour"
"visualsketchbook_interior_of_futurystic_tram_with_glass_windo_f877a603-f2fe-4e35-a59b-e94c585d7148_0.png","https://www.midjourney.com/jobs/f877a603-f2fe-4e35-a59b-e94c585d7148?index=0","interior of futurystic tram with glass windows reference to structure of plants in grey and lighty colors"
"visualsketchbook_desing_biophilic_desing_in_the_interior_of_a_cba3b17f-4889-4ef3-8565-809c4d5ff5a0_0.png","https://www.midjourney.com/jobs/cba3b17f-4889-4ef3-8565-809c4d5ff5a0?index=0","desing biophilic desing in the interior of a futuristic tram"
"visualsketchbook_future_high_realistic_interior_tram_streamli_396cc945-baee-47df-9b6f-b84a9e157d14_0.png","https://www.midjourney.com/jobs/396cc945-baee-47df-9b6f-b84a9e157d14?index=0","future, high realistic, interior tram, streamlined, fast, in the city, modern, liquid"
"visualsketchbook_traminterior_inspiration_Poznan_LED_futureli_b2ace792-27ff-40b3-9482-de5429472495_3.png","https://www.midjourney.com/jobs/b2ace792-27ff-40b3-9482-de5429472495?index=3","tram,interior, inspiration Poznan, LED, future,light, high tech, modern, japan, green"
"visualsketchbook_future_high_realistic_interior_tram_streamli_0035a9b8-3716-4b52-8e73-788646e8ac24_1.png","https://www.midjourney.com/jobs/0035a9b8-3716-4b52-8e73-788646e8ac24?index=1","future, high realistic, interior tram, streamlined, fast, in the city, modern, liquid"
"visualsketchbook_interior_of_future_tram_ergonomic_seats_frie_a9af9f36-619c-47a9-93cb-8cc85d6ae250_2.png","https://www.midjourney.com/jobs/a9af9f36-619c-47a9-93cb-8cc85d6ae250?index=2","interior of future tram, ergonomic seats, friendly vibe, light colours, without yellow elements, organic shapes, clear space"
"visualsketchbook_create_tram_futuristic_green_ergomomic_plant_372c6212-a0fb-4d01-babf-642d0c346804_2.png","https://www.midjourney.com/jobs/372c6212-a0fb-4d01-babf-642d0c346804?index=2","create tram futuristic, green, ergomomic, plants, modern luxurious, led lighting"
"visualsketchbook_futuristic_tram_interior_in_natural_colors.__5ce64cd5-f222-4de3-99d1-924ab1bb8680_2.png","https://www.midjourney.com/jobs/5ce64cd5-f222-4de3-99d1-924ab1bb8680?index=2","futuristic tram interior in natural colors. made of recycled materials. copper brancing pipes, seats are in unusual form with organic convex forms and natural form of lighting"
"visualsketchbook_futuristic_modern_tram_communication_people__5fbca1c0-b881-4cd2-9bf7-f0b0b42fa3ab_1.png","https://www.midjourney.com/jobs/5fbca1c0-b881-4cd2-9bf7-f0b0b42fa3ab?index=1","futuristic, modern, tram, communication, people, light, yellow, blue, white, not geometric, interior"
"visualsketchbook_modern_white_interior_of_tram_with_dark_blue_39018bc9-8a31-4130-a879-89eea95069f3_2.png","https://www.midjourney.com/jobs/39018bc9-8a31-4130-a879-89eea95069f3?index=2","modern white interior of tram with dark blue elements and orange accents clean open space huge windows"
"visualsketchbook_futurystic_design_of_tram_interior_with_orga_d092725e-56e1-4a66-8a3f-b1c1769550c7_2.png","https://www.midjourney.com/jobs/d092725e-56e1-4a66-8a3f-b1c1769550c7?index=2","futurystic design of tram interior with organic convex form of lighting an windows"
"visualsketchbook_tram_interior_with_seats_spread_out_in_the_m_eb75a00a-6a10-476b-8b3a-1ee9114d1e60_1.png","https://www.midjourney.com/jobs/eb75a00a-6a10-476b-8b3a-1ee9114d1e60?index=1","tram interior with seats spread out in the middle of tram in the futuristic style"
"visualsketchbook_tram_body_of_earthworm_modern_bionic_shapes__695efe96-7d6b-4fb1-99b8-4fa659462925_0.png","https://www.midjourney.com/jobs/695efe96-7d6b-4fb1-99b8-4fa659462925?index=0","tram, body of earthworm, modern, bionic shapes, seats, rings"
"visualsketchbook_traminterior_inspiration_Poznan_LED_futureli_615eb89b-7775-438e-8ea6-66a305573ddb_1.png","https://www.midjourney.com/jobs/615eb89b-7775-438e-8ea6-66a305573ddb?index=1","tram,interior, inspiration Poznan, LED, future,light, high tech, modern, japan, comfort"
"visualsketchbook_tram_body_of_earthworm_modern_bionic_shapes__fc2699bb-1715-46b6-9bb5-cbad4104e842_3.png","https://www.midjourney.com/jobs/fc2699bb-1715-46b6-9bb5-cbad4104e842?index=3","tram, body of earthworm, modern, bionic shapes, seats, rings"
"visualsketchbook_sky_way_tram_glasses_floor_interior_minimali_ed944f4f-d048-4e7c-bf94-0b9c475cc425_2.png","https://www.midjourney.com/jobs/ed944f4f-d048-4e7c-bf94-0b9c475cc425?index=2","sky way tram, glasses floor interior, minimalism, comfortable chairs, functionality"
"visualsketchbook_create_interior_tram_futuristic_blue_ergomom_6444b555-8c2b-4fa8-9f98-e671e6ac6474_2.png","https://www.midjourney.com/jobs/6444b555-8c2b-4fa8-9f98-e671e6ac6474?index=2","create interior tram futuristic, blue, ergomomic, high-tech , modern luxurious, led lighting"
"visualsketchbook_tram_modern_interior_lighting_body_of_earthw_3607858d-e3b2-481d-bb42-7615f6605e29_3.png","https://www.midjourney.com/jobs/3607858d-e3b2-481d-bb42-7615f6605e29?index=3","tram, modern, interior, lighting, body of earthworm, fast, seats, bionic shapes, privacy seats"
"visualsketchbook_tram_interior_futuristic_cyberpunk_style_geo_544299d1-adde-49d6-befa-739ff281f7b5_1.png","https://www.midjourney.com/jobs/544299d1-adde-49d6-befa-739ff281f7b5?index=1","tram interior, futuristic, cyberpunk style, geometric forms, seating"
"visualsketchbook_futuristic_tram_interior_in_natural_colors.__9478b03e-1b19-4e83-8e40-db0f25dbf40f_0.png","https://www.midjourney.com/jobs/9478b03e-1b19-4e83-8e40-db0f25dbf40f?index=0","futuristic tram interior in natural colors. copper brancing pipes, seats are in unusual form with organic convex forms and natural form of lighting"
"visualsketchbook_traminterior_inspiration_Poznan_LED_futureli_69b3a923-197e-445e-9bf3-220b01b58731_0.png","https://www.midjourney.com/jobs/69b3a923-197e-445e-9bf3-220b01b58731?index=0","tram,interior, inspiration Poznan, LED, future,light, high tech, modern, japan, comfort"
"visualsketchbook_funkcionality_of_modern_tram_b23dfb84-1f79-4109-8340-4e51a4e5ce80_0.png","https://www.midjourney.com/jobs/b23dfb84-1f79-4109-8340-4e51a4e5ce80?index=0","funkcionality of modern tram"
"visualsketchbook_colorfull_play_of_light_inside_tram_futurist_dd5e8eaa-3805-4a73-b387-54e78b3e8d2e_0.png","https://www.midjourney.com/jobs/dd5e8eaa-3805-4a73-b387-54e78b3e8d2e?index=0","colorfull play of light inside tram, futuristic, inspire by cosmos"
"visualsketchbook_wave_32c57767-abc1-4eff-a3fe-f3a4c6502475_2.png","https://www.midjourney.com/jobs/32c57767-abc1-4eff-a3fe-f3a4c6502475?index=2","wave"
"visualsketchbook_tram_interior_modern_rings_bionic_style_body_9e8a09bf-89ba-49d4-b9eb-7b4ceff3f00b_2.png","https://www.midjourney.com/jobs/9e8a09bf-89ba-49d4-b9eb-7b4ceff3f00b?index=2","tram, interior, modern, rings, bionic style, body of earthworm"
"visualsketchbook_interior_of_the_tram_inspired_by_speed_and_f_6519ece0-99c9-4ac8-9146-eae34ea6985c_0.png","https://www.midjourney.com/jobs/6519ece0-99c9-4ac8-9146-eae34ea6985c?index=0","interior of the tram inspired by speed and futuristic cosmos space"
"visualsketchbook_modern_tram_interior_design_in_high_tech_sty_2050ff55-0bec-45c9-a41a-53567b3d1b65_0.png","https://www.midjourney.com/jobs/2050ff55-0bec-45c9-a41a-53567b3d1b65?index=0","modern tram interior design in high tech style"
"visualsketchbook_tram_interior_future_streamlined_shape_moder_30b19620-c49a-419c-8e49-6b23c0fc78c9_0.png","https://www.midjourney.com/jobs/30b19620-c49a-419c-8e49-6b23c0fc78c9?index=0","tram interior, future, streamlined shape, modernist, futuristic, rhythm, white rhythm panels, 3d printing, panoramic window, warm light, woodeen floor, plants"
"visualsketchbook_interior_of_future_tram_ergonomic_seats_frie_75418862-5592-4383-9797-7004e037e1b1_0.png","https://www.midjourney.com/jobs/75418862-5592-4383-9797-7004e037e1b1?index=0","interior of future tram, ergonomic seats, friendly vibe, light colours, without yellow elements, organic shapes, clear space"
"visualsketchbook_create_interior_tram_futuristic_blue_green_b_315f17c3-4886-4707-8327-b1ced0cecf28_0.png","https://www.midjourney.com/jobs/315f17c3-4886-4707-8327-b1ced0cecf28?index=0","create interior tram futuristic, blue, green, black , ergomomic, plants, modern luxurious, led lighting, multi-functional, elegant"
"visualsketchbook_futuristic_tram_interior_blue_orange_black_L_97835eff-3626-4d20-bcca-5c78f14f197c_1.png","https://www.midjourney.com/jobs/97835eff-3626-4d20-bcca-5c78f14f197c?index=1","futuristic tram interior, blue, orange, black, LED, glass, curve shapes, round, daylight"
"visualsketchbook_sky_way_tram_glasses_floor_interior_minimali_cb5aa9f0-ca8d-4af7-bb9e-e624c86fe807_1.png","https://www.midjourney.com/jobs/cb5aa9f0-ca8d-4af7-bb9e-e624c86fe807?index=1","sky way tram, glasses floor interior, minimalism, funktional"
"visualsketchbook_tram_future_streamlined_shape_modernist_futu_7c54849c-77f1-4b9a-837b-8e505d32c96f_0.png","https://www.midjourney.com/jobs/7c54849c-77f1-4b9a-837b-8e505d32c96f?index=0","tram, future, streamlined shape, modernist, futuristic, rhythm, white rhythm panels, panoramic window"
"visualsketchbook_space_tram_interior_with_organic_shapes_of_s_dcefeb0f-3174-413f-9407-6c9b77f85402_2.png","https://www.midjourney.com/jobs/dcefeb0f-3174-413f-9407-6c9b77f85402?index=2","space tram interior with organic shapes of seats and windows"
"visualsketchbook_Coloring_page_for_Kids_Labrador_Retriever_ca_90fc0515-4225-40c7-9207-581074045db7_3.png","https://www.midjourney.com/jobs/90fc0515-4225-40c7-9207-581074045db7?index=3","Coloring page for Kids, Labrador Retriever, cartoon style, thick line, low detail, no shading"
"visualsketchbook_future_interior_tram_streamlined_fast_wavy_n_f6b33ca7-b80c-44a3-a8bc-a1e7051e456f_1.png","https://www.midjourney.com/jobs/f6b33ca7-b80c-44a3-a8bc-a1e7051e456f?index=1","future, interior tram, streamlined, fast, wavy, navy blue,bladerunner, seaweed, in the city, modern"
"visualsketchbook_interior_design_of_a_futuristic_tram_with_or_f17543e6-55ad-4926-b880-4c32208e3f37_0.png","https://www.midjourney.com/jobs/f17543e6-55ad-4926-b880-4c32208e3f37?index=0","interior design of a futuristic tram with original panoramic ceiling windows, floor and ceiling lightning, unique seats, visual features, audiovisual system, ergonomic handle"
"visualsketchbook_future_futuristic_tram_streamlined_navy_blue_8373b7ad-8dea-4701-bcce-c58c76af629f_3.png","https://www.midjourney.com/jobs/8373b7ad-8dea-4701-bcce-c58c76af629f?index=3","future, futuristic, tram, streamlined, navy blue, fast, wavy, in the city, modern"
"visualsketchbook_tram_interior_modern_rings_bionic_style_body_4d6fd4d0-af23-4a5b-a0e0-079c1952730b_0.png","https://www.midjourney.com/jobs/4d6fd4d0-af23-4a5b-a0e0-079c1952730b?index=0","tram, interior, modern, rings, bionic style, body of earthworm"
"visualsketchbook_functionality_sky_way_tram_interior_for_chil_b074f2ee-978e-49fd-ab70-ed2993682fa6_0.png","https://www.midjourney.com/jobs/b074f2ee-978e-49fd-ab70-ed2993682fa6?index=0","functionality, sky way tram, interior for children tram, city"
"visualsketchbook_luxury_glass_8d62952e-ac93-43c2-87e7-4c76454fdda1_3.png","https://www.midjourney.com/jobs/8d62952e-ac93-43c2-87e7-4c76454fdda1?index=3","luxury glass"
"visualsketchbook_modern_interior_of_tram_futuristic_b4759f07-6b32-4325-b36c-a19358cb08b4_1.png","https://www.midjourney.com/jobs/b4759f07-6b32-4325-b36c-a19358cb08b4?index=1","modern interior of tram futuristic"
"visualsketchbook_tram_interior_1068a725-eb83-417e-94b3-f5e2b2a2a322_2.png","https://www.midjourney.com/jobs/1068a725-eb83-417e-94b3-f5e2b2a2a322?index=2","tram interior"
"visualsketchbook_minimalism_interior_tram_functionality_light_273e9432-3e42-4008-ab7c-cbc9cd6fe942_0.png","https://www.midjourney.com/jobs/273e9432-3e42-4008-ab7c-cbc9cd6fe942?index=0","minimalism interior tram, functionality, light, komfortable"
"visualsketchbook_futurisic_streamline_tram_exterior_in_natura_be00dee9-2af9-4700-be8c-17d92b1490d1_3.png","https://www.midjourney.com/jobs/be00dee9-2af9-4700-be8c-17d92b1490d1?index=3","futurisic streamline tram exterior in natural colors"
"visualsketchbook_interior_of_future_tram_ergonomic_seats_frie_1a1166aa-baae-4fff-92f3-6d3dbcae6e76_3.png","https://www.midjourney.com/jobs/1a1166aa-baae-4fff-92f3-6d3dbcae6e76?index=3","interior of future tram, ergonomic seats, friendly vibe"
"visualsketchbook_futuristic_modern_tram_communication_people__78247386-0bdf-45b6-9085-ef96b806661a_2.png","https://www.midjourney.com/jobs/78247386-0bdf-45b6-9085-ef96b806661a?index=2","futuristic, modern, tram, communication, people, light, yellow, blue, white, not geometric, interior"
"visualsketchbook_interior_of_the_tram_inspired_by_speed_and_f_d1cef2cd-592f-43b3-8ecf-e59f9a067380_3.png","https://www.midjourney.com/jobs/d1cef2cd-592f-43b3-8ecf-e59f9a067380?index=3","interior of the tram inspired by speed and futuristic cosmos space"
"visualsketchbook_tram_interior_modern_rings_bionic_style_body_8f82e2f1-ef8f-4f36-84f2-df3d81b3188d_2.png","https://www.midjourney.com/jobs/8f82e2f1-ef8f-4f36-84f2-df3d81b3188d?index=2","tram, interior, modern, rings, bionic style, body of earthworm"
"visualsketchbook_interior_design_of_a_futuristic_tram_with_or_2f7b51cb-5351-469d-bf7a-f744532566be_2.png","https://www.midjourney.com/jobs/2f7b51cb-5351-469d-bf7a-f744532566be?index=2","interior design of a futuristic tram with original panoramic ceiling windows, floor and ceiling lightning, unique seats, visual features, audiovisual system, ergonomic handle"
"visualsketchbook_interior_of_modern_futuristic_simple_tram_wi_8d8199d7-c375-4065-b041-d2716c0cbd92_0.png","https://www.midjourney.com/jobs/8d8199d7-c375-4065-b041-d2716c0cbd92?index=0","interior of modern, futuristic, simple tram with glazing"
"visualsketchbook_minimalistic_tram_interior_and_exterior_desi_5636f0c6-75fa-4e6f-a538-d8c7a64be711_0.png","https://www.midjourney.com/jobs/5636f0c6-75fa-4e6f-a538-d8c7a64be711?index=0","minimalistic tram interior and exterior design organic architectural forms, modern materials, natural, organic handrails and setas, toned colours, glass"
"visualsketchbook_modern_futuristic_tram_ecologic_economic_ins_68b8956c-dfd3-49bc-8794-3bf60146c5c7_2.png","https://www.midjourney.com/jobs/68b8956c-dfd3-49bc-8794-3bf60146c5c7?index=2","modern futuristic tram ecologic economic inspired by nature wooden elements use of glass and metal fast"
"visualsketchbook_imagine_a_tram_interior_sustainability_futur_806134bd-bc28-4cc3-8ffb-519ae9f1ca7b_1.png","https://www.midjourney.com/jobs/806134bd-bc28-4cc3-8ffb-519ae9f1ca7b?index=1","imagine a tram interior, sustainability, future, beige and white colors, ambient lighting, round shapes, big windows, ceiling and floor lighting, eco, recycling materials, ergonomic, realistic, white floor, fascinating shapes"
"visualsketchbook_interior_design_of_a_tram_which_is_ergonomic_59a9ddc5-c9dc-4914-8373-ac1b71f9f75f_2.png","https://www.midjourney.com/jobs/59a9ddc5-c9dc-4914-8373-ac1b71f9f75f?index=2","interior design of a tram which is ergonomic, economical, organic with panoramic ceiling windows, wavy shapes, led amient lighting, natural materials with one contrasting colour"
"visualsketchbook_tram_interior_in_dark_shaded_copper_accents__a0ad0b1b-0917-415d-a7f9-2fffab5c6849_3.png","https://www.midjourney.com/jobs/a0ad0b1b-0917-415d-a7f9-2fffab5c6849?index=3","tram interior in dark shaded, copper accents, red leds, modernistic, futuristic, big windows"
"visualsketchbook_cyberpunk_style_tram_white_geometric_panels__6a2c203f-b4bd-4f65-a843-998f435b9abf_0.png","https://www.midjourney.com/jobs/6a2c203f-b4bd-4f65-a843-998f435b9abf?index=0","cyberpunk style tram, white geometric panels on the exterior, big windows, glass roof, led lights"
"visualsketchbook_photorealistic_interior_of_future_tram_83ad7905-df22-418a-a4dc-0407aaa3b982_3.png","https://www.midjourney.com/jobs/83ad7905-df22-418a-a4dc-0407aaa3b982?index=3","photorealistic interior of future tram"
"visualsketchbook_light_projections_inside_the_tram_inspired_b_281b9590-39e5-4626-b089-97d5bb781aa4_0.png","https://www.midjourney.com/jobs/281b9590-39e5-4626-b089-97d5bb781aa4?index=0","light projections inside the tram inspired by space and stars"
"visualsketchbook_futuristic_tram_interior_with_organic_light__bf49eefd-b766-48ca-8e78-47ddc0997920_3.png","https://www.midjourney.com/jobs/bf49eefd-b766-48ca-8e78-47ddc0997920?index=3","futuristic tram interior with organic light, cyberpank, cosmos"
"visualsketchbook_interior_of_modern_futuristic_simple_tram_wi_8d8199d7-c375-4065-b041-d2716c0cbd92_3.png","https://www.midjourney.com/jobs/8d8199d7-c375-4065-b041-d2716c0cbd92?index=3","interior of modern, futuristic, simple tram with glazing"
"visualsketchbook_functionality_sky_way_tram_interior_for_chil_b074f2ee-978e-49fd-ab70-ed2993682fa6_3.png","https://www.midjourney.com/jobs/b074f2ee-978e-49fd-ab70-ed2993682fa6?index=3","functionality, sky way tram, interior for children tram, city"
"visualsketchbook_tram_interior_futuristic_cyberpunk_style_geo_544299d1-adde-49d6-befa-739ff281f7b5_0.png","https://www.midjourney.com/jobs/544299d1-adde-49d6-befa-739ff281f7b5?index=0","tram interior, futuristic, cyberpunk style, geometric forms, seating"
"visualsketchbook_cyberpunk_style_tram_white_geometric_panels__41de3c2d-e34f-4bff-826d-02d54585f910_1.png","https://www.midjourney.com/jobs/41de3c2d-e34f-4bff-826d-02d54585f910?index=1","cyberpunk style tram, white geometric panels on the exterior, big windows, glass roof, led lights"
"visualsketchbook_tram_interior_future_streamlined_shape_moder_b5097fca-23d7-4ff7-a92c-7e746c396973_1.png","https://www.midjourney.com/jobs/b5097fca-23d7-4ff7-a92c-7e746c396973?index=1","tram interior, future, streamlined shape, modernist, futuristic, rhythm, white rhythm panels, panoramic window"
"visualsketchbook_interior_of_the_tram_inspired_by_speed_and_f_703f7a86-4c50-4944-958e-d0a689eeb147_2.png","https://www.midjourney.com/jobs/703f7a86-4c50-4944-958e-d0a689eeb147?index=2","interior of the tram inspired by speed and futuristic cosmos space"
"visualsketchbook_functional_tram_technology_sky_way_tram_fast_1fdc1c03-618b-44a7-80f5-108432d01f53_0.png","https://www.midjourney.com/jobs/1fdc1c03-618b-44a7-80f5-108432d01f53?index=0","functional tram, technology, sky way tram, fast"
"visualsketchbook_tram_interior_fast_unique_forms_toned_colour_6c33d814-b8a3-48b5-b965-c60b5a5119e4_1.png","https://www.midjourney.com/jobs/6c33d814-b8a3-48b5-b965-c60b5a5119e4?index=1","tram interior, fast, unique forms, toned colours, wood, water, metal, light accent"
"visualsketchbook_traminterior_inspiration_Poznan_LED_futureli_92af470e-a5aa-4660-85bf-e4bb5c508a21_3.png","https://www.midjourney.com/jobs/92af470e-a5aa-4660-85bf-e4bb5c508a21?index=3","tram,interior, inspiration Poznan, LED, future,light, high tech, modern, japan, comfort"
"visualsketchbook_futurisic_streamline_tram_exterior_in_natura_be00dee9-2af9-4700-be8c-17d92b1490d1_0.png","https://www.midjourney.com/jobs/be00dee9-2af9-4700-be8c-17d92b1490d1?index=0","futurisic streamline tram exterior in natural colors"
"visualsketchbook_exterioir_of_a_futuristic_tram_inspired_cosm_60ec378b-7fbc-4d0a-83b9-81094e97cd05_1.png","https://www.midjourney.com/jobs/60ec378b-7fbc-4d0a-83b9-81094e97cd05?index=1","exterioir of a futuristic tram inspired cosmos space"
"visualsketchbook_interior_of_futuristic_tram_with_big_windows_85df0f67-b200-4fb5-8b2a-748b9236c151_0.png","https://www.midjourney.com/jobs/85df0f67-b200-4fb5-8b2a-748b9236c151?index=0","interior of futuristic tram with big windows, cyber eco style, light green gray colors, handrails, screen on windows, a lot of place to sit, chairs, photorealistic, hi tech"
"visualsketchbook_funkcionality_of_modern_tram_b23dfb84-1f79-4109-8340-4e51a4e5ce80_2.png","https://www.midjourney.com/jobs/b23dfb84-1f79-4109-8340-4e51a4e5ce80?index=2","funkcionality of modern tram"
"visualsketchbook_futuristic_tram_simple_minimalistic_shapes_b_a2c4aae4-3f23-4c3b-8e7d-1ee741b53e40_0.png","https://www.midjourney.com/jobs/a2c4aae4-3f23-4c3b-8e7d-1ee741b53e40?index=0","futuristic tram simple minimalistic shapes black metal with green and yellow led big windows"
"visualsketchbook_futurystic_design_of_tram_interior_with_orga_6d5dc8d7-bddc-4b48-a94d-db8eba8f03c8_0.png","https://www.midjourney.com/jobs/6d5dc8d7-bddc-4b48-a94d-db8eba8f03c8?index=0","futurystic design of tram interior with organic convex form of lighting an windows"
"visualsketchbook_futuristic_modern_tram_communication_people__ec6e5c7e-6a39-4c7f-a5e4-177338a7e5dc_1.png","https://www.midjourney.com/jobs/ec6e5c7e-6a39-4c7f-a5e4-177338a7e5dc?index=1","futuristic, modern, tram, communication, people, light, yellow, blue, white, not geometric,"
"visualsketchbook_imagine_an_ergonomic_tram_seat_white_realist_d4b6d09d-7d24-4aa6-8cd1-32a1dbea70f0_2.png","https://www.midjourney.com/jobs/d4b6d09d-7d24-4aa6-8cd1-32a1dbea70f0?index=2","imagine an ergonomic tram seat, white, realistic, ambient lighting, wood, new technologies, future, led lighting"
"visualsketchbook_tram_outsideabstractdrawing_on_the_ceiling_t_0d5cf37d-1e0c-4c87-85bc-eaa188c5f6e2_1.png","https://www.midjourney.com/jobs/0d5cf37d-1e0c-4c87-85bc-eaa188c5f6e2?index=1","tram outside,abstract,drawing on the ceiling that goes info the floor inside"
"visualsketchbook_tram_interior_futuristic_cyberpunk_style_geo_de76413a-f5a7-4116-8433-79d5c411bd54_1.png","https://www.midjourney.com/jobs/de76413a-f5a7-4116-8433-79d5c411bd54?index=1","tram interior, futuristic, cyberpunk style, geometric forms, seating"
"visualsketchbook_future_high_realistic_interior_tram_streamli_0035a9b8-3716-4b52-8e73-788646e8ac24_0.png","https://www.midjourney.com/jobs/0035a9b8-3716-4b52-8e73-788646e8ac24?index=0","future, high realistic, interior tram, streamlined, fast, in the city, modern, liquid"
"visualsketchbook_tram_interior_in_dark_shaded_streamlined_sha_f676e413-c1ed-47a3-8f83-b7500a49e7e7_1.png","https://www.midjourney.com/jobs/f676e413-c1ed-47a3-8f83-b7500a49e7e7?index=1","tram interior in dark shaded, streamlined shape, copper accents, modernistic, futuristic, big windows"
"visualsketchbook_future_high_realistic_interior_tram_streamli_80033b3f-bdf4-4d80-b34d-ac3e9e2181b8_1.png","https://www.midjourney.com/jobs/80033b3f-bdf4-4d80-b34d-ac3e9e2181b8?index=1","future, high realistic, interior tram, streamlined, fast, in the city, modern, liquid"
"visualsketchbook_drops_of_woter_dc39d39e-29f7-4d44-b0a6-091042d7ca89_0.png","https://www.midjourney.com/jobs/dc39d39e-29f7-4d44-b0a6-091042d7ca89?index=0","drops of woter"
"visualsketchbook_tram_interior_future_streamlined_shape_moder_0c6d4842-3e90-4e0d-a3c0-586839138b0c_0.png","https://www.midjourney.com/jobs/0c6d4842-3e90-4e0d-a3c0-586839138b0c?index=0","tram interior, future, streamlined shape, modernist, futuristic, rhythm, white rhythm panels, 3d printing, panoramic window, warm light, woodeen floor, plants"
"visualsketchbook_interior_design_of_a_futuristic_tram_with_or_f3e39938-1cc7-417e-93db-57a34b524bd9_1.png","https://www.midjourney.com/jobs/f3e39938-1cc7-417e-93db-57a34b524bd9?index=1","interior design of a futuristic tram with original panoramic ceiling windows, floor and ceiling lightning, unique seats, visual features, audiovisual system, ergonomic handle"
"visualsketchbook_interior_of_futuristic_tram_with_big_windows_b59858ad-e9fb-474d-9ca5-030698dd443b_0.png","https://www.midjourney.com/jobs/b59858ad-e9fb-474d-9ca5-030698dd443b?index=0","interior of futuristic tram with big windows, cyber eco style, green beige colors, artistic handrails, screen on windows, a lot of place to sit"
"visualsketchbook_fast_tram_nature_sky_way_tram_city_tram_810f9229-6ebd-4eec-9a42-8697be1ab41f_2.png","https://www.midjourney.com/jobs/810f9229-6ebd-4eec-9a42-8697be1ab41f?index=2","fast tram, nature, sky way tram, city tram"
"visualsketchbook_interior_of_modern_futuristic_simple_tram_wi_29c6bbee-d1a7-4e3e-afde-c1f9781c5050_0.png","https://www.midjourney.com/jobs/29c6bbee-d1a7-4e3e-afde-c1f9781c5050?index=0","interior of modern, futuristic, simple tram with glazing"
"visualsketchbook_space_tram_interior_with_organic_shapes_of_s_b6e9203a-467f-4b91-a7aa-32a06c60dcca_3.png","https://www.midjourney.com/jobs/b6e9203a-467f-4b91-a7aa-32a06c60dcca?index=3","space tram interior with organic shapes of seats and windows"
"visualsketchbook_modern_simple_futuristic_tram_with_glazing_14cc6a64-3dba-4afa-b0d5-7caeb3f7e6dc_1.png","https://www.midjourney.com/jobs/14cc6a64-3dba-4afa-b0d5-7caeb3f7e6dc?index=1","modern, simple, futuristic tram with glazing"
"visualsketchbook_futuristic_tram_interior_in_natural_colors.__dcfa15ca-ad38-4fca-995f-faf9ab7cde91_0.png","https://www.midjourney.com/jobs/dcfa15ca-ad38-4fca-995f-faf9ab7cde91?index=0","futuristic tram interior in natural colors. made of recycled materials. copper brancing pipes, seats are in unusual form with organic convex forms and natural form of lighting"
"visualsketchbook_interior_of_tram_biophilic_nature_biedge_fun_979f8b86-5e7c-42fa-8d82-ae9bb55d4d36_1.png","https://www.midjourney.com/jobs/979f8b86-5e7c-42fa-8d82-ae9bb55d4d36?index=1","interior of tram, biophilic, nature, biedge, funktional"
"visualsketchbook_futuristic_tram_interior_in_natural_colors.__701d11cc-f266-4fa0-8748-c8482232b6a7_0.png","https://www.midjourney.com/jobs/701d11cc-f266-4fa0-8748-c8482232b6a7?index=0","futuristic tram interior in natural colors. copper brancing pipes, seats are in unusual form with organic convex forms and natural form of lighting"
"visualsketchbook_future_tram_streamlined_fast_wavy_brown_sand_71ea29c8-0381-4442-b428-1ae33dfb5a23_2.png","https://www.midjourney.com/jobs/71ea29c8-0381-4442-b428-1ae33dfb5a23?index=2","future, tram, streamlined, fast, wavy, brown, sand colors,bladerunner, seaweed, in the city"
"visualsketchbook_exterioir_of_a_futuristic_tram_inspired_cosm_8c33b55f-06a5-47cd-bd0b-26051185d7aa_1.png","https://www.midjourney.com/jobs/8c33b55f-06a5-47cd-bd0b-26051185d7aa?index=1","exterioir of a futuristic tram inspired cosmos space"
"visualsketchbook_interior_of_modern_futuristic_simple_tram_wi_186ae41f-1506-413e-9ace-efe29ab217f1_0.png","https://www.midjourney.com/jobs/186ae41f-1506-413e-9ace-efe29ab217f1?index=0","interior of modern, futuristic, simple tram with glazing"
"visualsketchbook_futuristic_tram_interior_blue_orange_black_L_cc139d37-70c1-42bd-b332-c2f23eaba392_2.png","https://www.midjourney.com/jobs/cc139d37-70c1-42bd-b332-c2f23eaba392?index=2","futuristic tram interior, blue, orange, black, LED, glass, curve shapes, round, daylight"
"visualsketchbook_minimalistic_tram_interior_and_exterior_desi_c38ed139-07c1-4d69-ba06-acf6d82baf09_0.png","https://www.midjourney.com/jobs/c38ed139-07c1-4d69-ba06-acf6d82baf09?index=0","minimalistic tram interior and exterior design organic architectural forms, modern materials, natural, organic handrails and setas, toned colours, glass"
"visualsketchbook_minimalistic_tram_interior_and_exterior_desi_c38ed139-07c1-4d69-ba06-acf6d82baf09_3.png","https://www.midjourney.com/jobs/c38ed139-07c1-4d69-ba06-acf6d82baf09?index=3","minimalistic tram interior and exterior design organic architectural forms, modern materials, natural, organic handrails and setas, toned colours, glass"
"visualsketchbook_futuristic_tram_simple_minimalistic_shapes_g_f82ccc36-fe6c-4311-9fcf-b5f2acf963ad_2.png","https://www.midjourney.com/jobs/f82ccc36-fe6c-4311-9fcf-b5f2acf963ad?index=2","futuristic tram simple minimalistic shapes green gray natural colors big windows"
"visualsketchbook_interior_design_of_a_futuristic_tram_with_or_6d85e643-f25a-4018-9723-d182138889ba_0.png","https://www.midjourney.com/jobs/6d85e643-f25a-4018-9723-d182138889ba?index=0","interior design of a futuristic tram with original panoramic ceiling windows, floor and ceiling lightning, unique seats, visual features, audiovisual system, ergonomic handle"
"visualsketchbook_future_futuristic_tram_streamlined_navy_blue_c1c7b0a6-0042-40be-979f-b4cb76772b79_3.png","https://www.midjourney.com/jobs/c1c7b0a6-0042-40be-979f-b4cb76772b79?index=3","future, futuristic, tram, streamlined, navy blue, fast, wavy, in the city, modern"
"visualsketchbook_futuristic_streamline_tram_interior_in_natur_4f14e6d3-f95f-46a9-990c-3332694804d4_0.png","https://www.midjourney.com/jobs/4f14e6d3-f95f-46a9-990c-3332694804d4?index=0","futuristic streamline tram interior in natural olive green colors. copper brancing pipes, seats have unusual form"
"visualsketchbook_interior_of_futuristic_tram_with_big_windows_85df0f67-b200-4fb5-8b2a-748b9236c151_1.png","https://www.midjourney.com/jobs/85df0f67-b200-4fb5-8b2a-748b9236c151?index=1","interior of futuristic tram with big windows, cyber eco style, light green gray colors, handrails, screen on windows, a lot of place to sit, chairs, photorealistic, hi tech"
"visualsketchbook_tram_interior_future_streamlined_shape_moder_b66680d0-c0ef-4c1b-b953-099923475499_0.png","https://www.midjourney.com/jobs/b66680d0-c0ef-4c1b-b953-099923475499?index=0","tram interior, future, streamlined shape, modernist, futuristic, rhythm, white rhythm panels, 3d printing, panoramic window"
"visualsketchbook_futuristic_modern_tram_communication_people__45b5ff2e-3802-43b4-aef2-03359255b382_1.png","https://www.midjourney.com/jobs/45b5ff2e-3802-43b4-aef2-03359255b382?index=1","futuristic, modern, tram, communication, people, light, yellow, blue, white, not geometric,"
"visualsketchbook_future_interior_tram_streamlined_fast_wavy_n_f6b33ca7-b80c-44a3-a8bc-a1e7051e456f_0.png","https://www.midjourney.com/jobs/f6b33ca7-b80c-44a3-a8bc-a1e7051e456f?index=0","future, interior tram, streamlined, fast, wavy, navy blue,bladerunner, seaweed, in the city, modern"
"visualsketchbook_future_interior_tram_streamlined_fast_wavy_b_e2a885a7-44c3-4d7f-a74b-85eee480439a_0.png","https://www.midjourney.com/jobs/e2a885a7-44c3-4d7f-a74b-85eee480439a?index=0","future, interior tram, streamlined, fast, wavy, brown, in the city, modern, liquid, bubbles"
"visualsketchbook_interior_of_the_tram_inspired_by_speed_and_f_d1cef2cd-592f-43b3-8ecf-e59f9a067380_0.png","https://www.midjourney.com/jobs/d1cef2cd-592f-43b3-8ecf-e59f9a067380?index=0","interior of the tram inspired by speed and futuristic cosmos space"
"visualsketchbook_tram_interior_future_streamlined_shape_moder_99bcb247-186b-4147-8281-9597e2d8f077_3.png","https://www.midjourney.com/jobs/99bcb247-186b-4147-8281-9597e2d8f077?index=3","tram interior, future, streamlined shape, modernist, futuristic, rhythm, white rhythm panels, 3d printing, panoramic window"
"visualsketchbook_tram_interior_in_dark_shaded_streamlined_sha_f676e413-c1ed-47a3-8f83-b7500a49e7e7_2.png","https://www.midjourney.com/jobs/f676e413-c1ed-47a3-8f83-b7500a49e7e7?index=2","tram interior in dark shaded, streamlined shape, copper accents, modernistic, futuristic, big windows"
"visualsketchbook_interior_design_of_a_futuristic_tram_with_or_7cc254c2-cd40-43f2-a06f-69b12be53f83_0.png","https://www.midjourney.com/jobs/7cc254c2-cd40-43f2-a06f-69b12be53f83?index=0","interior design of a futuristic tram with original panoramic ceiling windows, floor and ceiling lightning, unique seats, visual features, audiovisual system, ergonomic handle"
"visualsketchbook_organic_tram_e51d6432-2f79-4c06-a0c9-f4a10cc75d99_2.png","https://www.midjourney.com/jobs/e51d6432-2f79-4c06-a0c9-f4a10cc75d99?index=2","organic tram"
"visualsketchbook_functionality_sky_way_tram_interior_for_chil_8fa8d0e5-d3e5-4567-b9ae-07aaab5c38c0_1.png","https://www.midjourney.com/jobs/8fa8d0e5-d3e5-4567-b9ae-07aaab5c38c0?index=1","functionality, sky way tram, interior for children tram, city"
"visualsketchbook_drops_of_woter_42a951b0-ec14-4538-8e54-68f6a168cbfb_1.png","https://www.midjourney.com/jobs/42a951b0-ec14-4538-8e54-68f6a168cbfb?index=1","drops of woter"
"visualsketchbook_future_tram_modern_streamlined_new_design_re_52d5f04b-0d1d-4011-b0a7-9ceeefb09dc5_0.png","https://www.midjourney.com/jobs/52d5f04b-0d1d-4011-b0a7-9ceeefb09dc5?index=0","future tram modern streamlined new design red colour led round parametric 2 seats"
"visualsketchbook_space_tram_interior_with_organic_shapes_of_s_dcefeb0f-3174-413f-9407-6c9b77f85402_0.png","https://www.midjourney.com/jobs/dcefeb0f-3174-413f-9407-6c9b77f85402?index=0","space tram interior with organic shapes of seats and windows"
"visualsketchbook_futuristic_modern_tram_communication_people__4b759951-46b1-49ca-b518-7327131b04b5_1.png","https://www.midjourney.com/jobs/4b759951-46b1-49ca-b518-7327131b04b5?index=1","futuristic, modern, tram, communication, people, light, yellow, blue, white, not geometric, interior"
"visualsketchbook_cyberpunk_style_tram_white_geometric_panels__c312cbb3-8a8c-46e2-8a01-12da930a1fa7_0.png","https://www.midjourney.com/jobs/c312cbb3-8a8c-46e2-8a01-12da930a1fa7?index=0","cyberpunk style tram, white geometric panels on the exterior, big windows, glass roof, led lights"
"visualsketchbook_space_tram_interior_with_organic_shapes_of_s_4f3d8adc-76fc-4de6-af33-00f9df49ce6d_0.png","https://www.midjourney.com/jobs/4f3d8adc-76fc-4de6-af33-00f9df49ce6d?index=0","space tram interior with organic shapes of seats and windows"
"visualsketchbook_tram_exterior_in_dark_shaded_streamlined_sha_57d2f21e-08e7-4db4-9e20-d7b9b1a8b1d3_1.png","https://www.midjourney.com/jobs/57d2f21e-08e7-4db4-9e20-d7b9b1a8b1d3?index=1","tram exterior in dark shaded, streamlined shape, copper accents, modernistic, futuristic, big windows"
"visualsketchbook_crooked_lines_1527c6b9-3d0a-4909-99ca-4f24bbe5c590_2.png","https://www.midjourney.com/jobs/1527c6b9-3d0a-4909-99ca-4f24bbe5c590?index=2","crooked lines"
"visualsketchbook_physician_of_the_future_7b7a9aeb-7130-4876-b06c-bf84acfad037_0.png","https://www.midjourney.com/jobs/7b7a9aeb-7130-4876-b06c-bf84acfad037?index=0","physician of the future"
"visualsketchbook_modern_white_interior_of_tram_with_dark_blue_13c0a8a0-e217-4a91-9bb8-5d6220f74ef8_0.png","https://www.midjourney.com/jobs/13c0a8a0-e217-4a91-9bb8-5d6220f74ef8?index=0","modern white interior of tram with dark blue elements and orange accents clean open space huge windows"
"visualsketchbook_tram_exterior_natural_organic_shapes_big_win_4c3588f7-8ac5-4703-87a5-0528595ad3ea_0.png","https://www.midjourney.com/jobs/4c3588f7-8ac5-4703-87a5-0528595ad3ea?index=0","tram exterior, natural, organic shapes, big windows, fast, streamlined, toned colours, city"
"visualsketchbook_interior_of_futuristic_tram_with_big_windows_fa64e36b-dc61-41ba-ad07-64716925a9de_1.png","https://www.midjourney.com/jobs/fa64e36b-dc61-41ba-ad07-64716925a9de?index=1","interior of futuristic tram with big windows, cyber eco style, light green gray colors, handrails, screen on windows, a lot of place to sit, chairs, photorealistic, hi tech"
"visualsketchbook_desing_biophilic_desing_in_the_interior_of_a_e4fbded4-a3ec-4209-b5ba-87c00ef25dfa_1.png","https://www.midjourney.com/jobs/e4fbded4-a3ec-4209-b5ba-87c00ef25dfa?index=1","desing biophilic desing in the interior of a futuristic tram"
"visualsketchbook_desing_biophilic_desing_in_the_interior_of_a_5f6f0cdc-6999-4b2e-9b8d-dc79e44af2b7_0.png","https://www.midjourney.com/jobs/5f6f0cdc-6999-4b2e-9b8d-dc79e44af2b7?index=0","desing biophilic desing in the interior of a futuristic tram"
"visualsketchbook_futuristic_tram_interior_blue_orange_black_L_97835eff-3626-4d20-bcca-5c78f14f197c_3.png","https://www.midjourney.com/jobs/97835eff-3626-4d20-bcca-5c78f14f197c?index=3","futuristic tram interior, blue, orange, black, LED, glass, curve shapes, round, daylight"
"visualsketchbook_colorfull_play_of_light_inside_tram_futurist_063cf969-83bf-4a07-b8a3-5851d50bd75e_2.png","https://www.midjourney.com/jobs/063cf969-83bf-4a07-b8a3-5851d50bd75e?index=2","colorfull play of light inside tram, futuristic, inspire by cosmos"
"visualsketchbook_tram_modern_interior_lighting_body_of_earthw_3607858d-e3b2-481d-bb42-7615f6605e29_0.png","https://www.midjourney.com/jobs/3607858d-e3b2-481d-bb42-7615f6605e29?index=0","tram, modern, interior, lighting, body of earthworm, fast, seats, bionic shapes, privacy seats"
"visualsketchbook_interior_design_of_a_futuristic_tram_with_or_97948afb-97af-43bf-b91a-3690d19d15e0_0.png","https://www.midjourney.com/jobs/97948afb-97af-43bf-b91a-3690d19d15e0?index=0","interior design of a futuristic tram with original panoramic ceiling windows, floor and ceiling lightning, unique seats, visual features, audiovisual system, ergonomic handle"
"visualsketchbook_interior_of_the_tram_inspired_by_speed_and_f_3bdcef94-f97e-466b-9f46-33b11304f2d0_0.png","https://www.midjourney.com/jobs/3bdcef94-f97e-466b-9f46-33b11304f2d0?index=0","interior of the tram inspired by speed and futuristic cosmos space"
"visualsketchbook_future_tram_streamlined_designer_round_singl_a74e2421-f011-4a2f-b548-4e457cfd1c1d_0.png","https://www.midjourney.com/jobs/a74e2421-f011-4a2f-b548-4e457cfd1c1d?index=0","future tram streamlined designer round single chair linear light on ceiling big window futuristic"
"visualsketchbook_tram_interior_future_streamlined_shape_moder_99bcb247-186b-4147-8281-9597e2d8f077_1.png","https://www.midjourney.com/jobs/99bcb247-186b-4147-8281-9597e2d8f077?index=1","tram interior, future, streamlined shape, modernist, futuristic, rhythm, white rhythm panels, 3d printing, panoramic window"
"visualsketchbook_the_interior_of_modern_simple_and_futuristic_e7b36d99-55f9-43a5-ab9d-0530715893c8_0.png","https://www.midjourney.com/jobs/e7b36d99-55f9-43a5-ab9d-0530715893c8?index=0","the interior of modern, simple and futuristic tram, with glazing and nature"
"visualsketchbook_luxury_glass_77bc38e3-0336-4195-8feb-90770632bea2_2.png","https://www.midjourney.com/jobs/77bc38e3-0336-4195-8feb-90770632bea2?index=2","luxury glass"
"visualsketchbook_interior_of_futuristic_tram_with_big_windows_7750f05a-e66f-4b2b-af13-e1732f72c623_2.png","https://www.midjourney.com/jobs/7750f05a-e66f-4b2b-af13-e1732f72c623?index=2","interior of futuristic tram with big windows, patterned minimalistic floor, green beige colors, artistic handrails, screen on windows"
"visualsketchbook_imagine_a_tram_interior_sustainability_futur_86fd63e5-9869-4b73-adbd-19f199a3f50e_2.png","https://www.midjourney.com/jobs/86fd63e5-9869-4b73-adbd-19f199a3f50e?index=2","imagine a tram interior, sustainability, future, beige and green colors, ambient lighting, round shapes, big round windows, ceiling and floor lighting, eco, recycling materials, ergonomic, realistic, white floor, fascinating shapes, new technologies, led lighting"
"visualsketchbook_future_high_realistic_interior_tram_streamli_9948c03e-8fb3-4371-bbe3-07ae7d9921fb_1.png","https://www.midjourney.com/jobs/9948c03e-8fb3-4371-bbe3-07ae7d9921fb?index=1","future, high realistic, interior tram, streamlined, fast, wavy, brown, in the city, modern, liquid"
"visualsketchbook_tram_vincent_callebaut_envision_future_of_mo_07d125cd-e087-418e-9ec3-0faabc218753_3.png","https://www.midjourney.com/jobs/07d125cd-e087-418e-9ec3-0faabc218753?index=3","tram vincent callebaut envision future of mobility as timber-based evtols hydrofoils luxury ergonomic with bid windows and light colours"
"visualsketchbook_traminterior_inspiration_Poznan_LED_futureli_ad318935-cd71-495e-961b-e74cd5513263_2.png","https://www.midjourney.com/jobs/ad318935-cd71-495e-961b-e74cd5513263?index=2","tram,interior, inspiration Poznan, LED, future,light, high tech, modern, japan, green"
"visualsketchbook_cyberpunk_style_tram_white_geometric_panels__c312cbb3-8a8c-46e2-8a01-12da930a1fa7_3.png","https://www.midjourney.com/jobs/c312cbb3-8a8c-46e2-8a01-12da930a1fa7?index=3","cyberpunk style tram, white geometric panels on the exterior, big windows, glass roof, led lights"
"visualsketchbook_drops_of_woter_6de06d2f-f015-45b9-83fb-f426601046f1_0.png","https://www.midjourney.com/jobs/6de06d2f-f015-45b9-83fb-f426601046f1?index=0","drops of woter"
"visualsketchbook_tram_exterior_natural_organic_shapes_big_win_8db4ffac-6a7c-4545-885d-7d29ec5492d5_1.png","https://www.midjourney.com/jobs/8db4ffac-6a7c-4545-885d-7d29ec5492d5?index=1","tram exterior, natural, organic shapes, big windows, fast, streamlined, toned colours, city"
"visualsketchbook_future_futuristic_tram_streamlined_fast_wavy_3eae45f4-2048-4e42-a616-7990c0e7bf81_3.png","https://www.midjourney.com/jobs/3eae45f4-2048-4e42-a616-7990c0e7bf81?index=3","future, futuristic tram, streamlined, fast, wavy, brown, in the city, modern"
"visualsketchbook_create_interior_tram_futuristic_green_ergomo_bb139e21-24f7-4550-84f2-6106b3642e93_3.png","https://www.midjourney.com/jobs/bb139e21-24f7-4550-84f2-6106b3642e93?index=3","create interior tram futuristic, green, ergomomic, plants, modern luxurious, led lighting"
"visualsketchbook_physician_of_the_future_ad945c49-0299-4c33-af1b-040847de32e5_0.png","https://www.midjourney.com/jobs/ad945c49-0299-4c33-af1b-040847de32e5?index=0","physician of the future"
"visualsketchbook_futuristic_tram_simple_minimalistic_shapes_b_f96a9990-9c5f-4056-bbe6-5528ac74f5db_0.png","https://www.midjourney.com/jobs/f96a9990-9c5f-4056-bbe6-5528ac74f5db?index=0","futuristic tram simple minimalistic shapes black metal with green and yellow led big windows"
"visualsketchbook_create_interior_tram_futuristic_blue_green_b_5abcf24c-c441-4376-9712-f0bafbfbefdd_0.png","https://www.midjourney.com/jobs/5abcf24c-c441-4376-9712-f0bafbfbefdd?index=0","create interior tram futuristic, blue, green, black , ergomomic, plants, modern luxurious, led lighting, multi-functional, elegant"
"visualsketchbook_interior_of_the_tram_inspired_by_speed_and_f_d1cef2cd-592f-43b3-8ecf-e59f9a067380_2.png","https://www.midjourney.com/jobs/d1cef2cd-592f-43b3-8ecf-e59f9a067380?index=2","interior of the tram inspired by speed and futuristic cosmos space"
"visualsketchbook_the_interior_of_modern_simple_and_futuristic_d5f0c05d-a399-4a8b-804a-e43293e55170_0.png","https://www.midjourney.com/jobs/d5f0c05d-a399-4a8b-804a-e43293e55170?index=0","the interior of modern, simple and futuristic tram, with glazing and nature"
"visualsketchbook_futuristic_modern_and_fast_tram_being_an_art_2b164f86-6875-4201-bf80-b8be9a9acfc0_0.png","https://www.midjourney.com/jobs/2b164f86-6875-4201-bf80-b8be9a9acfc0?index=0","futuristic modern and fast tram being an art performance lots of glass and metal soacious interior many seats"
"visualsketchbook_tram_interior_0b3f2a4a-a11d-49c6-ad89-58675173d2d2_2.png","https://www.midjourney.com/jobs/0b3f2a4a-a11d-49c6-ad89-58675173d2d2?index=2","tram interior"
"visualsketchbook_high_tech_style_tram_modern_technolegy_be0af2eb-08b3-4ac2-bf56-487a95684d23_1.png","https://www.midjourney.com/jobs/be0af2eb-08b3-4ac2-bf56-487a95684d23?index=1","high tech style tram, modern technolegy"
"visualsketchbook_space_tram_interior_with_organic_shapes_of_s_b6e9203a-467f-4b91-a7aa-32a06c60dcca_1.png","https://www.midjourney.com/jobs/b6e9203a-467f-4b91-a7aa-32a06c60dcca?index=1","space tram interior with organic shapes of seats and windows"
"visualsketchbook_luxury_glass_77bc38e3-0336-4195-8feb-90770632bea2_3.png","https://www.midjourney.com/jobs/77bc38e3-0336-4195-8feb-90770632bea2?index=3","luxury glass"
"visualsketchbook_imagine_a_tram_interior_sustainability_futur_86fd63e5-9869-4b73-adbd-19f199a3f50e_1.png","https://www.midjourney.com/jobs/86fd63e5-9869-4b73-adbd-19f199a3f50e?index=1","imagine a tram interior, sustainability, future, beige and green colors, ambient lighting, round shapes, big round windows, ceiling and floor lighting, eco, recycling materials, ergonomic, realistic, white floor, fascinating shapes, new technologies, led lighting"
"visualsketchbook_TRAM_INTERIOR_INSPIRED_BY_COSMOS_SPACE_5af2e39c-390d-413c-ac31-37b5a80b4870_2.png","https://www.midjourney.com/jobs/5af2e39c-390d-413c-ac31-37b5a80b4870?index=2","TRAM INTERIOR INSPIRED BY COSMOS SPACE"
"visualsketchbook_high-tech_style_b79fc37d-9cc0-4de4-a291-9ae588657d90_2.png","https://www.midjourney.com/jobs/b79fc37d-9cc0-4de4-a291-9ae588657d90?index=2","high-tech style"
"visualsketchbook_futuristic_tram_interior_blue_orange_black_L_f0f920e2-e911-4b08-97fa-482b71d60fc1_0.png","https://www.midjourney.com/jobs/f0f920e2-e911-4b08-97fa-482b71d60fc1?index=0","futuristic tram interior, blue, orange, black, LED, glass, curve shapes, round, daylight, seen from enter, look from diffrent angles"
"visualsketchbook_modern_interior_of_tram_light_futuristic_blu_6c87515e-6681-484a-b56d-de6302f7abd8_1.png","https://www.midjourney.com/jobs/6c87515e-6681-484a-b56d-de6302f7abd8?index=1","modern interior of tram light futuristic blue leds orange elements of interior"
"visualsketchbook_TRAM_INTERIOR_INSPIRED_BY_COSMOS_SPACE_df282506-cba1-47aa-998b-04825d7d58f4_3.png","https://www.midjourney.com/jobs/df282506-cba1-47aa-998b-04825d7d58f4?index=3","TRAM INTERIOR INSPIRED BY COSMOS SPACE"
"visualsketchbook_imagine_an_ergonomic_tram_seat_white_realist_d5a54fe9-a9dd-4c90-8058-449b5c5e501c_0.png","https://www.midjourney.com/jobs/d5a54fe9-a9dd-4c90-8058-449b5c5e501c?index=0","imagine an ergonomic tram seat, white, realistic, ambient lighting, wood,"
"visualsketchbook_interior_of_future_tram_ergonomic_seats_frie_6a61a3a8-5059-4c13-bbad-ceb572abfaf2_1.png","https://www.midjourney.com/jobs/6a61a3a8-5059-4c13-bbad-ceb572abfaf2?index=1","interior of future tram, ergonomic seats, friendly vibe, light colours, without yellow elements, organic shapes, clear space"
"visualsketchbook_fast_modern_tram_in_high_tech_style_4548a91d-cbfa-4b5c-9ee4-307cb8fe96fd_0.png","https://www.midjourney.com/jobs/4548a91d-cbfa-4b5c-9ee4-307cb8fe96fd?index=0","fast modern tram in high tech style"
"visualsketchbook_vincent_callebaut_envision_future_of_mobilit_04e69645-6ed1-4acf-bebb-818cd52a9ed5_1.png","https://www.midjourney.com/jobs/04e69645-6ed1-4acf-bebb-818cd52a9ed5?index=1","vincent callebaut envision future of mobility as timber-based evtols hydrofoils luxury ergonomic with bid windows and light colours"
"visualsketchbook_reflection_ec0a5cc5-feb7-44d5-b589-3da7e63eca5c_2.png","https://www.midjourney.com/jobs/ec0a5cc5-feb7-44d5-b589-3da7e63eca5c?index=2","reflection"
"visualsketchbook_interior_design_of_a_futuristic_tram_with_or_02a73dd1-a22d-4151-bf83-20b02c914c70_3.png","https://www.midjourney.com/jobs/02a73dd1-a22d-4151-bf83-20b02c914c70?index=3","interior design of a futuristic tram with original panoramic ceiling windows, floor and ceiling lightning, unique seats, visual features, audiovisual system, ergonomic handle"
"visualsketchbook_tram_interior_in_dark_shaded_streamlined_sha_240d874e-7b7a-4a0e-bb26-2d402685b558_0.png","https://www.midjourney.com/jobs/240d874e-7b7a-4a0e-bb26-2d402685b558?index=0","tram interior in dark shaded, streamlined shape, copper accents, modernistic, futuristic, big windows"
"visualsketchbook_tram_interior_future_streamlined_shape_moder_de6b28ac-d5a0-45c7-84e0-417d9a0e28cd_3.png","https://www.midjourney.com/jobs/de6b28ac-d5a0-45c7-84e0-417d9a0e28cd?index=3","tram interior, future, streamlined shape, modernist, futuristic, rhythm, white rhythm panels, 3d printing, panoramic window, warm light, woodeen floor, plants"
"visualsketchbook_fast_tram_nature_sky_way_tram_city_tram_--v__1fced11e-d7ff-4ba7-b060-c50680a8d93f_2.png","https://www.midjourney.com/jobs/1fced11e-d7ff-4ba7-b060-c50680a8d93f?index=2","fast tram, nature, sky way tram, city tram"
"visualsketchbook_interior_of_the_tram_inspired_by_speed_and_f_703f7a86-4c50-4944-958e-d0a689eeb147_3.png","https://www.midjourney.com/jobs/703f7a86-4c50-4944-958e-d0a689eeb147?index=3","interior of the tram inspired by speed and futuristic cosmos space"
"visualsketchbook_futurisic_streamline_tram_exterior_in_natura_5c074682-b733-4f95-8a52-9d7903146b15_0.png","https://www.midjourney.com/jobs/5c074682-b733-4f95-8a52-9d7903146b15?index=0","futurisic streamline tram exterior in natural colors"
"visualsketchbook_futuristic_streamline_tram_interior_with_org_bc787b57-898e-42a1-b174-bb0d43f48543_1.png","https://www.midjourney.com/jobs/bc787b57-898e-42a1-b174-bb0d43f48543?index=1","futuristic streamline tram interior with organic convex forms and natural form of lighting"
"visualsketchbook_create_tram_futuristic_green_ergomomic_plant_372c6212-a0fb-4d01-babf-642d0c346804_0.png","https://www.midjourney.com/jobs/372c6212-a0fb-4d01-babf-642d0c346804?index=0","create tram futuristic, green, ergomomic, plants, modern luxurious, led lighting"
"visualsketchbook_modern_streamline_tram_interior_in_natural_c_83dbb832-4c55-4547-a267-fd3cae8c0b68_1.png","https://www.midjourney.com/jobs/83dbb832-4c55-4547-a267-fd3cae8c0b68?index=1","modern streamline tram interior in natural colors, copper pipes and seats in unusual forms"
"visualsketchbook_colorfull_play_of_light_inside_tram_futurist_9b15747a-af15-4247-96f7-1d861565e240_0.png","https://www.midjourney.com/jobs/9b15747a-af15-4247-96f7-1d861565e240?index=0","colorfull play of light inside tram, futuristic, inspire by cosmos"
"visualsketchbook_futuristic_tram_interior_in_natural_light_gr_e574ebc8-f44d-43c2-ad7c-c1bf0b07d152_3.png","https://www.midjourney.com/jobs/e574ebc8-f44d-43c2-ad7c-c1bf0b07d152?index=3","futuristic tram interior in natural light green colors. copper brancing pipes, seats are in unusual form with organic convex forms and natural form of lighting"
"visualsketchbook_functionality_sky_way_tram_interior_for_chil_adcdbe0b-a67e-4939-8626-8ed9eb5f9744_0.png","https://www.midjourney.com/jobs/adcdbe0b-a67e-4939-8626-8ed9eb5f9744?index=0","functionality, sky way tram, interior for children tram, city"
"visualsketchbook_space_tram_interior_with_organic_shapes_of_s_d9456278-21e1-4501-8792-903c03053e78_1.png","https://www.midjourney.com/jobs/d9456278-21e1-4501-8792-903c03053e78?index=1","space tram interior with organic shapes of seats and windows"
"visualsketchbook_functionality_sky_way_tram_interior_for_chil_bdf146d5-b460-44a3-94d1-c661ad5370ea_0.png","https://www.midjourney.com/jobs/bdf146d5-b460-44a3-94d1-c661ad5370ea?index=0","functionality, sky way tram, interior for children tram, city"
"visualsketchbook_imagine_a_tram_interior_sustainability_futur_c05c9e3d-8e8e-44a5-b4bf-fd2a73cc6a7a_2.png","https://www.midjourney.com/jobs/c05c9e3d-8e8e-44a5-b4bf-fd2a73cc6a7a?index=2","imagine a tram interior, sustainability, future, beige and white colors, ambient lighting, round shapes, big windows, ceiling and floor lighting, eco, recycling materials, ergonomic, realistic, white floor, fascinating shapes"
"visualsketchbook_future_high_realistic_interior_tram_streamli_464cd0a9-8ce7-43dc-8a65-94d38e86e303_3.png","https://www.midjourney.com/jobs/464cd0a9-8ce7-43dc-8a65-94d38e86e303?index=3","future, high realistic, interior tram, streamlined, fast, in the city, modern, liquid"
"visualsketchbook_modern_interior_of_tram_light_futuristic_blu_004bb701-94ea-489b-bf99-df423c8b1c99_3.png","https://www.midjourney.com/jobs/004bb701-94ea-489b-bf99-df423c8b1c99?index=3","modern interior of tram light futuristic blue leds orange elements of interior"
"visualsketchbook_tram_body_of_earthworm_modern_bionic_shapes__fc2699bb-1715-46b6-9bb5-cbad4104e842_2.png","https://www.midjourney.com/jobs/fc2699bb-1715-46b6-9bb5-cbad4104e842?index=2","tram, body of earthworm, modern, bionic shapes, seats, rings"
"visualsketchbook_modern_simple_future_futuristic_tram_in_fron_12d63542-6fa6-4a95-8f83-b5fa9ad2a84d_0.png","https://www.midjourney.com/jobs/12d63542-6fa6-4a95-8f83-b5fa9ad2a84d?index=0","modern, simple, future, futuristic tram in front"
"visualsketchbook_tram_interior_modern_body_of_earthworm_bioni_aaa2885a-2152-4703-b4dd-9ac52ac5a3ea_1.png","https://www.midjourney.com/jobs/aaa2885a-2152-4703-b4dd-9ac52ac5a3ea?index=1","tram, interior, modern, body of earthworm, bionic shapes, colorful, lighting, rings, seats, bionic style"
"visualsketchbook_future_futuristic_tram_streamlined_fast_wavy_8fda5826-fa80-474e-a043-f33ac8200a1b_0.png","https://www.midjourney.com/jobs/8fda5826-fa80-474e-a043-f33ac8200a1b?index=0","future, futuristic tram, streamlined, fast, wavy, brown, in the city, modern"
"visualsketchbook_future_tram_interior_streamlined_fast_wavy_b_f42ad821-b4bd-415e-a206-d146d483a356_2.png","https://www.midjourney.com/jobs/f42ad821-b4bd-415e-a206-d146d483a356?index=2","future, tram interior, streamlined, fast, wavy, brown, sand colors, navy blue, bone structure, water creatures, whale,bladerunner, seaweed"
"visualsketchbook_traminterior_inspiration_Poznan_LED_futureli_ad318935-cd71-495e-961b-e74cd5513263_3.png","https://www.midjourney.com/jobs/ad318935-cd71-495e-961b-e74cd5513263?index=3","tram,interior, inspiration Poznan, LED, future,light, high tech, modern, japan, green"
"visualsketchbook_tram_body_of_earthworm_modern_bionic_shapes__fc2699bb-1715-46b6-9bb5-cbad4104e842_1.png","https://www.midjourney.com/jobs/fc2699bb-1715-46b6-9bb5-cbad4104e842?index=1","tram, body of earthworm, modern, bionic shapes, seats, rings"
"visualsketchbook_interior_of_tram_biophilic_modern_futuristic_c0b84925-bd5d-4a31-b593-58857d750922_0.png","https://www.midjourney.com/jobs/c0b84925-bd5d-4a31-b593-58857d750922?index=0","interior of tram, biophilic, modern, futuristic, green, funktional, ambient lighting"
"visualsketchbook_modern_interior_of_tram_light_futuristic_blu_6c87515e-6681-484a-b56d-de6302f7abd8_2.png","https://www.midjourney.com/jobs/6c87515e-6681-484a-b56d-de6302f7abd8?index=2","modern interior of tram light futuristic blue leds orange elements of interior"
"visualsketchbook_futuristic_modern_and_fast_tram_being_an_art_aa26bcf3-7f51-4a52-9a9c-866b6900f4c3_0.png","https://www.midjourney.com/jobs/aa26bcf3-7f51-4a52-9a9c-866b6900f4c3?index=0","futuristic modern and fast tram being an art performance lots of glass and metal soacious interior many seats"
"visualsketchbook_imagine_a_tram_interior_sustainability_futur_c05c9e3d-8e8e-44a5-b4bf-fd2a73cc6a7a_0.png","https://www.midjourney.com/jobs/c05c9e3d-8e8e-44a5-b4bf-fd2a73cc6a7a?index=0","imagine a tram interior, sustainability, future, beige and white colors, ambient lighting, round shapes, big windows, ceiling and floor lighting, eco, recycling materials, ergonomic, realistic, white floor, fascinating shapes"
"visualsketchbook_futuristic_modern_tram_communication_people__4daf8f7e-34e6-47f8-8235-e7052ae70ea2_2.png","https://www.midjourney.com/jobs/4daf8f7e-34e6-47f8-8235-e7052ae70ea2?index=2","futuristic, modern, tram, communication, people, light, yellow, blue, white, not geometric, interior, ergonomic"
"visualsketchbook_futuristic_tram_stained_glass_window_huge_wi_d8a5e597-9d88-49dc-8ab7-efc746cbea38_3.png","https://www.midjourney.com/jobs/d8a5e597-9d88-49dc-8ab7-efc746cbea38?index=3","futuristic tram stained glass window huge window ten seats round seats"
"visualsketchbook_super_fast_and_futuristic_modern_tram_spacio_35569c1c-7ab4-4268-aafc-e1a48ef6daf6_1.png","https://www.midjourney.com/jobs/35569c1c-7ab4-4268-aafc-e1a48ef6daf6?index=1","super fast and futuristic modern tram spacious inside lots of seats big windows natural colors and wood"
"visualsketchbook_future_interior_tram_streamlined_fast_wavy_b_e46df672-c83d-4255-a205-64ed7385d3fa_0.png","https://www.midjourney.com/jobs/e46df672-c83d-4255-a205-64ed7385d3fa?index=0","future, interior tram, streamlined, fast, wavy, brown, in the city, modern, liquid"
"visualsketchbook_interior_of_future_tram_ergonomic_seats_frie_ba042cce-04c3-4ede-a997-7dc7a8da7b37_0.png","https://www.midjourney.com/jobs/ba042cce-04c3-4ede-a997-7dc7a8da7b37?index=0","interior of future tram, ergonomic seats, friendly vibe, light colours, without yellow elements, organic shapes, clear space"
"visualsketchbook_future_interior_tram_streamlined_fast_wavy_n_a2877701-4a91-4162-8891-f59c0ce17fce_2.png","https://www.midjourney.com/jobs/a2877701-4a91-4162-8891-f59c0ce17fce?index=2","future, interior tram, streamlined, fast, wavy, navy blue,bladerunner, seaweed, in the city, modern"
"visualsketchbook_futuristic_tram_interior_in_natural_colors.__11b337a6-23f0-4ea2-b07e-446aea77fc5f_1.png","https://www.midjourney.com/jobs/11b337a6-23f0-4ea2-b07e-446aea77fc5f?index=1","futuristic tram interior in natural colors. copper brancing pipes, seats are in unusual form"
"visualsketchbook_tram_inspiration_Poznan_LED_future_high_tech_2b0d38c8-b468-4bf6-8e0a-267914a19afc_0.png","https://www.midjourney.com/jobs/2b0d38c8-b468-4bf6-8e0a-267914a19afc?index=0","tram, inspiration Poznan, LED, future, high tech, modern, japan"
"visualsketchbook_light_projections_inside_the_tram_inspired_b_3d09fbd1-69ea-4456-afb2-fd063ef6a3cb_3.png","https://www.midjourney.com/jobs/3d09fbd1-69ea-4456-afb2-fd063ef6a3cb?index=3","light projections inside the tram inspired by space and stars"
"visualsketchbook_tram_modern_interior_lighting_body_of_earthw_8e3ce13d-61df-480e-bdcf-71051fa777bf_0.png","https://www.midjourney.com/jobs/8e3ce13d-61df-480e-bdcf-71051fa777bf?index=0","tram, modern, interior, lighting, body of earthworm, fast, seats, bionic shapes, privacy seats"
"visualsketchbook_drops_of_woter_6de06d2f-f015-45b9-83fb-f426601046f1_3.png","https://www.midjourney.com/jobs/6de06d2f-f015-45b9-83fb-f426601046f1?index=3","drops of woter"
"visualsketchbook_futuristic_streamline_tram_exterior_in_natur_5b85c7ca-1561-4a91-b01e-fd7cea22a14d_1.png","https://www.midjourney.com/jobs/5b85c7ca-1561-4a91-b01e-fd7cea22a14d?index=1","futuristic streamline tram exterior in natural light colors"
"visualsketchbook_functionality_sky_way_tram_interior_for_chil_feaf731e-f972-467d-a14e-025f531da76c_0.png","https://www.midjourney.com/jobs/feaf731e-f972-467d-a14e-025f531da76c?index=0","functionality, sky way tram, interior for children tram, city"
"visualsketchbook_futuristic_modern_tram_communication_people__ec6e5c7e-6a39-4c7f-a5e4-177338a7e5dc_0.png","https://www.midjourney.com/jobs/ec6e5c7e-6a39-4c7f-a5e4-177338a7e5dc?index=0","futuristic, modern, tram, communication, people, light, yellow, blue, white, not geometric,"
"visualsketchbook_crooked_lines_1527c6b9-3d0a-4909-99ca-4f24bbe5c590_1.png","https://www.midjourney.com/jobs/1527c6b9-3d0a-4909-99ca-4f24bbe5c590?index=1","crooked lines"
"visualsketchbook_tram_exterior_in_dark_shaded_streamlined_sha_a1694bca-d5b2-4d05-9350-41b40ca4ef53_3.png","https://www.midjourney.com/jobs/a1694bca-d5b2-4d05-9350-41b40ca4ef53?index=3","tram exterior in dark shaded, streamlined shape, copper accents, red leds, modernistic, futuristic, big windows"
"visualsketchbook_modern_interior_of_tram_light_futuristic_blu_004bb701-94ea-489b-bf99-df423c8b1c99_0.png","https://www.midjourney.com/jobs/004bb701-94ea-489b-bf99-df423c8b1c99?index=0","modern interior of tram light futuristic blue leds orange elements of interior"
"visualsketchbook_imagine_a_tram_interior_sustainability_futur_b28b6051-cd48-4ba3-8b86-3ae12ce1301f_1.png","https://www.midjourney.com/jobs/b28b6051-cd48-4ba3-8b86-3ae12ce1301f?index=1","imagine a tram interior, sustainability, future, beige and green colors, ambient lighting, round shapes, big windows, ceiling and floor lighting, eco, recycling materials, ergonomic, realistic, wood floor"
"visualsketchbook_interior_design_of_a_tram_which_is_ergonomic_d68e0c8e-332d-4888-b1db-3f6c956d0554_1.png","https://www.midjourney.com/jobs/d68e0c8e-332d-4888-b1db-3f6c956d0554?index=1","interior design of a tram which is ergonomic, economical, organic with panoramic ceiling windows, wavy shapes, led amient lighting, natural materials with one contrasting colour"
"visualsketchbook_imagine_an_ergonomic_tram_seat_white_realist_11561ccd-c5e5-4de5-b96d-55a47b6e815e_1.png","https://www.midjourney.com/jobs/11561ccd-c5e5-4de5-b96d-55a47b6e815e?index=1","imagine an ergonomic tram seat, white, realistic, ambient lighting, wood,"
"visualsketchbook_fast_tram_nature_sky_way_tram_city_tram_810f9229-6ebd-4eec-9a42-8697be1ab41f_3.png","https://www.midjourney.com/jobs/810f9229-6ebd-4eec-9a42-8697be1ab41f?index=3","fast tram, nature, sky way tram, city tram"
"visualsketchbook_future_high_realistic_interior_tram_streamli_bc5f158a-d47b-47e5-8c07-06263f23f376_2.png","https://www.midjourney.com/jobs/bc5f158a-d47b-47e5-8c07-06263f23f376?index=2","future, high realistic, interior tram, streamlined, fast, wavy, brown, in the city, modern, liquid"
"visualsketchbook_futuristic_tram_interior_in_natural_colors.__dcfa15ca-ad38-4fca-995f-faf9ab7cde91_1.png","https://www.midjourney.com/jobs/dcfa15ca-ad38-4fca-995f-faf9ab7cde91?index=1","futuristic tram interior in natural colors. made of recycled materials. copper brancing pipes, seats are in unusual form with organic convex forms and natural form of lighting"
"visualsketchbook_the_interior_of_modern_simple_and_futuristic_d5f0c05d-a399-4a8b-804a-e43293e55170_1.png","https://www.midjourney.com/jobs/d5f0c05d-a399-4a8b-804a-e43293e55170?index=1","the interior of modern, simple and futuristic tram, with glazing and nature"
"visualsketchbook_minimalistic_tram_interior_and_exterior_desi_439b52ee-98d8-49e7-9810-e18435841b36_0.png","https://www.midjourney.com/jobs/439b52ee-98d8-49e7-9810-e18435841b36?index=0","minimalistic tram interior and exterior design organic architectural forms, modern materials, natural, organic handrails and setas, toned colours, glass"
"visualsketchbook_drops_of_woter_d7dec551-fd03-4ff0-b457-ec749e9deefd_2.png","https://www.midjourney.com/jobs/d7dec551-fd03-4ff0-b457-ec749e9deefd?index=2","drops of woter"
"visualsketchbook_tram_outsideabstractdrawing_on_the_ceiling_t_cb69c467-41de-4397-952c-2ede7e4ba96b_1.png","https://www.midjourney.com/jobs/cb69c467-41de-4397-952c-2ede7e4ba96b?index=1","tram outside,abstract,drawing on the ceiling that goes info the floor inside"
"visualsketchbook_imagine_a_tram_interior_sustainability_futur_bd5eb712-44be-4277-8cbc-874a3df3ea28_1.png","https://www.midjourney.com/jobs/bd5eb712-44be-4277-8cbc-874a3df3ea28?index=1","imagine a tram interior, sustainability, future, beige and dark green colors, ambient lighting, round shapes, big windows, ceiling and floor lighting, eco, recycling materials, ergonomic, realistic, white floor, fascinating shapes, interesting chairs, people"
"visualsketchbook_interior_of_futuristic_tram_with_big_windows_c01d2d55-2625-4132-a101-addacd322d99_0.png","https://www.midjourney.com/jobs/c01d2d55-2625-4132-a101-addacd322d99?index=0","interior of futuristic tram with big windows, cyber eco style, light green gray colors, handrails, screen on windows, a lot of place to sit, chairs, photorealistic, hi tech"
"visualsketchbook_future_interior_tram_streamlined_fast_wavy_n_be3c35db-efce-46ed-b7cb-eac981f0d47a_0.png","https://www.midjourney.com/jobs/be3c35db-efce-46ed-b7cb-eac981f0d47a?index=0","future, interior tram, streamlined, fast, wavy, navy blue,bladerunner, seaweed, in the city, modern"
"visualsketchbook_interior_of_futuristic_tram_with_big_windows_a0a86eaa-f75a-4c6b-a2db-08473eb71c14_2.png","https://www.midjourney.com/jobs/a0a86eaa-f75a-4c6b-a2db-08473eb71c14?index=2","interior of futuristic tram with big windows, cyber eco style, light green gray colors, handrails, screen on windows, a lot of place to sit, chairs, photorealistic, hi tech"
"visualsketchbook_tram_interior_modern_body_of_earthworm_bioni_2fa449e8-267b-4ee9-b07c-37dcb0ccd16a_2.png","https://www.midjourney.com/jobs/2fa449e8-267b-4ee9-b07c-37dcb0ccd16a?index=2","tram, interior, modern, body of earthworm, bionic shapes, colorful, lighting, rings, seats, bionic style"
"visualsketchbook_futurisic_streamline_tram_exterior_in_natura_29d3c61c-01a2-46a4-b7f4-8958580ebc48_0.png","https://www.midjourney.com/jobs/29d3c61c-01a2-46a4-b7f4-8958580ebc48?index=0","futurisic streamline tram exterior in natural colors"
"visualsketchbook_interior_of_futuristic_tram_with_big_windows_3c80d040-2646-4fd0-bce7-ce929cc9b9b1_2.png","https://www.midjourney.com/jobs/3c80d040-2646-4fd0-bce7-ce929cc9b9b1?index=2","interior of futuristic tram with big windows, patterned minimalistic floor, green beige colors, artistic handrails, screen on windows"
"visualsketchbook_futuristic_tram_big_windows_geometric_panels_6ef6c29f-580f-4b78-86a3-eb274cfaf9af_0.png","https://www.midjourney.com/jobs/6ef6c29f-580f-4b78-86a3-eb274cfaf9af?index=0","futuristic tram, big windows, geometric panels on the exterior, white, tinted windows"
"visualsketchbook_colorfull_play_of_light_inside_tram_futurist_9b15747a-af15-4247-96f7-1d861565e240_1.png","https://www.midjourney.com/jobs/9b15747a-af15-4247-96f7-1d861565e240?index=1","colorfull play of light inside tram, futuristic, inspire by cosmos"
"visualsketchbook_future_tram_interior_streamlined_fast_wavy_b_f4699339-e03c-44c6-ad50-039c176479d2_1.png","https://www.midjourney.com/jobs/f4699339-e03c-44c6-ad50-039c176479d2?index=1","future, tram interior, streamlined, fast, wavy, brown, sand colors, navy blue, bone structure,bladerunner, seaweed"
"visualsketchbook_futurisic_streamline_tram_exterior_in_natura_c1699c3d-51d9-42c7-89c0-faab8305827f_3.png","https://www.midjourney.com/jobs/c1699c3d-51d9-42c7-89c0-faab8305827f?index=3","futurisic streamline tram exterior in natural colors"
"visualsketchbook_future_tram_modern_streamlined_new_design_re_52d5f04b-0d1d-4011-b0a7-9ceeefb09dc5_1.png","https://www.midjourney.com/jobs/52d5f04b-0d1d-4011-b0a7-9ceeefb09dc5?index=1","future tram modern streamlined new design red colour led round parametric 2 seats"
"visualsketchbook_futurisic_streamline_tram_exterior_in_natura_c1699c3d-51d9-42c7-89c0-faab8305827f_2.png","https://www.midjourney.com/jobs/c1699c3d-51d9-42c7-89c0-faab8305827f?index=2","futurisic streamline tram exterior in natural colors"
"visualsketchbook_exterioir_of_a_futuristic_tram_inspired_cosm_8c33b55f-06a5-47cd-bd0b-26051185d7aa_0.png","https://www.midjourney.com/jobs/8c33b55f-06a5-47cd-bd0b-26051185d7aa?index=0","exterioir of a futuristic tram inspired cosmos space"
"visualsketchbook_traminterior_inspiration_Poznan_LED_futureli_ad318935-cd71-495e-961b-e74cd5513263_1.png","https://www.midjourney.com/jobs/ad318935-cd71-495e-961b-e74cd5513263?index=1","tram,interior, inspiration Poznan, LED, future,light, high tech, modern, japan, green"
"visualsketchbook_future_futuristic_tram_streamlined_fast_wavy_d74a009f-daad-4e4e-8d10-434183dd766e_0.png","https://www.midjourney.com/jobs/d74a009f-daad-4e4e-8d10-434183dd766e?index=0","future, futuristic tram, streamlined, fast, wavy, brown, in the city, modern"
"visualsketchbook_future_interior_tram_streamlined_fast_wavy_n_1caf604c-978c-4c09-82a4-f7d54a4fd241_0.png","https://www.midjourney.com/jobs/1caf604c-978c-4c09-82a4-f7d54a4fd241?index=0","future, interior tram, streamlined, fast, wavy, navy blue,bladerunner, seaweed, in the city, modern"
"visualsketchbook_traminterior_inspiration_Poznan_LED_futureli_69b3a923-197e-445e-9bf3-220b01b58731_3.png","https://www.midjourney.com/jobs/69b3a923-197e-445e-9bf3-220b01b58731?index=3","tram,interior, inspiration Poznan, LED, future,light, high tech, modern, japan, comfort"
"visualsketchbook_futuristic_modern_tram_communication_people__5fbca1c0-b881-4cd2-9bf7-f0b0b42fa3ab_2.png","https://www.midjourney.com/jobs/5fbca1c0-b881-4cd2-9bf7-f0b0b42fa3ab?index=2","futuristic, modern, tram, communication, people, light, yellow, blue, white, not geometric, interior"
"visualsketchbook_tram_exterior_natural_organic_shapes_big_win_8db4ffac-6a7c-4545-885d-7d29ec5492d5_3.png","https://www.midjourney.com/jobs/8db4ffac-6a7c-4545-885d-7d29ec5492d5?index=3","tram exterior, natural, organic shapes, big windows, fast, streamlined, toned colours, city"
"visualsketchbook_imagine_a_tram_interior_sustainability_futur_3b52bd1c-7452-4861-ac84-a11b363ae144_0.png","https://www.midjourney.com/jobs/3b52bd1c-7452-4861-ac84-a11b363ae144?index=0","imagine a tram interior, sustainability, future, beige and white colors, ambient lighting, round shapes, big windows, ceiling and floor lighting, eco, recycling materials, ergonomic, realistic, white floor, fascinating shapes, new technologies,"
"visualsketchbook_minimalism_interior_tram_functionality_light_1c5a30ae-275a-4343-86c8-1435915398f9_2.png","https://www.midjourney.com/jobs/1c5a30ae-275a-4343-86c8-1435915398f9?index=2","minimalism interior tram, functionality, light, komfortable"
"visualsketchbook_interior_of_future_tram_ergonomic_seats_frie_c63a22ed-38db-4d60-a836-1013ba97a81a_0.png","https://www.midjourney.com/jobs/c63a22ed-38db-4d60-a836-1013ba97a81a?index=0","interior of future tram, ergonomic seats, friendly vibe, light colours, without yellow elements, organic shapes, clear space"
"visualsketchbook_modern_interior_of_tram_light_futuristic_blu_392aef36-db59-423d-aac1-0e9483f88869_0.png","https://www.midjourney.com/jobs/392aef36-db59-423d-aac1-0e9483f88869?index=0","modern interior of tram light futuristic blue leds orange elements of interior"
"visualsketchbook_interior_design_of_a_futuristic_tram_with_or_113139bb-c662-40a8-9359-2254934afdbe_2.png","https://www.midjourney.com/jobs/113139bb-c662-40a8-9359-2254934afdbe?index=2","interior design of a futuristic tram with original panoramic ceiling windows, floor and ceiling lightning, unique seats, visual features, audiovisual system, ergonomic handle"
"visualsketchbook_tram_inspiration_Poznan_LED_future_high_tech_b1da2b5c-7294-462a-84c7-d3be0374e536_0.png","https://www.midjourney.com/jobs/b1da2b5c-7294-462a-84c7-d3be0374e536?index=0","tram, inspiration Poznan, LED, future, high tech, modern, japan"
"visualsketchbook_modern_white_interior_of_tram_with_dark_blue_7bb54d6c-a450-47ec-b93a-752cf8d5c880_3.png","https://www.midjourney.com/jobs/7bb54d6c-a450-47ec-b93a-752cf8d5c880?index=3","modern white interior of tram with dark blue elements and orange accents clean open space huge windows"
"visualsketchbook_futuristic_modern_tram_communication_people__4b759951-46b1-49ca-b518-7327131b04b5_3.png","https://www.midjourney.com/jobs/4b759951-46b1-49ca-b518-7327131b04b5?index=3","futuristic, modern, tram, communication, people, light, yellow, blue, white, not geometric, interior"
"visualsketchbook_future_tram_streamlined_fast_wavy_brown_sand_f327f565-e47d-4db8-856f-eef728c4be76_2.png","https://www.midjourney.com/jobs/f327f565-e47d-4db8-856f-eef728c4be76?index=2","future, tram, streamlined, fast, wavy, brown, sand colors, navy blue, bone structure, water creatures, whale,bladerunner, seaweed"
"visualsketchbook_interior_of_futuristic_tram_with_big_windows_3c80d040-2646-4fd0-bce7-ce929cc9b9b1_1.png","https://www.midjourney.com/jobs/3c80d040-2646-4fd0-bce7-ce929cc9b9b1?index=1","interior of futuristic tram with big windows, patterned minimalistic floor, green beige colors, artistic handrails, screen on windows"
"visualsketchbook_traminterior_inspiration_Poznan_LED_futureli_9df2ff29-5bf1-48b6-838c-bbd5df938d21_0.png","https://www.midjourney.com/jobs/9df2ff29-5bf1-48b6-838c-bbd5df938d21?index=0","tram,interior, inspiration Poznan, LED, future,light, high tech, modern, japan, comfort"
"visualsketchbook_colorfull_play_of_light_inside_tram_futurist_9b15747a-af15-4247-96f7-1d861565e240_2.png","https://www.midjourney.com/jobs/9b15747a-af15-4247-96f7-1d861565e240?index=2","colorfull play of light inside tram, futuristic, inspire by cosmos"
"visualsketchbook_future_tram_interior_streamlined_fast_wavy_b_ec76f7a9-fc28-4a4e-9fde-0e9ac1007c4d_1.png","https://www.midjourney.com/jobs/ec76f7a9-fc28-4a4e-9fde-0e9ac1007c4d?index=1","future, tram interior, streamlined, fast, wavy, brown, sand colors, navy blue, bone structure,bladerunner, seaweed"
"visualsketchbook_interior_of_future_tram_ergonomic_seats_frie_bf5071ac-2921-4d5b-afea-1dcadc503303_2.png","https://www.midjourney.com/jobs/bf5071ac-2921-4d5b-afea-1dcadc503303?index=2","interior of future tram, ergonomic seats, friendly vibe, light colours, without yellow elements, organic shapes, clear space"
"visualsketchbook_modern_white_interior_of_tram_with_dark_blue_93db330d-e231-42f6-91eb-e6a740fb95f3_2.png","https://www.midjourney.com/jobs/93db330d-e231-42f6-91eb-e6a740fb95f3?index=2","modern white interior of tram with dark blue elements and orange accents clean open space huge windows"
"visualsketchbook_tram_neutral_colours_exterior_fast_future_tr_ff59199b-1562-4412-8734-728f9151d8db_2.png","https://www.midjourney.com/jobs/ff59199b-1562-4412-8734-728f9151d8db?index=2","tram neutral colours exterior, fast, future tram, streamlined form,"
"visualsketchbook_interior_of_tram_biophilic_modern_futuristic_332458a8-bf5c-4cc4-99aa-d2bc9ef464ff_2.png","https://www.midjourney.com/jobs/332458a8-bf5c-4cc4-99aa-d2bc9ef464ff?index=2","interior of tram, biophilic, modern, futuristic, green, funktional, ambient lighting"
"visualsketchbook_tram_interior_modern_body_of_earthworm_bioni_aaa2885a-2152-4703-b4dd-9ac52ac5a3ea_3.png","https://www.midjourney.com/jobs/aaa2885a-2152-4703-b4dd-9ac52ac5a3ea?index=3","tram, interior, modern, body of earthworm, bionic shapes, colorful, lighting, rings, seats, bionic style"
"visualsketchbook_cyberpunk_style_tram_white_geometric_panels__81ca9131-6c3e-4dce-8158-bc2bb79c5889_1.png","https://www.midjourney.com/jobs/81ca9131-6c3e-4dce-8158-bc2bb79c5889?index=1","cyberpunk style tram, white geometric panels on the exterior, big windows, glass roof, led lights"
"visualsketchbook_the_interior_of_modern_simple_and_futuristic_758d6287-4b2d-4172-b487-c3e871be4dda_1.png","https://www.midjourney.com/jobs/758d6287-4b2d-4172-b487-c3e871be4dda?index=1","the interior of modern, simple and futuristic tram, with glazing and nature"
"visualsketchbook_tram_body_of_earthworm_modern_bionic_shapes__255a0dbc-637b-41b1-b780-4ccd29e3bffc_3.png","https://www.midjourney.com/jobs/255a0dbc-637b-41b1-b780-4ccd29e3bffc?index=3","tram, body of earthworm, modern, bionic shapes, seats, rings"
"visualsketchbook_future_interior_tram_streamlined_fast_wavy_n_1caf604c-978c-4c09-82a4-f7d54a4fd241_2.png","https://www.midjourney.com/jobs/1caf604c-978c-4c09-82a4-f7d54a4fd241?index=2","future, interior tram, streamlined, fast, wavy, navy blue,bladerunner, seaweed, in the city, modern"
"visualsketchbook_tram_interior_futuristic_cyberpunk_style_geo_de76413a-f5a7-4116-8433-79d5c411bd54_0.png","https://www.midjourney.com/jobs/de76413a-f5a7-4116-8433-79d5c411bd54?index=0","tram interior, futuristic, cyberpunk style, geometric forms, seating"
"visualsketchbook_modern_simple_future_futuristic_tram_in_fron_7c5fb966-df45-4319-a183-a2c64ee80d74_0.png","https://www.midjourney.com/jobs/7c5fb966-df45-4319-a183-a2c64ee80d74?index=0","modern, simple, future, futuristic tram in front"
"visualsketchbook_tram_modern_interior_lighting_body_of_earthw_8e3ce13d-61df-480e-bdcf-71051fa777bf_1.png","https://www.midjourney.com/jobs/8e3ce13d-61df-480e-bdcf-71051fa777bf?index=1","tram, modern, interior, lighting, body of earthworm, fast, seats, bionic shapes, privacy seats"
"visualsketchbook_tram_interior_modern_body_of_earthworm_bioni_3d67b75a-a502-49e4-aa44-2c2df7eb5754_0.png","https://www.midjourney.com/jobs/3d67b75a-a502-49e4-aa44-2c2df7eb5754?index=0","tram, interior, modern, body of earthworm, bionic shapes, colorful, lighting, rings, seats, bionic style"
"visualsketchbook_tram_exterior_in_dark_shaded_streamlined_sha_a5b5ece0-5427-4c26-99f0-f8e13110cc17_2.png","https://www.midjourney.com/jobs/a5b5ece0-5427-4c26-99f0-f8e13110cc17?index=2","tram exterior in dark shaded, streamlined shape, copper accents, red leds, modernistic, futuristic, big windows"
"visualsketchbook_crooked_lines_dd14cb5a-94b9-4543-8a01-f581fcf1c9c3_0.png","https://www.midjourney.com/jobs/dd14cb5a-94b9-4543-8a01-f581fcf1c9c3?index=0","crooked lines"
"visualsketchbook_create_interior_tram_futuristic_blue_green_b_16d42969-0407-49cf-a8fa-a6d6ca0742a8_0.png","https://www.midjourney.com/jobs/16d42969-0407-49cf-a8fa-a6d6ca0742a8?index=0","create interior tram futuristic, blue, green, black , ergomomic, plants, modern luxurious, led lighting, multi-functional, elegant"
"visualsketchbook_super_fast_and_futuristic_modern_tram_spacio_ed0f9bc2-14f1-46a5-bfd8-eb58878722a9_2.png","https://www.midjourney.com/jobs/ed0f9bc2-14f1-46a5-bfd8-eb58878722a9?index=2","super fast and futuristic modern tram spacious inside lots of seats big windows natural colors and wood"
"visualsketchbook_modern_future_tram_futuristic_light_led_4c8f7fbc-277e-4667-8a41-414d3b51003d_0.png","https://www.midjourney.com/jobs/4c8f7fbc-277e-4667-8a41-414d3b51003d?index=0","modern future tram futuristic light led"
"visualsketchbook_the_interior_of_modern_simple_and_futuristic_758d6287-4b2d-4172-b487-c3e871be4dda_3.png","https://www.midjourney.com/jobs/758d6287-4b2d-4172-b487-c3e871be4dda?index=3","the interior of modern, simple and futuristic tram, with glazing and nature"
"visualsketchbook_chairs_train_423281fd-f3a0-4852-98cd-6d7639c0a58d_0.png","https://www.midjourney.com/jobs/423281fd-f3a0-4852-98cd-6d7639c0a58d?index=0","chairs train"
"visualsketchbook_interior_design_of_a_futuristic_tram_with_or_9a5c36f3-96b3-4c30-a73d-552b5d742cf5_0.png","https://www.midjourney.com/jobs/9a5c36f3-96b3-4c30-a73d-552b5d742cf5?index=0","interior design of a futuristic tram with original panoramic ceiling windows, floor and ceiling lightning, unique seats, visual features, audiovisual system, ergonomic handle"
"visualsketchbook_modern_interior_of_tram_futuristic_b4759f07-6b32-4325-b36c-a19358cb08b4_0.png","https://www.midjourney.com/jobs/b4759f07-6b32-4325-b36c-a19358cb08b4?index=0","modern interior of tram futuristic"
"visualsketchbook_interior_of_modern_futuristic_simple_tram_wi_422a087a-ac54-40a3-8349-74fb3e56af1a_0.png","https://www.midjourney.com/jobs/422a087a-ac54-40a3-8349-74fb3e56af1a?index=0","interior of modern, futuristic, simple tram with glazing"
"visualsketchbook_tram_exterior_in_dark_shaded_streamlined_sha_57d2f21e-08e7-4db4-9e20-d7b9b1a8b1d3_2.png","https://www.midjourney.com/jobs/57d2f21e-08e7-4db4-9e20-d7b9b1a8b1d3?index=2","tram exterior in dark shaded, streamlined shape, copper accents, modernistic, futuristic, big windows"
"visualsketchbook_futuristic_tram_interior_blue_orange_black_L_d558cc66-6c37-460b-ae4a-82c75ed4744f_0.png","https://www.midjourney.com/jobs/d558cc66-6c37-460b-ae4a-82c75ed4744f?index=0","futuristic tram interior, blue, orange, black, LED, glass, curve shapes, round, daylight"
"visualsketchbook_tram_future_streamlined_shape_modernist_futu_078632ca-78e7-4731-97f0-4fa08fffb851_1.png","https://www.midjourney.com/jobs/078632ca-78e7-4731-97f0-4fa08fffb851?index=1","tram, future, streamlined shape, modernist, futuristic, rhythm, white rhythm panels, panoramic window"
"visualsketchbook_tram_interior_modern_rings_bionic_style_body_5b7d2e8d-7fab-464f-9072-b1c82f256345_2.png","https://www.midjourney.com/jobs/5b7d2e8d-7fab-464f-9072-b1c82f256345?index=2","tram, interior, modern, rings, bionic style, body of earthworm"
"visualsketchbook_interior_of_the_tram_inspired_by_speed_and_f_60d576e4-5928-4c34-a760-6bc6f5057506_3.png","https://www.midjourney.com/jobs/60d576e4-5928-4c34-a760-6bc6f5057506?index=3","interior of the tram inspired by speed and futuristic cosmos space"
"visualsketchbook_future_tram_streamlined_designer_round_singl_bae80397-08c5-41cf-9f6f-9a3816937d42_0.png","https://www.midjourney.com/jobs/bae80397-08c5-41cf-9f6f-9a3816937d42?index=0","future tram streamlined designer round single chair linear light on ceiling big window futuristic"
"visualsketchbook_interior_of_future_tram_ergonomic_seats_frie_a9af9f36-619c-47a9-93cb-8cc85d6ae250_3.png","https://www.midjourney.com/jobs/a9af9f36-619c-47a9-93cb-8cc85d6ae250?index=3","interior of future tram, ergonomic seats, friendly vibe, light colours, without yellow elements, organic shapes, clear space"
"visualsketchbook_futuristic_streamline_tram_interior_with_org_2aac506b-d0c4-4915-8591-7d9bca3123c2_2.png","https://www.midjourney.com/jobs/2aac506b-d0c4-4915-8591-7d9bca3123c2?index=2","futuristic streamline tram interior with organic convex forms and natural form of lighting"
"visualsketchbook_minimalistic_tram_interior_and_exterior_desi_5636f0c6-75fa-4e6f-a538-d8c7a64be711_2.png","https://www.midjourney.com/jobs/5636f0c6-75fa-4e6f-a538-d8c7a64be711?index=2","minimalistic tram interior and exterior design organic architectural forms, modern materials, natural, organic handrails and setas, toned colours, glass"
"visualsketchbook_future_tram_interior_streamlined_fast_wavy_b_f4699339-e03c-44c6-ad50-039c176479d2_3.png","https://www.midjourney.com/jobs/f4699339-e03c-44c6-ad50-039c176479d2?index=3","future, tram interior, streamlined, fast, wavy, brown, sand colors, navy blue, bone structure,bladerunner, seaweed"
"visualsketchbook_tram_interior_with_seats_spread_out_in_the_m_10024f84-09c2-410d-b51e-9d4c3c85335d_3.png","https://www.midjourney.com/jobs/10024f84-09c2-410d-b51e-9d4c3c85335d?index=3","tram interior with seats spread out in the middle of tram in the futuristic style"
"visualsketchbook_futuristic_streamline_tram_interior_in_natur_df3b01d5-777d-4aa4-bc0e-10b14778b16a_2.png","https://www.midjourney.com/jobs/df3b01d5-777d-4aa4-bc0e-10b14778b16a?index=2","futuristic streamline tram interior in natural olive green colors. copper brancing pipes, seats have unusual form"
"visualsketchbook_photorealistic_interior_of_future_tram_b567fd8b-925f-4020-8c82-8dd817e85e8c_3.png","https://www.midjourney.com/jobs/b567fd8b-925f-4020-8c82-8dd817e85e8c?index=3","photorealistic interior of future tram"
"visualsketchbook_TRAM_INTERIOR_INSPIRED_BY_COSMOS_SPACE_df282506-cba1-47aa-998b-04825d7d58f4_1.png","https://www.midjourney.com/jobs/df282506-cba1-47aa-998b-04825d7d58f4?index=1","TRAM INTERIOR INSPIRED BY COSMOS SPACE"
"visualsketchbook_tram_interior__interesting_modern_complicate_895758f0-07ec-4526-b09b-dc765c5859d3_1.png","https://www.midjourney.com/jobs/895758f0-07ec-4526-b09b-dc765c5859d3?index=1","tram interior , interesting, modern, complicated shapes, interesting lightning, big windows , handrails and cozy seats"
"visualsketchbook_modern_interior_of_tram_futuristic_b851499e-3551-4036-926d-621e344292a5_0.png","https://www.midjourney.com/jobs/b851499e-3551-4036-926d-621e344292a5?index=0","modern interior of tram futuristic"
"visualsketchbook_space_tram_interior_with_organic_shapes_of_s_644bead5-8fdc-4492-8c81-3db8792ac786_0.png","https://www.midjourney.com/jobs/644bead5-8fdc-4492-8c81-3db8792ac786?index=0","space tram interior with organic shapes of seats and windows"
"visualsketchbook_imagine_a_tram_interior_sustainability_futur_806134bd-bc28-4cc3-8ffb-519ae9f1ca7b_0.png","https://www.midjourney.com/jobs/806134bd-bc28-4cc3-8ffb-519ae9f1ca7b?index=0","imagine a tram interior, sustainability, future, beige and white colors, ambient lighting, round shapes, big windows, ceiling and floor lighting, eco, recycling materials, ergonomic, realistic, white floor, fascinating shapes"
"visualsketchbook_interior_of_futuristic_tram_with_big_windows_a0a86eaa-f75a-4c6b-a2db-08473eb71c14_3.png","https://www.midjourney.com/jobs/a0a86eaa-f75a-4c6b-a2db-08473eb71c14?index=3","interior of futuristic tram with big windows, cyber eco style, light green gray colors, handrails, screen on windows, a lot of place to sit, chairs, photorealistic, hi tech"
"visualsketchbook_interior_design_of_a_futuristic_tram_with_or_2f7b51cb-5351-469d-bf7a-f744532566be_3.png","https://www.midjourney.com/jobs/2f7b51cb-5351-469d-bf7a-f744532566be?index=3","interior design of a futuristic tram with original panoramic ceiling windows, floor and ceiling lightning, unique seats, visual features, audiovisual system, ergonomic handle"
"visualsketchbook_imagine_an_ergonomic_tram_seat_white_realist_11561ccd-c5e5-4de5-b96d-55a47b6e815e_3.png","https://www.midjourney.com/jobs/11561ccd-c5e5-4de5-b96d-55a47b6e815e?index=3","imagine an ergonomic tram seat, white, realistic, ambient lighting, wood,"
"visualsketchbook_the_interior_of_modern_simple_and_futuristic_19f8d6f2-34ff-4132-8832-f356faecc66d_3.png","https://www.midjourney.com/jobs/19f8d6f2-34ff-4132-8832-f356faecc66d?index=3","the interior of modern, simple and futuristic tram, with glazing and nature"
"visualsketchbook_future_high_realistic_interior_tram_streamli_9948c03e-8fb3-4371-bbe3-07ae7d9921fb_3.png","https://www.midjourney.com/jobs/9948c03e-8fb3-4371-bbe3-07ae7d9921fb?index=3","future, high realistic, interior tram, streamlined, fast, wavy, brown, in the city, modern, liquid"
"visualsketchbook_future_high_realistic_interior_tram_streamli_6eacba13-918b-4faf-89ce-92771104b75a_2.png","https://www.midjourney.com/jobs/6eacba13-918b-4faf-89ce-92771104b75a?index=2","future, high realistic, interior tram, streamlined, fast, in the city, modern, liquid"
"visualsketchbook_cyberpunk_style_tram_white_geometric_panels__c312cbb3-8a8c-46e2-8a01-12da930a1fa7_1.png","https://www.midjourney.com/jobs/c312cbb3-8a8c-46e2-8a01-12da930a1fa7?index=1","cyberpunk style tram, white geometric panels on the exterior, big windows, glass roof, led lights"
"visualsketchbook_new_tram_interior_af9168f4-6518-4d2d-8233-84b1fd726ad1_0.png","https://www.midjourney.com/jobs/af9168f4-6518-4d2d-8233-84b1fd726ad1?index=0","new tram interior"
"visualsketchbook_futuristic_modern_tram_communication_people__4daf8f7e-34e6-47f8-8235-e7052ae70ea2_0.png","https://www.midjourney.com/jobs/4daf8f7e-34e6-47f8-8235-e7052ae70ea2?index=0","futuristic, modern, tram, communication, people, light, yellow, blue, white, not geometric, interior, ergonomic"
"visualsketchbook_tram_future_streamlined_shape_modernist_futu_078632ca-78e7-4731-97f0-4fa08fffb851_2.png","https://www.midjourney.com/jobs/078632ca-78e7-4731-97f0-4fa08fffb851?index=2","tram, future, streamlined shape, modernist, futuristic, rhythm, white rhythm panels, panoramic window"
"visualsketchbook_interior_of_future_tram_ergonomic_seats_frie_a0eee501-365f-49ba-8bb8-8f254721c487_2.png","https://www.midjourney.com/jobs/a0eee501-365f-49ba-8bb8-8f254721c487?index=2","interior of future tram, ergonomic seats, friendly vibe, light colours, without yellow elements, organic shapes, clear space"
"visualsketchbook_tramecobig_windowblueabstrat_seatled_light_8c1597f8-503c-4b54-bc2c-fdb67976da9c_1.png","https://www.midjourney.com/jobs/8c1597f8-503c-4b54-bc2c-fdb67976da9c?index=1","tram,eco,big window,blue,abstrat seat,led light"
"visualsketchbook_modern_tram_interior_design_in_high_tech_sty_2050ff55-0bec-45c9-a41a-53567b3d1b65_2.png","https://www.midjourney.com/jobs/2050ff55-0bec-45c9-a41a-53567b3d1b65?index=2","modern tram interior design in high tech style"
"visualsketchbook_modern_futuristic_tram_ecologic_economic_ins_c520fc13-c728-414f-99b4-f5cb6224763a_3.png","https://www.midjourney.com/jobs/c520fc13-c728-414f-99b4-f5cb6224763a?index=3","modern futuristic tram ecologic economic inspired by nature wooden elements use of glass and metal fast"
"visualsketchbook_futuristic_tram_interior_in_natural_colors.__5ce64cd5-f222-4de3-99d1-924ab1bb8680_1.png","https://www.midjourney.com/jobs/5ce64cd5-f222-4de3-99d1-924ab1bb8680?index=1","futuristic tram interior in natural colors. made of recycled materials. copper brancing pipes, seats are in unusual form with organic convex forms and natural form of lighting"
"visualsketchbook_interior_of_tram_biophilic_futuristic_funkti_da5f1d2a-4459-49bb-a798-a783a8d07a9c_2.png","https://www.midjourney.com/jobs/da5f1d2a-4459-49bb-a798-a783a8d07a9c?index=2","interior of tram, biophilic, futuristic, funktional, cirkle, led lighting, big windows, new technologies, dark green colours"
"visualsketchbook_tram_interior_efd16c70-60b9-42ab-af10-d4786980c49c_2.png","https://www.midjourney.com/jobs/efd16c70-60b9-42ab-af10-d4786980c49c?index=2","tram interior"
"visualsketchbook_futuristic_tram_blue_orange_black_LED_glass__767fed08-2c9b-4309-88c0-fd509168aa8d_1.png","https://www.midjourney.com/jobs/767fed08-2c9b-4309-88c0-fd509168aa8d?index=1","futuristic tram, blue, orange, black, LED, glass, curve shapes, round"
"visualsketchbook_organic_tram_e51d6432-2f79-4c06-a0c9-f4a10cc75d99_3.png","https://www.midjourney.com/jobs/e51d6432-2f79-4c06-a0c9-f4a10cc75d99?index=3","organic tram"
"visualsketchbook_tram_outsideabstract_9d2f6ed6-0479-4a02-a279-91ceb409eacb_0.png","https://www.midjourney.com/jobs/9d2f6ed6-0479-4a02-a279-91ceb409eacb?index=0","tram outside,abstract"
"visualsketchbook_interior_of_modern_futuristic_simple_tram_wi_29c6bbee-d1a7-4e3e-afde-c1f9781c5050_2.png","https://www.midjourney.com/jobs/29c6bbee-d1a7-4e3e-afde-c1f9781c5050?index=2","interior of modern, futuristic, simple tram with glazing"
"visualsketchbook_futurystic_design_of_tram_interior_with_orga_d092725e-56e1-4a66-8a3f-b1c1769550c7_3.png","https://www.midjourney.com/jobs/d092725e-56e1-4a66-8a3f-b1c1769550c7?index=3","futurystic design of tram interior with organic convex form of lighting an windows"
"visualsketchbook_imagine_a_tram_interior_sustainability_futur_9cde1cd3-2b0f-46dc-91b1-2a24c88b808c_0.png","https://www.midjourney.com/jobs/9cde1cd3-2b0f-46dc-91b1-2a24c88b808c?index=0","imagine a tram interior, sustainability, future, beige and dark green colors, ambient lighting, round shapes, big windows, ceiling and floor lighting, eco, recycling materials, ergonomic, realistic, white floor, fascinating shapes, interesting chairs, people"
"visualsketchbook_tram_future_streamlined_shape_modernist_futu_a2978a70-da91-4f92-a17e-e541835c4e96_0.png","https://www.midjourney.com/jobs/a2978a70-da91-4f92-a17e-e541835c4e96?index=0","tram, future, streamlined shape, modernist, futuristic, rhythm, white rhythm panels, panoramic window"
"visualsketchbook_futuristic_streamline_tram_exterior_in_natur_5b85c7ca-1561-4a91-b01e-fd7cea22a14d_3.png","https://www.midjourney.com/jobs/5b85c7ca-1561-4a91-b01e-fd7cea22a14d?index=3","futuristic streamline tram exterior in natural light colors"
"visualsketchbook_tram_body_of_earthworm_modern_bionic_shapes__fc2699bb-1715-46b6-9bb5-cbad4104e842_0.png","https://www.midjourney.com/jobs/fc2699bb-1715-46b6-9bb5-cbad4104e842?index=0","tram, body of earthworm, modern, bionic shapes, seats, rings"
"visualsketchbook_tram_modern_interior_lighting_body_of_earthw_aee8cb84-74be-4bbb-b760-3a947f397e44_0.png","https://www.midjourney.com/jobs/aee8cb84-74be-4bbb-b760-3a947f397e44?index=0","tram, modern, interior, lighting, body of earthworm, fast, seats, bionic shapes, privacy seats"
"visualsketchbook_space_tram_interior_with_organic_shapes_of_s_dcefeb0f-3174-413f-9407-6c9b77f85402_1.png","https://www.midjourney.com/jobs/dcefeb0f-3174-413f-9407-6c9b77f85402?index=1","space tram interior with organic shapes of seats and windows"
"visualsketchbook_interior_of_future_tram_ergonomic_seats_frie_bf5071ac-2921-4d5b-afea-1dcadc503303_1.png","https://www.midjourney.com/jobs/bf5071ac-2921-4d5b-afea-1dcadc503303?index=1","interior of future tram, ergonomic seats, friendly vibe, light colours, without yellow elements, organic shapes, clear space"
"visualsketchbook_functional_tram_technology_sky_way_tram_fast_1fdc1c03-618b-44a7-80f5-108432d01f53_1.png","https://www.midjourney.com/jobs/1fdc1c03-618b-44a7-80f5-108432d01f53?index=1","functional tram, technology, sky way tram, fast"
"visualsketchbook_interior_of_the_tram_inspired_by_speed_and_f_00d0a390-4fce-47d6-8540-61c48f171d23_0.png","https://www.midjourney.com/jobs/00d0a390-4fce-47d6-8540-61c48f171d23?index=0","interior of the tram inspired by speed and futuristic cosmos space"
"visualsketchbook_traminterior_inspiration_Poznan_LED_futureli_00f59b84-171e-4133-9ca9-01a2a49886ae_3.png","https://www.midjourney.com/jobs/00f59b84-171e-4133-9ca9-01a2a49886ae?index=3","tram,interior, inspiration Poznan, LED, future,light, high tech, modern, japan, comfort"
"visualsketchbook_cuberpank_tramblueabstratbig_window_5b76aefa-59f1-4711-95c9-60bb85e8a580_0.png","https://www.midjourney.com/jobs/5b76aefa-59f1-4711-95c9-60bb85e8a580?index=0","cuberpank tram,blue,abstrat,big window"
"visualsketchbook_futurystic_design_of_tram_interior_with_orga_790329ca-1411-4648-a229-271625c966a3_3.png","https://www.midjourney.com/jobs/790329ca-1411-4648-a229-271625c966a3?index=3","futurystic design of tram interior with organic convex form of lighting an windows"
"visualsketchbook_interior_of_the_tram_inspired_by_speed_and_f_60d576e4-5928-4c34-a760-6bc6f5057506_1.png","https://www.midjourney.com/jobs/60d576e4-5928-4c34-a760-6bc6f5057506?index=1","interior of the tram inspired by speed and futuristic cosmos space"
"visualsketchbook_functionality_sky_way_tram_interior_for_chil_8fa8d0e5-d3e5-4567-b9ae-07aaab5c38c0_2.png","https://www.midjourney.com/jobs/8fa8d0e5-d3e5-4567-b9ae-07aaab5c38c0?index=2","functionality, sky way tram, interior for children tram, city"
"visualsketchbook_tram_interior_future_streamlined_shape_moder_65ed6897-a00e-48c7-b303-1e11b9c526f9_0.png","https://www.midjourney.com/jobs/65ed6897-a00e-48c7-b303-1e11b9c526f9?index=0","tram interior, future, streamlined shape, modernist, futuristic, rhythm, white rhythm panels, 3d printing, panoramic window"
"visualsketchbook_cuberpankecolightledtram_17825f23-acab-4f84-a48c-f9f43ab9ba8f_2.png","https://www.midjourney.com/jobs/17825f23-acab-4f84-a48c-f9f43ab9ba8f?index=2","cuberpank,eco,light,led,tram"
"visualsketchbook_functionality_sky_way_tram_interior_for_chil_bdf146d5-b460-44a3-94d1-c661ad5370ea_1.png","https://www.midjourney.com/jobs/bdf146d5-b460-44a3-94d1-c661ad5370ea?index=1","functionality, sky way tram, interior for children tram, city"
"visualsketchbook_tram_interior__interesting_modern_complicate_fc250b4f-b241-4ff9-ad59-4f23357a8656_0.png","https://www.midjourney.com/jobs/fc250b4f-b241-4ff9-ad59-4f23357a8656?index=0","tram interior , interesting, modern, complicated shapes, interesting lightning, big windows , handrails and cozy seats"
"visualsketchbook_futuristic_modern_tram_communication_people__b69336f4-5135-414e-96e8-1604122ee043_3.png","https://www.midjourney.com/jobs/b69336f4-5135-414e-96e8-1604122ee043?index=3","futuristic, modern, tram, communication, people, light, yellow, blue, white, not geometric,"
"visualsketchbook_interior_design_of_a_futuristic_tram_with_or_9a5c36f3-96b3-4c30-a73d-552b5d742cf5_1.png","https://www.midjourney.com/jobs/9a5c36f3-96b3-4c30-a73d-552b5d742cf5?index=1","interior design of a futuristic tram with original panoramic ceiling windows, floor and ceiling lightning, unique seats, visual features, audiovisual system, ergonomic handle"
"visualsketchbook_tram_inspiration_Poznan_LED_future_high_tech_b7959adb-7249-41aa-b687-e6bd6ba4bc65_3.png","https://www.midjourney.com/jobs/b7959adb-7249-41aa-b687-e6bd6ba4bc65?index=3","tram, inspiration Poznan, LED, future, high tech, modern, japan"
"visualsketchbook_super_fast_and_futuristic_modern_tram_spacio_ed0f9bc2-14f1-46a5-bfd8-eb58878722a9_3.png","https://www.midjourney.com/jobs/ed0f9bc2-14f1-46a5-bfd8-eb58878722a9?index=3","super fast and futuristic modern tram spacious inside lots of seats big windows natural colors and wood"
"visualsketchbook_interior_of_tram_biophilic_nature_biedge_fun_979f8b86-5e7c-42fa-8d82-ae9bb55d4d36_2.png","https://www.midjourney.com/jobs/979f8b86-5e7c-42fa-8d82-ae9bb55d4d36?index=2","interior of tram, biophilic, nature, biedge, funktional"
"visualsketchbook_big_panarome_window_in_tram_1624f2ca-cdbc-41fb-9630-24d4a1a92807_1.png","https://www.midjourney.com/jobs/1624f2ca-cdbc-41fb-9630-24d4a1a92807?index=1","big panarome window in tram"
"visualsketchbook_magic_luxfers_9e65dd4b-19aa-48af-9276-93944c599e3c_2.png","https://www.midjourney.com/jobs/9e65dd4b-19aa-48af-9276-93944c599e3c?index=2","magic luxfers"
"visualsketchbook_luxury_glass_577d06e9-6765-4bd5-bfb2-7d6d9f357585_0.png","https://www.midjourney.com/jobs/577d06e9-6765-4bd5-bfb2-7d6d9f357585?index=0","luxury glass"
"visualsketchbook_futuristic_tram_interior_with_organic_light__bf49eefd-b766-48ca-8e78-47ddc0997920_2.png","https://www.midjourney.com/jobs/bf49eefd-b766-48ca-8e78-47ddc0997920?index=2","futuristic tram interior with organic light, cyberpank, cosmos"
"visualsketchbook_imagine_a_tram_interior_sustainability_futur_806134bd-bc28-4cc3-8ffb-519ae9f1ca7b_3.png","https://www.midjourney.com/jobs/806134bd-bc28-4cc3-8ffb-519ae9f1ca7b?index=3","imagine a tram interior, sustainability, future, beige and white colors, ambient lighting, round shapes, big windows, ceiling and floor lighting, eco, recycling materials, ergonomic, realistic, white floor, fascinating shapes"
"visualsketchbook_tram_interior__interesting_modern_complicate_f2998ca7-9964-42ae-b102-c11c26566bbf_1.png","https://www.midjourney.com/jobs/f2998ca7-9964-42ae-b102-c11c26566bbf?index=1","tram interior , interesting, modern, complicated shapes, interesting lightning, big windows , handrails and cozy seats"
"visualsketchbook_future_tram_interior_streamlined_fast_wavy_b_404b58cf-3547-480d-a78b-c3994a0d337a_0.png","https://www.midjourney.com/jobs/404b58cf-3547-480d-a78b-c3994a0d337a?index=0","future, tram interior, streamlined, fast, wavy, brown, sand colors, navy blue, bone structure,bladerunner, seaweed"
"visualsketchbook_wave_e0384a2d-0218-4a5d-8372-b8643a02cb8c_0.png","https://www.midjourney.com/jobs/e0384a2d-0218-4a5d-8372-b8643a02cb8c?index=0","wave"
"visualsketchbook_modern_interior_of_tram_futuristic_b4759f07-6b32-4325-b36c-a19358cb08b4_3.png","https://www.midjourney.com/jobs/b4759f07-6b32-4325-b36c-a19358cb08b4?index=3","modern interior of tram futuristic"
"visualsketchbook_futuristic_tram_interior_blue_orange_black_L_f0f920e2-e911-4b08-97fa-482b71d60fc1_3.png","https://www.midjourney.com/jobs/f0f920e2-e911-4b08-97fa-482b71d60fc1?index=3","futuristic tram interior, blue, orange, black, LED, glass, curve shapes, round, daylight, seen from enter, look from diffrent angles"
"visualsketchbook_create_interior_tram_futuristic_green_ergomo_19662513-87da-4850-bb02-26ef9f19078e_3.png","https://www.midjourney.com/jobs/19662513-87da-4850-bb02-26ef9f19078e?index=3","create interior tram futuristic, green, ergomomic, plants, modern luxurious, led lighting"
"visualsketchbook_minimalism_interior_tram_functionality_light_bbf813d4-d2f2-44c9-98bb-ea85a8d852d3_3.png","https://www.midjourney.com/jobs/bbf813d4-d2f2-44c9-98bb-ea85a8d852d3?index=3","minimalism interior tram, functionality, light, komfortable"
"visualsketchbook_tram_exterior_in_dark_shaded_streamlined_sha_11196971-e187-4144-8f4b-edefdd9ea247_0.png","https://www.midjourney.com/jobs/11196971-e187-4144-8f4b-edefdd9ea247?index=0","tram exterior in dark shaded, streamlined shape, copper accents, red leds, modernistic, futuristic, big windows"
"visualsketchbook_future_tram_streamlined_designer_round_singl_fb9f114f-2981-4ec8-82fc-063af04fb457_2.png","https://www.midjourney.com/jobs/fb9f114f-2981-4ec8-82fc-063af04fb457?index=2","future tram streamlined designer round single chair linear light on ceiling big window futuristic"
"visualsketchbook_futuristic_modern_tram_communication_people__5c19a20e-381a-4fac-bc6d-7c518b5e20e3_0.png","https://www.midjourney.com/jobs/5c19a20e-381a-4fac-bc6d-7c518b5e20e3?index=0","futuristic, modern, tram, communication, people, light, yellow, blue, white, not geometric,"
"visualsketchbook_create_interior_tram_futuristic_blue_ergomom_83a534ec-c0ce-4d14-a3c1-c0b89d070720_1.png","https://www.midjourney.com/jobs/83a534ec-c0ce-4d14-a3c1-c0b89d070720?index=1","create interior tram futuristic, blue, ergomomic, high-tech , modern luxurious, led lighting"
"visualsketchbook_functionality_sky_way_tram_interior_for_chil_b207c19e-09dc-4b99-87be-40a7329af6c9_0.png","https://www.midjourney.com/jobs/b207c19e-09dc-4b99-87be-40a7329af6c9?index=0","functionality, sky way tram, interior for children tram, city"
"visualsketchbook_tram_interior_in_dark_shaded_copper_accents__8e8cf0ea-6c51-4075-883d-08a93449069b_1.png","https://www.midjourney.com/jobs/8e8cf0ea-6c51-4075-883d-08a93449069b?index=1","tram interior in dark shaded, copper accents, red leds, modernistic, futuristic, big windows"
"visualsketchbook_traminterior_inspiration_Poznan_LED_futureli_615eb89b-7775-438e-8ea6-66a305573ddb_0.png","https://www.midjourney.com/jobs/615eb89b-7775-438e-8ea6-66a305573ddb?index=0","tram,interior, inspiration Poznan, LED, future,light, high tech, modern, japan, comfort"
"visualsketchbook_interior_of_futuristic_tram_with_big_windows_85df0f67-b200-4fb5-8b2a-748b9236c151_3.png","https://www.midjourney.com/jobs/85df0f67-b200-4fb5-8b2a-748b9236c151?index=3","interior of futuristic tram with big windows, cyber eco style, light green gray colors, handrails, screen on windows, a lot of place to sit, chairs, photorealistic, hi tech"
"visualsketchbook_imagine_a_tram_interior_sustainability_futur_5447dfb2-25af-40b0-a432-64f91453b302_2.png","https://www.midjourney.com/jobs/5447dfb2-25af-40b0-a432-64f91453b302?index=2","imagine a tram interior, sustainability, future, beige and dark green colors, ambient lighting, round shapes, big windows, ceiling and floor lighting, eco, recycling materials, ergonomic, realistic, white floor, fascinating shapes, interesting chairs, people"
"visualsketchbook_futuristic_tram_streamlined_cozy_piet_mondia_96a19210-0138-433d-8d7c-35ee6c8ec40b_0.png","https://www.midjourney.com/jobs/96a19210-0138-433d-8d7c-35ee6c8ec40b?index=0","futuristic tram streamlined cozy, piet mondian inspired, handrails, seats, colourful, fast, night scene, lights, unique design"
"visualsketchbook_minimalism_interior_tram_functionality_light_69699de1-6bc4-46bc-985b-d5e6d746aafa_1.png","https://www.midjourney.com/jobs/69699de1-6bc4-46bc-985b-d5e6d746aafa?index=1","minimalism interior tram, functionality, light, komfortable"
"visualsketchbook_create_interior_tram_futuristic_blue_ergomom_6444b555-8c2b-4fa8-9f98-e671e6ac6474_3.png","https://www.midjourney.com/jobs/6444b555-8c2b-4fa8-9f98-e671e6ac6474?index=3","create interior tram futuristic, blue, ergomomic, high-tech , modern luxurious, led lighting"
"visualsketchbook_minimalism_interior_tram_functionality_light_bbf813d4-d2f2-44c9-98bb-ea85a8d852d3_0.png","https://www.midjourney.com/jobs/bbf813d4-d2f2-44c9-98bb-ea85a8d852d3?index=0","minimalism interior tram, functionality, light, komfortable"
"visualsketchbook_interior_of_futuristic_tram_with_big_windows_b59858ad-e9fb-474d-9ca5-030698dd443b_3.png","https://www.midjourney.com/jobs/b59858ad-e9fb-474d-9ca5-030698dd443b?index=3","interior of futuristic tram with big windows, cyber eco style, green beige colors, artistic handrails, screen on windows, a lot of place to sit"
"visualsketchbook_cuberpank_tramblueabstratbig_window_5b76aefa-59f1-4711-95c9-60bb85e8a580_2.png","https://www.midjourney.com/jobs/5b76aefa-59f1-4711-95c9-60bb85e8a580?index=2","cuberpank tram,blue,abstrat,big window"
"visualsketchbook_futurisic_streamline_tram_exterior_in_natura_29d3c61c-01a2-46a4-b7f4-8958580ebc48_1.png","https://www.midjourney.com/jobs/29d3c61c-01a2-46a4-b7f4-8958580ebc48?index=1","futurisic streamline tram exterior in natural colors"
"visualsketchbook_traminterior_inspiration_Poznan_LED_futureli_92af470e-a5aa-4660-85bf-e4bb5c508a21_0.png","https://www.midjourney.com/jobs/92af470e-a5aa-4660-85bf-e4bb5c508a21?index=0","tram,interior, inspiration Poznan, LED, future,light, high tech, modern, japan, comfort"
"visualsketchbook_tram_future_streamlined_shape_modernist_futu_3b2bb661-8ff7-4359-a939-8202900c9157_3.png","https://www.midjourney.com/jobs/3b2bb661-8ff7-4359-a939-8202900c9157?index=3","tram, future, streamlined shape, modernist, futuristic, rhythm, white rhythm panels, panoramic window"
"visualsketchbook_create_interior_tram_futuristic_blue_ergomom_83a534ec-c0ce-4d14-a3c1-c0b89d070720_2.png","https://www.midjourney.com/jobs/83a534ec-c0ce-4d14-a3c1-c0b89d070720?index=2","create interior tram futuristic, blue, ergomomic, high-tech , modern luxurious, led lighting"
"visualsketchbook_super_fast_and_futuristic_modern_tram_spacio_ed0f9bc2-14f1-46a5-bfd8-eb58878722a9_0.png","https://www.midjourney.com/jobs/ed0f9bc2-14f1-46a5-bfd8-eb58878722a9?index=0","super fast and futuristic modern tram spacious inside lots of seats big windows natural colors and wood"
"visualsketchbook_colorfull_play_of_light_inside_tram_futurist_53f550db-7b93-472a-b46f-c029f8d5a373_0.png","https://www.midjourney.com/jobs/53f550db-7b93-472a-b46f-c029f8d5a373?index=0","colorfull play of light inside tram, futuristic, inspire by cosmos"
"visualsketchbook_space_tram_interior_with_organic_shapes_of_s_b6e9203a-467f-4b91-a7aa-32a06c60dcca_2.png","https://www.midjourney.com/jobs/b6e9203a-467f-4b91-a7aa-32a06c60dcca?index=2","space tram interior with organic shapes of seats and windows"
"visualsketchbook_modern_interior_of_tram_light_futuristic_blu_842dc5e5-c753-402c-b8f9-99657f038d8a_0.png","https://www.midjourney.com/jobs/842dc5e5-c753-402c-b8f9-99657f038d8a?index=0","modern interior of tram light futuristic blue leds orange elements of interior"
"visualsketchbook_futuristic_tram_interior_blue_orange_black_L_cc139d37-70c1-42bd-b332-c2f23eaba392_3.png","https://www.midjourney.com/jobs/cc139d37-70c1-42bd-b332-c2f23eaba392?index=3","futuristic tram interior, blue, orange, black, LED, glass, curve shapes, round, daylight"
"visualsketchbook_futuristic_streamline_tram_interior_in_natur_347d4932-122b-426f-802c-0418fd825fd0_2.png","https://www.midjourney.com/jobs/347d4932-122b-426f-802c-0418fd825fd0?index=2","futuristic streamline tram interior in natural olive green colors. copper brancing pipes, seats have unusual form"
"visualsketchbook_futuristic_streamline_tram_interior_with_org_71a240e9-2ddd-4336-8c36-b2373f420cb2_3.png","https://www.midjourney.com/jobs/71a240e9-2ddd-4336-8c36-b2373f420cb2?index=3","futuristic streamline tram interior with organic convex forms and natural form of lighting"
"visualsketchbook_interior_of_the_tram_inspired_by_speed_and_f_703f7a86-4c50-4944-958e-d0a689eeb147_0.png","https://www.midjourney.com/jobs/703f7a86-4c50-4944-958e-d0a689eeb147?index=0","interior of the tram inspired by speed and futuristic cosmos space"
"visualsketchbook_tram_interior_modern_rings_bionic_style_body_6b60703c-2010-4aae-bf69-e4f65bedbb6e_0.png","https://www.midjourney.com/jobs/6b60703c-2010-4aae-bf69-e4f65bedbb6e?index=0","tram, interior, modern, rings, bionic style, body of earthworm"
"visualsketchbook_interior_of_modern_futuristic_simple_tram_wi_29c6bbee-d1a7-4e3e-afde-c1f9781c5050_3.png","https://www.midjourney.com/jobs/29c6bbee-d1a7-4e3e-afde-c1f9781c5050?index=3","interior of modern, futuristic, simple tram with glazing"
"visualsketchbook_futuristic_modern_tram_communication_people__78247386-0bdf-45b6-9085-ef96b806661a_1.png","https://www.midjourney.com/jobs/78247386-0bdf-45b6-9085-ef96b806661a?index=1","futuristic, modern, tram, communication, people, light, yellow, blue, white, not geometric, interior"
"visualsketchbook_interior_of_futuristic_tram_with_big_windows_b59858ad-e9fb-474d-9ca5-030698dd443b_1.png","https://www.midjourney.com/jobs/b59858ad-e9fb-474d-9ca5-030698dd443b?index=1","interior of futuristic tram with big windows, cyber eco style, green beige colors, artistic handrails, screen on windows, a lot of place to sit"
"visualsketchbook_sky_way_tram_glasses_floor_interior_minimali_e879f19b-56c1-4fb7-ac66-5be80ac4bb44_3.png","https://www.midjourney.com/jobs/e879f19b-56c1-4fb7-ac66-5be80ac4bb44?index=3","sky way tram, glasses floor interior, minimalism, comfortable chairs, functionality"
"visualsketchbook_create_interior_tram_futuristic_blue_ergomom_6444b555-8c2b-4fa8-9f98-e671e6ac6474_0.png","https://www.midjourney.com/jobs/6444b555-8c2b-4fa8-9f98-e671e6ac6474?index=0","create interior tram futuristic, blue, ergomomic, high-tech , modern luxurious, led lighting"
"visualsketchbook_create_interior_tram_futuristic_green_ergomo_0aa34601-2506-4985-830a-62a777e51a05_0.png","https://www.midjourney.com/jobs/0aa34601-2506-4985-830a-62a777e51a05?index=0","create interior tram futuristic, green, ergomomic, plants, modern luxurious, led lighting"
"visualsketchbook_futuristic_modern_tram_communication_people__ec6e5c7e-6a39-4c7f-a5e4-177338a7e5dc_3.png","https://www.midjourney.com/jobs/ec6e5c7e-6a39-4c7f-a5e4-177338a7e5dc?index=3","futuristic, modern, tram, communication, people, light, yellow, blue, white, not geometric,"
"visualsketchbook_tram_inside_vincent_callebaut_envision_futur_ac392d11-17d3-4a00-8f18-aa1ed3765d38_0.png","https://www.midjourney.com/jobs/ac392d11-17d3-4a00-8f18-aa1ed3765d38?index=0","tram inside vincent callebaut envision future of mobility as timber-based evtols hydrofoils luxury ergonomic with bid windows and light colours"
"visualsketchbook_exterior_of_the_tram_inspired_by_speed_and_f_12162be6-53dd-4efb-bcc8-64d17c0ae751_0.png","https://www.midjourney.com/jobs/12162be6-53dd-4efb-bcc8-64d17c0ae751?index=0","exterior of the tram inspired by speed and futuristic cosmos space"
"visualsketchbook_futuristic_tram_interior_with_organic_light__23d30b7d-e75d-40ce-a142-fb4e35a195e6_2.png","https://www.midjourney.com/jobs/23d30b7d-e75d-40ce-a142-fb4e35a195e6?index=2","futuristic tram interior with organic light, cyberpank, cosmos"
"visualsketchbook_TRAM_INTERIOR_INSPIRED_BY_COSMOS_SPACE_659792bc-96ed-4c7b-9e67-bf522c5dfa74_0.png","https://www.midjourney.com/jobs/659792bc-96ed-4c7b-9e67-bf522c5dfa74?index=0","TRAM INTERIOR INSPIRED BY COSMOS SPACE"
"visualsketchbook_future_futuristic_tram_streamlined_fast_wavy_3eae45f4-2048-4e42-a616-7990c0e7bf81_0.png","https://www.midjourney.com/jobs/3eae45f4-2048-4e42-a616-7990c0e7bf81?index=0","future, futuristic tram, streamlined, fast, wavy, brown, in the city, modern"
"visualsketchbook_interior_of_futuristic_tram_with_big_windows_fa64e36b-dc61-41ba-ad07-64716925a9de_2.png","https://www.midjourney.com/jobs/fa64e36b-dc61-41ba-ad07-64716925a9de?index=2","interior of futuristic tram with big windows, cyber eco style, light green gray colors, handrails, screen on windows, a lot of place to sit, chairs, photorealistic, hi tech"
"visualsketchbook_interior_of_the_tram_inspired_by_speed_and_f_60d576e4-5928-4c34-a760-6bc6f5057506_2.png","https://www.midjourney.com/jobs/60d576e4-5928-4c34-a760-6bc6f5057506?index=2","interior of the tram inspired by speed and futuristic cosmos space"
"visualsketchbook_light_projections_inside_the_tram_inspired_b_3d09fbd1-69ea-4456-afb2-fd063ef6a3cb_0.png","https://www.midjourney.com/jobs/3d09fbd1-69ea-4456-afb2-fd063ef6a3cb?index=0","light projections inside the tram inspired by space and stars"
"visualsketchbook_futurisic_streamline_tram_exterior_in_natura_be00dee9-2af9-4700-be8c-17d92b1490d1_1.png","https://www.midjourney.com/jobs/be00dee9-2af9-4700-be8c-17d92b1490d1?index=1","futurisic streamline tram exterior in natural colors"
"visualsketchbook_imagine_a_tram_interior_sustainability_futur_c283c946-9da6-4534-9c2c-98a8b2755c57_0.png","https://www.midjourney.com/jobs/c283c946-9da6-4534-9c2c-98a8b2755c57?index=0","imagine a tram interior, sustainability, future, beige and white colors, ambient lighting, round shapes, big windows, ceiling and floor lighting, eco, recycling materials, ergonomic, realistic, white floor, fascinating shapes, new technologies,"
"visualsketchbook_physician_of_the_future_ad945c49-0299-4c33-af1b-040847de32e5_2.png","https://www.midjourney.com/jobs/ad945c49-0299-4c33-af1b-040847de32e5?index=2","physician of the future"
"visualsketchbook_futuristic_tram_simple_minimalistic_shapes_b_b49f50da-7e98-4966-b9a5-7101709f1838_0.png","https://www.midjourney.com/jobs/b49f50da-7e98-4966-b9a5-7101709f1838?index=0","futuristic tram simple minimalistic shapes black metal with green and yellow led big windows"
"visualsketchbook_physician_of_the_future_ad945c49-0299-4c33-af1b-040847de32e5_3.png","https://www.midjourney.com/jobs/ad945c49-0299-4c33-af1b-040847de32e5?index=3","physician of the future"
"visualsketchbook_light_projections_inside_the_tram_inspired_b_242d4015-40d0-41ac-8975-db9d6084463f_0.png","https://www.midjourney.com/jobs/242d4015-40d0-41ac-8975-db9d6084463f?index=0","light projections inside the tram inspired by space and stars"
"visualsketchbook_traminterior_inspiration_Poznan_LED_futureli_615eb89b-7775-438e-8ea6-66a305573ddb_3.png","https://www.midjourney.com/jobs/615eb89b-7775-438e-8ea6-66a305573ddb?index=3","tram,interior, inspiration Poznan, LED, future,light, high tech, modern, japan, comfort"
"visualsketchbook_futuristic_streamline_tram_interior_in_natur_df3b01d5-777d-4aa4-bc0e-10b14778b16a_1.png","https://www.midjourney.com/jobs/df3b01d5-777d-4aa4-bc0e-10b14778b16a?index=1","futuristic streamline tram interior in natural olive green colors. copper brancing pipes, seats have unusual form"
"visualsketchbook_futuristic_modern_and_fast_tram_being_an_art_2b164f86-6875-4201-bf80-b8be9a9acfc0_2.png","https://www.midjourney.com/jobs/2b164f86-6875-4201-bf80-b8be9a9acfc0?index=2","futuristic modern and fast tram being an art performance lots of glass and metal soacious interior many seats"
"visualsketchbook_futuristic_modern_tram_communication_people__34ad5669-e90d-456d-84f5-deff8f2c0688_3.png","https://www.midjourney.com/jobs/34ad5669-e90d-456d-84f5-deff8f2c0688?index=3","futuristic, modern, tram, communication, people, light, yellow, blue, white, not geometric, with geometric cube chair"
"visualsketchbook_tram_future_streamlined_shape_modernist_futu_3b2bb661-8ff7-4359-a939-8202900c9157_1.png","https://www.midjourney.com/jobs/3b2bb661-8ff7-4359-a939-8202900c9157?index=1","tram, future, streamlined shape, modernist, futuristic, rhythm, white rhythm panels, panoramic window"
"visualsketchbook_tram_interior_future_streamlined_shape_moder_a99c1e31-915e-4e3b-8402-1972399da2b0_1.png","https://www.midjourney.com/jobs/a99c1e31-915e-4e3b-8402-1972399da2b0?index=1","tram interior, future, streamlined shape, modernist, futuristic, rhythm, white rhythm panels, 3d printing, panoramic window"
"visualsketchbook_futuristic_modern_tram_communication_people__84f8721f-1230-4ddf-8430-b17505ab5c0b_2.png","https://www.midjourney.com/jobs/84f8721f-1230-4ddf-8430-b17505ab5c0b?index=2","futuristic, modern, tram, communication, people, light, yellow, blue, white, not geometric, ahead tram"
"visualsketchbook_interior_of_future_tram_ergonomic_seats_frie_c63a22ed-38db-4d60-a836-1013ba97a81a_2.png","https://www.midjourney.com/jobs/c63a22ed-38db-4d60-a836-1013ba97a81a?index=2","interior of future tram, ergonomic seats, friendly vibe, light colours, without yellow elements, organic shapes, clear space"
"visualsketchbook_imagine_a_tram_interior_sustainability_futur_c05c9e3d-8e8e-44a5-b4bf-fd2a73cc6a7a_3.png","https://www.midjourney.com/jobs/c05c9e3d-8e8e-44a5-b4bf-fd2a73cc6a7a?index=3","imagine a tram interior, sustainability, future, beige and white colors, ambient lighting, round shapes, big windows, ceiling and floor lighting, eco, recycling materials, ergonomic, realistic, white floor, fascinating shapes"
"visualsketchbook_tram_interior_future_streamlined_shape_moder_e6a3affa-4ccd-4016-b8b3-1cbb41f48d92_0.png","https://www.midjourney.com/jobs/e6a3affa-4ccd-4016-b8b3-1cbb41f48d92?index=0","tram interior, future, streamlined shape, modernist, futuristic, rhythm, white rhythm panels, panoramic window"
"visualsketchbook_futuristic_modern_tram_communication_people__d032119a-a05b-4164-b05d-24face6bc2d1_3.png","https://www.midjourney.com/jobs/d032119a-a05b-4164-b05d-24face6bc2d1?index=3","futuristic, modern, tram, communication, people, light, yellow, blue, white, not geometric, ahead tram"
"visualsketchbook_interior_of_future_tram_ergonomic_seats_frie_bf5071ac-2921-4d5b-afea-1dcadc503303_0.png","https://www.midjourney.com/jobs/bf5071ac-2921-4d5b-afea-1dcadc503303?index=0","interior of future tram, ergonomic seats, friendly vibe, light colours, without yellow elements, organic shapes, clear space"
"visualsketchbook_high-tech_style_b79fc37d-9cc0-4de4-a291-9ae588657d90_3.png","https://www.midjourney.com/jobs/b79fc37d-9cc0-4de4-a291-9ae588657d90?index=3","high-tech style"
"visualsketchbook_chairs_train_26d8df2b-8424-4fcf-8fab-92314f581cea_2.png","https://www.midjourney.com/jobs/26d8df2b-8424-4fcf-8fab-92314f581cea?index=2","chairs train"
"visualsketchbook_imagine_a_tram_interior_sustainability_futur_bd5eb712-44be-4277-8cbc-874a3df3ea28_3.png","https://www.midjourney.com/jobs/bd5eb712-44be-4277-8cbc-874a3df3ea28?index=3","imagine a tram interior, sustainability, future, beige and dark green colors, ambient lighting, round shapes, big windows, ceiling and floor lighting, eco, recycling materials, ergonomic, realistic, white floor, fascinating shapes, interesting chairs, people"
"visualsketchbook_futuristic_tram_simple_minimalistic_shapes_b_2aeb5fbd-c96f-48d6-9fcf-307807f2baa4_3.png","https://www.midjourney.com/jobs/2aeb5fbd-c96f-48d6-9fcf-307807f2baa4?index=3","futuristic tram simple minimalistic shapes black metal with green and yellow led big windows"
"visualsketchbook_sky_way_tram_glasses_floor_interior_minimali_e879f19b-56c1-4fb7-ac66-5be80ac4bb44_1.png","https://www.midjourney.com/jobs/e879f19b-56c1-4fb7-ac66-5be80ac4bb44?index=1","sky way tram, glasses floor interior, minimalism, comfortable chairs, functionality"
"visualsketchbook_modern_interior_of_tram_futuristic_7a0b6a86-6814-4045-8da2-b78ce659d86a_2.png","https://www.midjourney.com/jobs/7a0b6a86-6814-4045-8da2-b78ce659d86a?index=2","modern interior of tram futuristic"
"visualsketchbook_space_tram_interior_with_organic_shapes_of_s_d9456278-21e1-4501-8792-903c03053e78_0.png","https://www.midjourney.com/jobs/d9456278-21e1-4501-8792-903c03053e78?index=0","space tram interior with organic shapes of seats and windows"
"visualsketchbook_tram_interior__interesting_modern_complicate_f2998ca7-9964-42ae-b102-c11c26566bbf_0.png","https://www.midjourney.com/jobs/f2998ca7-9964-42ae-b102-c11c26566bbf?index=0","tram interior , interesting, modern, complicated shapes, interesting lightning, big windows , handrails and cozy seats"
"visualsketchbook_future_tram_interior_streamlined_fast_wavy_b_456c2f20-15bc-4637-aaff-602116db1079_0.png","https://www.midjourney.com/jobs/456c2f20-15bc-4637-aaff-602116db1079?index=0","future, tram interior, streamlined, fast, wavy, brown, sand colors, navy blue, bone structure,bladerunner, seaweed"
"visualsketchbook_tram_outsideabstractdrawing_on_the_ceiling_t_0d5cf37d-1e0c-4c87-85bc-eaa188c5f6e2_2.png","https://www.midjourney.com/jobs/0d5cf37d-1e0c-4c87-85bc-eaa188c5f6e2?index=2","tram outside,abstract,drawing on the ceiling that goes info the floor inside"
"visualsketchbook_functional_tram_technology_sky_way_tram_fast_3a879b5e-cfcd-4e58-98fa-c056c69c0788_1.png","https://www.midjourney.com/jobs/3a879b5e-cfcd-4e58-98fa-c056c69c0788?index=1","functional tram, technology, sky way tram, fast"
"visualsketchbook_futurystic_design_of_tram_interior_with_orga_cacd2309-ff16-457a-a168-9cd23eabaac1_1.png","https://www.midjourney.com/jobs/cacd2309-ff16-457a-a168-9cd23eabaac1?index=1","futurystic design of tram interior with organic convex form of lighting an windows"
"visualsketchbook_tram_exterior_in_dark_shaded_streamlined_sha_a1694bca-d5b2-4d05-9350-41b40ca4ef53_1.png","https://www.midjourney.com/jobs/a1694bca-d5b2-4d05-9350-41b40ca4ef53?index=1","tram exterior in dark shaded, streamlined shape, copper accents, red leds, modernistic, futuristic, big windows"
