"participant_image","matched_image","midjourney_url","prompt"
"10A_11.png","visualsketchbook_cyberpunk_style_tram_white_geometric_panels__6a2c203f-b4bd-4f65-a843-998f435b9abf_0.png","https://www.midjourney.com/jobs/6a2c203f-b4bd-4f65-a843-998f435b9abf?index=0","cyberpunk style tram, white geometric panels on the exterior, big windows, glass roof, led lights"
"10A_12.png","visualsketchbook_cyberpunk_style_tram_white_geometric_panels__10ff495d-2280-46f8-b46b-29db14044ae7_0.png","https://www.midjourney.com/jobs/10ff495d-2280-46f8-b46b-29db14044ae7?index=0","cyberpunk style tram, white geometric panels on the exterior, big windows, glass roof, led lights"
"10A_13_1.png","visualsketchbook_futuristic_tram_big_windows_geometric_panels_0fcb19f8-18f0-4760-bb67-d93c51e1f639_1.png","https://www.midjourney.com/jobs/0fcb19f8-18f0-4760-bb67-d93c51e1f639?index=1","futuristic tram, big windows, geometric panels on the exterior, white, tinted windows"
"10A_13_2.png","visualsketchbook_futuristic_tram_big_windows_geometric_panels_0fcb19f8-18f0-4760-bb67-d93c51e1f639_1.png","https://www.midjourney.com/jobs/0fcb19f8-18f0-4760-bb67-d93c51e1f639?index=1","futuristic tram, big windows, geometric panels on the exterior, white, tinted windows"
"10A_14.png","visualsketchbook_futuristic_tram_big_windows_geometric_panels_02577025-14f4-493e-bb7e-dbd9590e0775_0.png","https://www.midjourney.com/jobs/02577025-14f4-493e-bb7e-dbd9590e0775?index=0","futuristic tram, big windows, geometric panels on the exterior, white, tinted windows"
"10A_15.png","visualsketchbook_tram_interior_futuristic_cyberpunk_style_geo_bf470300-eb24-450f-9cd4-9a38b61e72d3_0.png","https://www.midjourney.com/jobs/bf470300-eb24-450f-9cd4-9a38b61e72d3?index=0","tram interior, futuristic, cyberpunk style, geometric forms, seating"
"10A_16.png","visualsketchbook_tram_interior_futuristic_cyberpunk_style_geo_c7a208c7-5366-4504-adbd-c7647137d801_0.png","https://www.midjourney.com/jobs/c7a208c7-5366-4504-adbd-c7647137d801?index=0","tram interior, futuristic, cyberpunk style, geometric forms, seating"
"10B_11.png","visualsketchbook_tram_outsideabstractled_lightdrawing_on_the__4ba3b9be-0581-4f55-acda-adf393f2bbef_0.png","https://www.midjourney.com/jobs/4ba3b9be-0581-4f55-acda-adf393f2bbef?index=0","tram outside,abstract,led light,drawing on the ceiling that goes info the floor,eco,smooth curves"
"10B_12.png","visualsketchbook_tramecobig_windowblueabstrat_seatled_light_4cfd59e3-020b-44b8-a122-e7c458ba1fc7_0.png","https://www.midjourney.com/jobs/4cfd59e3-020b-44b8-a122-e7c458ba1fc7?index=0","tram,eco,big window,blue,abstrat seat,led light"
"11A_11.png","visualsketchbook_future_futuristic_tram_streamlined_navy_blue_8373b7ad-8dea-4701-bcce-c58c76af629f_1.png","https://www.midjourney.com/jobs/8373b7ad-8dea-4701-bcce-c58c76af629f?index=1","future, futuristic, tram, streamlined, navy blue, fast, wavy, in the city, modern"
"11A_12.png","visualsketchbook_future_futuristic_tram_streamlined_navy_blue_8373b7ad-8dea-4701-bcce-c58c76af629f_3.png","https://www.midjourney.com/jobs/8373b7ad-8dea-4701-bcce-c58c76af629f?index=3","future, futuristic, tram, streamlined, navy blue, fast, wavy, in the city, modern"
"11A_13.png","visualsketchbook_future_high_realistic_interior_tram_streamli_89f299a6-3a97-4b12-be1c-4ff38c0755a6_0.png","https://www.midjourney.com/jobs/89f299a6-3a97-4b12-be1c-4ff38c0755a6?index=0","future, high realistic, interior tram, streamlined, fast, wavy, brown, in the city, modern, liquid"
"11A_14.png","visualsketchbook_future_interior_tram_streamlined_fast_wavy_b_1ae64f88-6b80-4b96-9766-f6314e3ffaa6_0.png","https://www.midjourney.com/jobs/1ae64f88-6b80-4b96-9766-f6314e3ffaa6?index=0","future, interior tram, streamlined, fast, wavy, brown, in the city, modern, liquid, bubbles"
"11A_15.png","visualsketchbook_future_interior_tram_streamlined_fast_wavy_b_a8ae5615-cabf-4ba9-8524-677015b72ee8_0.png","https://www.midjourney.com/jobs/a8ae5615-cabf-4ba9-8524-677015b72ee8?index=0","future, interior tram, streamlined, fast, wavy, brown, in the city, modern, liquid, bubbles"
"11A_16.png","visualsketchbook_future_interior_tram_streamlined_fast_wavy_b_e46df672-c83d-4255-a205-64ed7385d3fa_1.png","https://www.midjourney.com/jobs/e46df672-c83d-4255-a205-64ed7385d3fa?index=1","future, interior tram, streamlined, fast, wavy, brown, in the city, modern, liquid"
"11A_17.png","visualsketchbook_future_interior_tram_streamlined_fast_wavy_n_7845d880-58bc-4175-b754-2de8d859aad7_0.png","https://www.midjourney.com/jobs/7845d880-58bc-4175-b754-2de8d859aad7?index=0","future, interior tram, streamlined, fast, wavy, navy blue,bladerunner, seaweed, in the city, modern"
"11A_18.png","visualsketchbook_future_interior_tram_streamlined_fast_wavy_n_68609695-49df-4eef-9a26-c0259c1253c8_0.png","https://www.midjourney.com/jobs/68609695-49df-4eef-9a26-c0259c1253c8?index=0","future, interior tram, streamlined, fast, wavy, navy blue,bladerunner, seaweed, in the city, modern"
"11A_19.png","visualsketchbook_future_interior_tram_streamlined_fast_wavy_n_ae5dac2a-aa87-4665-8e46-91ca6be204a7_0.png","https://www.midjourney.com/jobs/ae5dac2a-aa87-4665-8e46-91ca6be204a7?index=0","future, interior tram, streamlined, fast, wavy, navy blue,bladerunner, seaweed, in the city, modern"
"11A_20.png","visualsketchbook_future_interior_tram_streamlined_fast_wavy_n_1caf604c-978c-4c09-82a4-f7d54a4fd241_2.png","https://www.midjourney.com/jobs/1caf604c-978c-4c09-82a4-f7d54a4fd241?index=2","future, interior tram, streamlined, fast, wavy, navy blue,bladerunner, seaweed, in the city, modern"
"11B_11.png","visualsketchbook_future_futuristic_tram_streamlined_fast_wavy_3eae45f4-2048-4e42-a616-7990c0e7bf81_2.png","https://www.midjourney.com/jobs/3eae45f4-2048-4e42-a616-7990c0e7bf81?index=2","future, futuristic tram, streamlined, fast, wavy, brown, in the city, modern"
"11B_12.png","visualsketchbook_future_futuristic_tram_streamlined_fast_wavy_3eae45f4-2048-4e42-a616-7990c0e7bf81_3.png","https://www.midjourney.com/jobs/3eae45f4-2048-4e42-a616-7990c0e7bf81?index=3","future, futuristic tram, streamlined, fast, wavy, brown, in the city, modern"
"11B_13.png","visualsketchbook_future_futuristic_tram_streamlined_fast_wavy_8d58353d-c3e3-4071-b359-f4877f5c1d1d_0.png","https://www.midjourney.com/jobs/8d58353d-c3e3-4071-b359-f4877f5c1d1d?index=0","future, futuristic tram, streamlined, fast, wavy, brown, in the city, modern"
"11B_14.png","visualsketchbook_future_tram_interior_streamlined_fast_wavy_b_1b542af7-9500-44b3-a132-6c207973701d_0.png","https://www.midjourney.com/jobs/1b542af7-9500-44b3-a132-6c207973701d?index=0","future, tram interior, streamlined, fast, wavy, brown, sand colors, navy blue, bone structure,bladerunner, seaweed"
"11B_15.png","visualsketchbook_future_tram_interior_streamlined_fast_wavy_b_1c64df5d-1cba-4b19-b82d-fa4c26538652_0.png","https://www.midjourney.com/jobs/1c64df5d-1cba-4b19-b82d-fa4c26538652?index=0","future, tram interior, streamlined, fast, wavy, brown, sand colors, navy blue, bone structure,bladerunner, seaweed"
"11B_16.png","visualsketchbook_future_tram_interior_streamlined_fast_wavy_b_404b58cf-3547-480d-a78b-c3994a0d337a_0.png","https://www.midjourney.com/jobs/404b58cf-3547-480d-a78b-c3994a0d337a?index=0","future, tram interior, streamlined, fast, wavy, brown, sand colors, navy blue, bone structure,bladerunner, seaweed"
"11B_17.png","visualsketchbook_future_tram_interior_streamlined_fast_wavy_b_456c2f20-15bc-4637-aaff-602116db1079_0.png","https://www.midjourney.com/jobs/456c2f20-15bc-4637-aaff-602116db1079?index=0","future, tram interior, streamlined, fast, wavy, brown, sand colors, navy blue, bone structure,bladerunner, seaweed"
"11B_18.png","visualsketchbook_future_tram_interior_streamlined_fast_wavy_b_ec76f7a9-fc28-4a4e-9fde-0e9ac1007c4d_0.png","https://www.midjourney.com/jobs/ec76f7a9-fc28-4a4e-9fde-0e9ac1007c4d?index=0","future, tram interior, streamlined, fast, wavy, brown, sand colors, navy blue, bone structure,bladerunner, seaweed"
"12A_11.png","visualsketchbook_tram_body_of_earthworm_modern_bionic_shapes__695efe96-7d6b-4fb1-99b8-4fa659462925_0.png","https://www.midjourney.com/jobs/695efe96-7d6b-4fb1-99b8-4fa659462925?index=0","tram, body of earthworm, modern, bionic shapes, seats, rings"
"12A_12.png","visualsketchbook_tram_body_of_earthworm_modern_bionic_shapes__c871900e-a950-4fdf-8914-a9608a3ac734_0.png","https://www.midjourney.com/jobs/c871900e-a950-4fdf-8914-a9608a3ac734?index=0","tram, body of earthworm, modern, bionic shapes, seats, rings"
"12A_13.png","visualsketchbook_tram_interior_modern_body_of_earthworm_bioni_2fa449e8-267b-4ee9-b07c-37dcb0ccd16a_2.png","https://www.midjourney.com/jobs/2fa449e8-267b-4ee9-b07c-37dcb0ccd16a?index=2","tram, interior, modern, body of earthworm, bionic shapes, colorful, lighting, rings, seats, bionic style"
"12A_14.png","visualsketchbook_tram_interior_modern_body_of_earthworm_bioni_aaa2885a-2152-4703-b4dd-9ac52ac5a3ea_0.png","https://www.midjourney.com/jobs/aaa2885a-2152-4703-b4dd-9ac52ac5a3ea?index=0","tram, interior, modern, body of earthworm, bionic shapes, colorful, lighting, rings, seats, bionic style"
"12A_15.png","visualsketchbook_tram_interior_modern_body_of_earthworm_bioni_aaa2885a-2152-4703-b4dd-9ac52ac5a3ea_1.png","https://www.midjourney.com/jobs/aaa2885a-2152-4703-b4dd-9ac52ac5a3ea?index=1","tram, interior, modern, body of earthworm, bionic shapes, colorful, lighting, rings, seats, bionic style"
"12A_16.png","visualsketchbook_tram_interior_modern_body_of_earthworm_bioni_aaa2885a-2152-4703-b4dd-9ac52ac5a3ea_2.png","https://www.midjourney.com/jobs/aaa2885a-2152-4703-b4dd-9ac52ac5a3ea?index=2","tram, interior, modern, body of earthworm, bionic shapes, colorful, lighting, rings, seats, bionic style"
"12A_17.png","visualsketchbook_tram_interior_modern_rings_bionic_style_body_5b7d2e8d-7fab-464f-9072-b1c82f256345_0.png","https://www.midjourney.com/jobs/5b7d2e8d-7fab-464f-9072-b1c82f256345?index=0","tram, interior, modern, rings, bionic style, body of earthworm"
"12A_18.png","visualsketchbook_tram_interior_modern_rings_bionic_style_body_4d6fd4d0-af23-4a5b-a0e0-079c1952730b_0.png","https://www.midjourney.com/jobs/4d6fd4d0-af23-4a5b-a0e0-079c1952730b?index=0","tram, interior, modern, rings, bionic style, body of earthworm"
"12A_19.png","visualsketchbook_tram_interior_modern_rings_bionic_style_body_6b60703c-2010-4aae-bf69-e4f65bedbb6e_0.png","https://www.midjourney.com/jobs/6b60703c-2010-4aae-bf69-e4f65bedbb6e?index=0","tram, interior, modern, rings, bionic style, body of earthworm"
"12A_20.png","visualsketchbook_tram_interior_modern_rings_bionic_style_body_8f82e2f1-ef8f-4f36-84f2-df3d81b3188d_3.png","https://www.midjourney.com/jobs/8f82e2f1-ef8f-4f36-84f2-df3d81b3188d?index=3","tram, interior, modern, rings, bionic style, body of earthworm"
"14A_11.png","visualsketchbook_futurystic_design_of_tram_interior_with_orga_335d8686-63c9-44f2-aed0-d77e50de623e_2.png","https://www.midjourney.com/jobs/335d8686-63c9-44f2-aed0-d77e50de623e?index=2","futurystic design of tram interior with organic convex form of lighting an windows"
"14A_12.png","visualsketchbook_futurystic_design_of_tram_interior_with_orga_335d8686-63c9-44f2-aed0-d77e50de623e_1.png","https://www.midjourney.com/jobs/335d8686-63c9-44f2-aed0-d77e50de623e?index=1","futurystic design of tram interior with organic convex form of lighting an windows"
"14A_13.png","visualsketchbook_futurystic_design_of_tram_interior_with_orga_cacd2309-ff16-457a-a168-9cd23eabaac1_1.png","https://www.midjourney.com/jobs/cacd2309-ff16-457a-a168-9cd23eabaac1?index=1","futurystic design of tram interior with organic convex form of lighting an windows"
"14A_14.png","visualsketchbook_interior_of_futurystic_tram_with_glass_windo_1ad851a9-49e3-43c8-b19d-07d8a9bad3ae_3.png","https://www.midjourney.com/jobs/1ad851a9-49e3-43c8-b19d-07d8a9bad3ae?index=3","interior of futurystic tram with glass windows reference to structure of plants in grey and lighty colors"
"14A_15.png","visualsketchbook_interior_of_futurystic_tram_with_glass_windo_3a58db17-16e2-47b5-afd4-4e875201a197_0.png","https://www.midjourney.com/jobs/3a58db17-16e2-47b5-afd4-4e875201a197?index=0","interior of futurystic tram with glass windows reference to structure of plants in grey and lighty colors"
"14A_16.png","visualsketchbook_modern_streamline_tram_interior_in_natural_c_886cc224-af2f-42cf-ad87-c8740592f58b_3.png","https://www.midjourney.com/jobs/886cc224-af2f-42cf-ad87-c8740592f58b?index=3","modern streamline tram interior in natural colors, copper pipes and seats in unusual forms"
"14A_17.png","visualsketchbook_space_tram_interior_with_organic_shapes_of_s_2fca0f37-dcd8-460d-b2b0-b2eb1eec08c2_0.png","https://www.midjourney.com/jobs/2fca0f37-dcd8-460d-b2b0-b2eb1eec08c2?index=0","space tram interior with organic shapes of seats and windows"
"14A_18.png","visualsketchbook_space_tram_interior_with_organic_shapes_of_s_4f3d8adc-76fc-4de6-af33-00f9df49ce6d_0.png","https://www.midjourney.com/jobs/4f3d8adc-76fc-4de6-af33-00f9df49ce6d?index=0","space tram interior with organic shapes of seats and windows"
"14A_19.png","visualsketchbook_space_tram_interior_with_organic_shapes_of_s_4fff1223-92b9-462b-8d57-02045fe03d42_0.png","https://www.midjourney.com/jobs/4fff1223-92b9-462b-8d57-02045fe03d42?index=0","space tram interior with organic shapes of seats and windows"
"14A_20.png","visualsketchbook_space_tram_interior_with_organic_shapes_of_s_644bead5-8fdc-4492-8c81-3db8792ac786_0.png","https://www.midjourney.com/jobs/644bead5-8fdc-4492-8c81-3db8792ac786?index=0","space tram interior with organic shapes of seats and windows"
"15A_11.PNG","visualsketchbook_interior_design_of_a_tram_which_is_ergonomic_0e5978e5-fa01-4ae5-9171-7677243e7c20_0.png","https://www.midjourney.com/jobs/0e5978e5-fa01-4ae5-9171-7677243e7c20?index=0","interior design of a tram which is ergonomic, economical, organic with panoramic ceiling windows, wavy shapes, led amient lighting, natural materials with one contrasting colour"
"15A_12.PNG","visualsketchbook_interior_design_of_a_tram_which_is_ergonomic_351e5056-9f4c-4e10-a5bf-1fec3e73cb17_0.png","https://www.midjourney.com/jobs/351e5056-9f4c-4e10-a5bf-1fec3e73cb17?index=0","interior design of a tram which is ergonomic, economical, organic with panoramic ceiling windows, wavy shapes, led amient lighting, natural materials with one contrasting colour"
"15A_13.PNG","visualsketchbook_interior_design_of_a_tram_which_is_ergonomic_8a7f6422-2c1c-4bfd-8a94-7668c30a46f6_0.png","https://www.midjourney.com/jobs/8a7f6422-2c1c-4bfd-8a94-7668c30a46f6?index=0","interior design of a tram which is ergonomic, economical, organic with panoramic ceiling windows, wavy shapes, led amient lighting, natural materials with one contrasting colour"
"15A_14.PNG","visualsketchbook_interior_design_of_a_tram_which_is_ergonomic_8c0dda68-05e5-4845-aeff-99d13d186908_0.png","https://www.midjourney.com/jobs/8c0dda68-05e5-4845-aeff-99d13d186908?index=0","interior design of a tram which is ergonomic, economical, organic with panoramic ceiling windows, wavy shapes, led amient lighting, natural materials with one contrasting colour"
"15A_15.PNG","visualsketchbook_interior_design_of_a_tram_which_is_ergonomic_935c8f25-1f99-42e5-b994-7f526144f2f1_0.png","https://www.midjourney.com/jobs/935c8f25-1f99-42e5-b994-7f526144f2f1?index=0","interior design of a tram which is ergonomic, economical, organic with panoramic ceiling windows, wavy shapes, led amient lighting, natural materials with one contrasting colour"
"15A_16.PNG","visualsketchbook_interior_design_of_a_tram_which_is_ergonomic_5f638af8-f86b-4933-957a-cfd59652844c_2.png","https://www.midjourney.com/jobs/5f638af8-f86b-4933-957a-cfd59652844c?index=2","interior design of a tram which is ergonomic, economical, organic with panoramic ceiling windows, wavy shapes, led amient lighting, natural materials with one contrasting colour"
"15B_11.png","visualsketchbook_interior_design_of_a_futuristic_tram_with_or_2f7b51cb-5351-469d-bf7a-f744532566be_0.png","https://www.midjourney.com/jobs/2f7b51cb-5351-469d-bf7a-f744532566be?index=0","interior design of a futuristic tram with original panoramic ceiling windows, floor and ceiling lightning, unique seats, visual features, audiovisual system, ergonomic handle"
"15B_12.png","visualsketchbook_interior_design_of_a_futuristic_tram_with_or_6d85e643-f25a-4018-9723-d182138889ba_0.png","https://www.midjourney.com/jobs/6d85e643-f25a-4018-9723-d182138889ba?index=0","interior design of a futuristic tram with original panoramic ceiling windows, floor and ceiling lightning, unique seats, visual features, audiovisual system, ergonomic handle"
"15B_13.png","visualsketchbook_interior_design_of_a_futuristic_tram_with_or_113139bb-c662-40a8-9359-2254934afdbe_2.png","https://www.midjourney.com/jobs/113139bb-c662-40a8-9359-2254934afdbe?index=2","interior design of a futuristic tram with original panoramic ceiling windows, floor and ceiling lightning, unique seats, visual features, audiovisual system, ergonomic handle"
"15B_14.png","visualsketchbook_interior_design_of_a_futuristic_tram_with_or_113139bb-c662-40a8-9359-2254934afdbe_1.png","https://www.midjourney.com/jobs/113139bb-c662-40a8-9359-2254934afdbe?index=1","interior design of a futuristic tram with original panoramic ceiling windows, floor and ceiling lightning, unique seats, visual features, audiovisual system, ergonomic handle"
"15B_15.png","visualsketchbook_interior_design_of_a_futuristic_tram_with_or_02a73dd1-a22d-4151-bf83-20b02c914c70_0.png","https://www.midjourney.com/jobs/02a73dd1-a22d-4151-bf83-20b02c914c70?index=0","interior design of a futuristic tram with original panoramic ceiling windows, floor and ceiling lightning, unique seats, visual features, audiovisual system, ergonomic handle"
"15B_16.png","visualsketchbook_interior_design_of_a_futuristic_tram_with_or_2da991d6-88fb-4d30-80b8-5a4e069c3754_0.png","https://www.midjourney.com/jobs/2da991d6-88fb-4d30-80b8-5a4e069c3754?index=0","interior design of a futuristic tram with original panoramic ceiling windows, floor and ceiling lightning, unique seats, visual features, audiovisual system, ergonomic handle"
"16A_11.png","visualsketchbook_modern_tram_interior_design_in_high_tech_sty_2050ff55-0bec-45c9-a41a-53567b3d1b65_1.png","https://www.midjourney.com/jobs/2050ff55-0bec-45c9-a41a-53567b3d1b65?index=1","modern tram interior design in high tech style"
"16A_12.png","visualsketchbook_fast_modern_tram_in_high_tech_style_4548a91d-cbfa-4b5c-9ee4-307cb8fe96fd_3.png","https://www.midjourney.com/jobs/4548a91d-cbfa-4b5c-9ee4-307cb8fe96fd?index=3","fast modern tram in high tech style"
"16A_13.png","visualsketchbook_high_tech_style_tram_modern_technolegy_16cf51a8-fb92-4ad1-8f05-d9bc112a720b_0.png","https://www.midjourney.com/jobs/16cf51a8-fb92-4ad1-8f05-d9bc112a720b?index=0","high tech style tram, modern technolegy"
"16A_14.png","visualsketchbook_big_panarome_window_in_tram_1624f2ca-cdbc-41fb-9630-24d4a1a92807_3.png","https://www.midjourney.com/jobs/1624f2ca-cdbc-41fb-9630-24d4a1a92807?index=3","big panarome window in tram"
"16A_15.png","visualsketchbook_chair_with_light_in_high_tech_style_8efe83c9-267f-4128-b95c-7e2f864ae5d4_0.png","https://www.midjourney.com/jobs/8efe83c9-267f-4128-b95c-7e2f864ae5d4?index=0","chair with light in high tech style"
"16A_16.png","visualsketchbook_led_light_in_colour_9545010e-41a2-4395-ac86-38a9722999e9_0.png","https://www.midjourney.com/jobs/9545010e-41a2-4395-ac86-38a9722999e9?index=0","led light in colour"
"16A_17.png","visualsketchbook_funkcionality_of_modern_tram_a4c7dfe4-5af1-4500-bd5e-d4d9d8a49ece_0.png","https://www.midjourney.com/jobs/a4c7dfe4-5af1-4500-bd5e-d4d9d8a49ece?index=0","funkcionality of modern tram"
"16B_11.jpg","visualsketchbook_functional_tram_technology_sky_way_tram_fast_3a879b5e-cfcd-4e58-98fa-c056c69c0788_1.png","https://www.midjourney.com/jobs/3a879b5e-cfcd-4e58-98fa-c056c69c0788?index=1","functional tram, technology, sky way tram, fast"
"16B_12.jpg","visualsketchbook_minimalism_interior_tram_functionality_light_1c5a30ae-275a-4343-86c8-1435915398f9_1.png","https://www.midjourney.com/jobs/1c5a30ae-275a-4343-86c8-1435915398f9?index=1","minimalism interior tram, functionality, light, komfortable"
"16B_13.jpg","visualsketchbook_minimalism_interior_tram_functionality_light_a390867d-d9d6-4f55-b034-54f19192817a_0.png","https://www.midjourney.com/jobs/a390867d-d9d6-4f55-b034-54f19192817a?index=0","minimalism interior tram, functionality, light, komfortable"
"17A_11.png","visualsketchbook_futuristic_tram_blue_orange_black_LED_glass__767fed08-2c9b-4309-88c0-fd509168aa8d_2.png","https://www.midjourney.com/jobs/767fed08-2c9b-4309-88c0-fd509168aa8d?index=2","futuristic tram, blue, orange, black, LED, glass, curve shapes, round"
"17A_12.png","visualsketchbook_futuristic_tram_interior_blue_orange_black_L_5a989df8-8b5e-47c9-9385-747e48c01f5d_0.png","https://www.midjourney.com/jobs/5a989df8-8b5e-47c9-9385-747e48c01f5d?index=0","futuristic tram interior, blue, orange, black, LED, glass, curve shapes, round, daylight"
"17A_13.png","visualsketchbook_futuristic_tram_interior_blue_orange_black_L_155c9cba-65be-4ca7-bcac-d4ec62707d0e_1.png","https://www.midjourney.com/jobs/155c9cba-65be-4ca7-bcac-d4ec62707d0e?index=1","futuristic tram interior, blue, orange, black, LED, glass, curve shapes, round, daylight, seen from outside"
"17B_11.png","visualsketchbook_modern_interior_of_tram_futuristic_0be03999-ea8d-49cf-b09b-450d5b8d4c25_0.png","https://www.midjourney.com/jobs/0be03999-ea8d-49cf-b09b-450d5b8d4c25?index=0","modern interior of tram futuristic"
"17B_12.png","visualsketchbook_modern_interior_of_tram_futuristic_a17dbf1f-c668-4e51-b8b9-9130086822d6_0.png","https://www.midjourney.com/jobs/a17dbf1f-c668-4e51-b8b9-9130086822d6?index=0","modern interior of tram futuristic"
"17B_13.png","visualsketchbook_modern_interior_of_tram_futuristic_7a0b6a86-6814-4045-8da2-b78ce659d86a_2.png","https://www.midjourney.com/jobs/7a0b6a86-6814-4045-8da2-b78ce659d86a?index=2","modern interior of tram futuristic"
"17B_14.png","visualsketchbook_modern_interior_of_tram_light_futuristic_blu_1955b476-b44c-4407-9873-15e714c98405_0.png","https://www.midjourney.com/jobs/1955b476-b44c-4407-9873-15e714c98405?index=0","modern interior of tram light futuristic blue leds orange elements of interior"
"17B_15.png","visualsketchbook_modern_interior_of_tram_light_futuristic_blu_05017380-fb8b-4b95-90f5-fc38ee18991b_0.png","https://www.midjourney.com/jobs/05017380-fb8b-4b95-90f5-fc38ee18991b?index=0","modern interior of tram light futuristic blue leds orange elements of interior"
"17B_16.png","visualsketchbook_modern_interior_of_tram_light_futuristic_blu_6c87515e-6681-484a-b56d-de6302f7abd8_0.png","https://www.midjourney.com/jobs/6c87515e-6681-484a-b56d-de6302f7abd8?index=0","modern interior of tram light futuristic blue leds orange elements of interior"
"17B_17.png","visualsketchbook_modern_interior_of_tram_light_futuristic_blu_07e67ea9-abe8-465c-8d8c-21be4325e9e2_2.png","https://www.midjourney.com/jobs/07e67ea9-abe8-465c-8d8c-21be4325e9e2?index=2","modern interior of tram light futuristic blue leds orange elements of interior"
"17B_18.png","visualsketchbook_modern_interior_of_tram_light_futuristic_blu_a945965a-b8c6-4825-9538-b3a81c2accfe_2.png","https://www.midjourney.com/jobs/a945965a-b8c6-4825-9538-b3a81c2accfe?index=2","modern interior of tram light futuristic blue leds orange elements of interior"
"17B_19.png","visualsketchbook_modern_white_interior_of_tram_with_dark_blue_7bb54d6c-a450-47ec-b93a-752cf8d5c880_0.png","https://www.midjourney.com/jobs/7bb54d6c-a450-47ec-b93a-752cf8d5c880?index=0","modern white interior of tram with dark blue elements and orange accents clean open space huge windows"
"17B_20.png","visualsketchbook_modern_white_interior_of_tram_with_dark_blue_39018bc9-8a31-4130-a879-89eea95069f3_1.png","https://www.midjourney.com/jobs/39018bc9-8a31-4130-a879-89eea95069f3?index=1","modern white interior of tram with dark blue elements and orange accents clean open space huge windows"
"18A_11.png","visualsketchbook_interior_of_modern_futuristic_simple_tram_wi_186ae41f-1506-413e-9ace-efe29ab217f1_0.png","https://www.midjourney.com/jobs/186ae41f-1506-413e-9ace-efe29ab217f1?index=0","interior of modern, futuristic, simple tram with glazing"
"18A_12.png","visualsketchbook_interior_of_modern_futuristic_simple_tram_wi_29c6bbee-d1a7-4e3e-afde-c1f9781c5050_1.png","https://www.midjourney.com/jobs/29c6bbee-d1a7-4e3e-afde-c1f9781c5050?index=1","interior of modern, futuristic, simple tram with glazing"
"18A_13.png","visualsketchbook_interior_of_modern_futuristic_simple_tram_wi_29c6bbee-d1a7-4e3e-afde-c1f9781c5050_3.png","https://www.midjourney.com/jobs/29c6bbee-d1a7-4e3e-afde-c1f9781c5050?index=3","interior of modern, futuristic, simple tram with glazing"
"18A_14.png","visualsketchbook_interior_of_modern_futuristic_simple_tram_wi_5cf278ec-d5eb-48af-8bee-ae4ac6b62059_0.png","https://www.midjourney.com/jobs/5cf278ec-d5eb-48af-8bee-ae4ac6b62059?index=0","interior of modern, futuristic, simple tram with glazing"
"18A_15.png","visualsketchbook_modern_simple_future_futuristic_tram_in_fron_12d63542-6fa6-4a95-8f83-b5fa9ad2a84d_0.png","https://www.midjourney.com/jobs/12d63542-6fa6-4a95-8f83-b5fa9ad2a84d?index=0","modern, simple, future, futuristic tram in front"
"18A_16.png","visualsketchbook_modern_simple_future_futuristic_tram_in_fron_7c5fb966-df45-4319-a183-a2c64ee80d74_0.png","https://www.midjourney.com/jobs/7c5fb966-df45-4319-a183-a2c64ee80d74?index=0","modern, simple, future, futuristic tram in front"
"18A_17.png","visualsketchbook_modern_simple_futuristic_tram_with_glazing_14cc6a64-3dba-4afa-b0d5-7caeb3f7e6dc_1.png","https://www.midjourney.com/jobs/14cc6a64-3dba-4afa-b0d5-7caeb3f7e6dc?index=1","modern, simple, futuristic tram with glazing"
"18A_18.png","visualsketchbook_the_interior_of_modern_simple_and_futuristic_758d6287-4b2d-4172-b487-c3e871be4dda_2.png","https://www.midjourney.com/jobs/758d6287-4b2d-4172-b487-c3e871be4dda?index=2","the interior of modern, simple and futuristic tram, with glazing and nature"
"18B_11.png","visualsketchbook_tram_future_streamlined_shape_modernist_futu_02120970-9af7-4f9f-9009-8265bbc4055c_0.png","https://www.midjourney.com/jobs/02120970-9af7-4f9f-9009-8265bbc4055c?index=0","tram, future, streamlined shape, modernist, futuristic, rhythm, white rhythm panels, panoramic window"
"18B_12.png","visualsketchbook_tram_interior_future_streamlined_shape_moder_39e06d9a-4dcc-4f2c-9e2a-c2d71a744025_0.png","https://www.midjourney.com/jobs/39e06d9a-4dcc-4f2c-9e2a-c2d71a744025?index=0","tram interior, future, streamlined shape, modernist, futuristic, rhythm, white rhythm panels, 3d printing, panoramic window"
"18B_13.png","visualsketchbook_tram_interior_future_streamlined_shape_moder_65ed6897-a00e-48c7-b303-1e11b9c526f9_0.png","https://www.midjourney.com/jobs/65ed6897-a00e-48c7-b303-1e11b9c526f9?index=0","tram interior, future, streamlined shape, modernist, futuristic, rhythm, white rhythm panels, 3d printing, panoramic window"
"18B_14.png","visualsketchbook_tram_interior_future_streamlined_shape_moder_44db713f-5ad0-4fd0-b464-b7db67e3ac23_0.png","https://www.midjourney.com/jobs/44db713f-5ad0-4fd0-b464-b7db67e3ac23?index=0","tram interior, future, streamlined shape, modernist, futuristic, rhythm, white rhythm panels, 3d printing, panoramic window"
"18B_15.png","visualsketchbook_tram_interior_future_streamlined_shape_moder_8fe6c2a0-f964-472f-b5d6-957fa608c85c_0.png","https://www.midjourney.com/jobs/8fe6c2a0-f964-472f-b5d6-957fa608c85c?index=0","tram interior, future, streamlined shape, modernist, futuristic, rhythm, white rhythm panels, 3d printing, panoramic window"
"18B_16.png","visualsketchbook_tram_interior_future_streamlined_shape_moder_b257a470-3e2c-412e-9395-b7e3c3a56279_0.png","https://www.midjourney.com/jobs/b257a470-3e2c-412e-9395-b7e3c3a56279?index=0","tram interior, future, streamlined shape, modernist, futuristic, rhythm, white rhythm panels, panoramic window"
"18B_17.png","visualsketchbook_tram_interior_future_streamlined_shape_moder_99bcb247-186b-4147-8281-9597e2d8f077_2.png","https://www.midjourney.com/jobs/99bcb247-186b-4147-8281-9597e2d8f077?index=2","tram interior, future, streamlined shape, modernist, futuristic, rhythm, white rhythm panels, 3d printing, panoramic window"
"18B_18.png","visualsketchbook_tram_interior_future_streamlined_shape_moder_20175cfa-e113-410e-846d-33d3df1b8b99_0.png","https://www.midjourney.com/jobs/20175cfa-e113-410e-846d-33d3df1b8b99?index=0","tram interior, future, streamlined shape, modernist, futuristic, rhythm, white rhythm panels, 3d printing, panoramic window, warm light, woodeen floor, plants"
"18B_19.png","visualsketchbook_tram_interior_future_streamlined_shape_moder_0c6d4842-3e90-4e0d-a3c0-586839138b0c_0.png","https://www.midjourney.com/jobs/0c6d4842-3e90-4e0d-a3c0-586839138b0c?index=0","tram interior, future, streamlined shape, modernist, futuristic, rhythm, white rhythm panels, 3d printing, panoramic window, warm light, woodeen floor, plants"
"18B_20.png","visualsketchbook_tram_interior_future_streamlined_shape_moder_4ac5ae4b-c66b-4b4c-a72f-e6c3d86f96d6_0.png","https://www.midjourney.com/jobs/4ac5ae4b-c66b-4b4c-a72f-e6c3d86f96d6?index=0","tram interior, future, streamlined shape, modernist, futuristic, rhythm, white rhythm panels, 3d printing, panoramic window, warm light, woodeen floor, plants"
"19A_11.png","visualsketchbook_futuristic_modern_tram_communication_people__5c19a20e-381a-4fac-bc6d-7c518b5e20e3_0.png","https://www.midjourney.com/jobs/5c19a20e-381a-4fac-bc6d-7c518b5e20e3?index=0","futuristic, modern, tram, communication, people, light, yellow, blue, white, not geometric,"
"19A_12.png","visualsketchbook_futuristic_modern_tram_communication_people__34ad5669-e90d-456d-84f5-deff8f2c0688_3.png","https://www.midjourney.com/jobs/34ad5669-e90d-456d-84f5-deff8f2c0688?index=3","futuristic, modern, tram, communication, people, light, yellow, blue, white, not geometric, with geometric cube chair"
"19A_13.png","visualsketchbook_futuristic_modern_tram_communication_people__d032119a-a05b-4164-b05d-24face6bc2d1_0.png","https://www.midjourney.com/jobs/d032119a-a05b-4164-b05d-24face6bc2d1?index=0","futuristic, modern, tram, communication, people, light, yellow, blue, white, not geometric, ahead tram"
"19A_14.png","visualsketchbook_futuristic_modern_tram_communication_people__d032119a-a05b-4164-b05d-24face6bc2d1_2.png","https://www.midjourney.com/jobs/d032119a-a05b-4164-b05d-24face6bc2d1?index=2","futuristic, modern, tram, communication, people, light, yellow, blue, white, not geometric, ahead tram"
"19A_15.png","visualsketchbook_futuristic_modern_tram_communication_people__b69336f4-5135-414e-96e8-1604122ee043_1.png","https://www.midjourney.com/jobs/b69336f4-5135-414e-96e8-1604122ee043?index=1","futuristic, modern, tram, communication, people, light, yellow, blue, white, not geometric,"
"19A_16.png","visualsketchbook_futuristic_modern_tram_communication_people__dbf3ffc6-fe6c-4ada-abcb-5a234bf3ade9_0.png","https://www.midjourney.com/jobs/dbf3ffc6-fe6c-4ada-abcb-5a234bf3ade9?index=0","futuristic, modern, tram, communication, people, light, yellow, blue, white, not geometric, interior"
"19A_17.png","visualsketchbook_futuristic_modern_tram_communication_people__9c97e5ac-0f62-4f63-b071-d61e4eb86454_1.png","https://www.midjourney.com/jobs/9c97e5ac-0f62-4f63-b071-d61e4eb86454?index=1","futuristic, modern, tram, communication, people, light, yellow, blue, white, not geometric, interior, ergonomic"
"19A_18.png","visualsketchbook_futuristic_modern_tram_communication_people__83d931c8-b0a0-4cb5-8d91-b637926c1044_1.png","https://www.midjourney.com/jobs/83d931c8-b0a0-4cb5-8d91-b637926c1044?index=1","futuristic, modern, tram, communication, people, light, yellow, blue, white, not geometric, interior, ergonomic"
"19A_19.png","visualsketchbook_futuristic_modern_tram_communication_people__4daf8f7e-34e6-47f8-8235-e7052ae70ea2_0.png","https://www.midjourney.com/jobs/4daf8f7e-34e6-47f8-8235-e7052ae70ea2?index=0","futuristic, modern, tram, communication, people, light, yellow, blue, white, not geometric, interior, ergonomic"
"19A_20.png","visualsketchbook_futuristic_modern_tram_communication_people__34ad5669-e90d-456d-84f5-deff8f2c0688_2.png","https://www.midjourney.com/jobs/34ad5669-e90d-456d-84f5-deff8f2c0688?index=2","futuristic, modern, tram, communication, people, light, yellow, blue, white, not geometric, with geometric cube chair"
"19B_11.png","visualsketchbook_future_tram_modern_streamlined_new_design_re_76d439b1-6677-4cd5-892e-d6ea870cf2aa_3.png","https://www.midjourney.com/jobs/76d439b1-6677-4cd5-892e-d6ea870cf2aa?index=3","future tram modern streamlined new design red colour led round parametric 2 seats"
"19B_12.png","visualsketchbook_future_tram_streamlined_designer_round_singl_fb9f114f-2981-4ec8-82fc-063af04fb457_0.png","https://www.midjourney.com/jobs/fb9f114f-2981-4ec8-82fc-063af04fb457?index=0","future tram streamlined designer round single chair linear light on ceiling big window futuristic"
"19B_13.png","visualsketchbook_future_tram_streamlined_designer_round_singl_bae80397-08c5-41cf-9f6f-9a3816937d42_0.png","https://www.midjourney.com/jobs/bae80397-08c5-41cf-9f6f-9a3816937d42?index=0","future tram streamlined designer round single chair linear light on ceiling big window futuristic"
"19B_14.png","visualsketchbook_tram_5_seats_desinger_chair_celining_with_a__d7e3fd67-2163-421a-91be-c4369a3b21c3_2.png","https://www.midjourney.com/jobs/d7e3fd67-2163-421a-91be-c4369a3b21c3?index=2","tram 5 seats desinger chair celining with a lot of liner lighting blue coloristic huge window stained glass on floor"
"1A_11.png","ewaa_g_tram_interesting_shapes_night_city_with_lights_modern__baa938ea-fe2e-4d1a-9aff-bef11e953219_0.png","https://www.midjourney.com/jobs/baa938ea-fe2e-4d1a-9aff-bef11e953219?index=0","tram, interesting shapes, night city with lights, modern tram, led violett, red, blue, space atmosphere, clean design, panoramic window, manoramic ceiling"
"1A_12.png","ewaa_g_tram_interesting_shapes_night_city_with_lights_modern__baa938ea-fe2e-4d1a-9aff-bef11e953219_0.png","https://www.midjourney.com/jobs/baa938ea-fe2e-4d1a-9aff-bef11e953219?index=0","tram, interesting shapes, night city with lights, modern tram, led violett, red, blue, space atmosphere, clean design, panoramic window, manoramic ceiling"
"1A_13.png","ewaa_g_tram_interesting_shapes_night_city_with_lights_modern__2b88707a-4f8c-4a59-b2dd-c90237f2f0ed_0.png","https://www.midjourney.com/jobs/2b88707a-4f8c-4a59-b2dd-c90237f2f0ed?index=0","tram, interesting shapes, night city with lights, modern tram, led violett, red, blue, space atmosphere, clean design, panoramic window, manoramic ceiling"
"1B_11.png","ewaa_g_e_tram_modern_glass_interior_led_light_851e6020-9237-4565-bca1-c6687ff984a1_0.png","https://www.midjourney.com/jobs/851e6020-9237-4565-bca1-c6687ff984a1?index=0","e tram, modern, glass, interior, led light"
"1B_12_1.png","ewaa_g_e_tram_modern_glass_interior_led_light_992c939d-2e0d-4525-a937-b080faecfd8d_0.png","https://www.midjourney.com/jobs/992c939d-2e0d-4525-a937-b080faecfd8d?index=0","e tram, modern, glass, interior, led light"
"1B_12_2.png","ewaa_g_e_tram_modern_glass_interior_led_light_851e6020-9237-4565-bca1-c6687ff984a1_0.png","https://www.midjourney.com/jobs/851e6020-9237-4565-bca1-c6687ff984a1?index=0","e tram, modern, glass, interior, led light"
"1B_12_3.png","ewaa_g_e_tram_modern_glass_interior_led_light_992c939d-2e0d-4525-a937-b080faecfd8d_2.png","https://www.midjourney.com/jobs/992c939d-2e0d-4525-a937-b080faecfd8d?index=2","e tram, modern, glass, interior, led light"
"1B_12_4.png","ewaa_g_e_tram_modern_glass_interior_led_light_992c939d-2e0d-4525-a937-b080faecfd8d_3.png","https://www.midjourney.com/jobs/992c939d-2e0d-4525-a937-b080faecfd8d?index=3","e tram, modern, glass, interior, led light"
"1B_13_1.png","ewaa_g_tram_for_disabled_people_ergonomic_good_design_ac3183c3-33f3-4f7e-a725-42082c4fd1cf_0.png","https://www.midjourney.com/jobs/ac3183c3-33f3-4f7e-a725-42082c4fd1cf?index=0","tram for disabled people, ergonomic, good design"
"1B_13_2.png","ewaa_g_tram_for_disabled_people_ergonomic_good_design_ac3183c3-33f3-4f7e-a725-42082c4fd1cf_1.png","https://www.midjourney.com/jobs/ac3183c3-33f3-4f7e-a725-42082c4fd1cf?index=1","tram for disabled people, ergonomic, good design"
"1B_13_3.png","ewaa_g_tram_for_disabled_people_ergonomic_good_design_ac3183c3-33f3-4f7e-a725-42082c4fd1cf_3.png","https://www.midjourney.com/jobs/ac3183c3-33f3-4f7e-a725-42082c4fd1cf?index=3","tram for disabled people, ergonomic, good design"
"1B_13_4.png","ewaa_g_tram_for_disabled_people_ergonomic_good_design_ac3183c3-33f3-4f7e-a725-42082c4fd1cf_2.png","https://www.midjourney.com/jobs/ac3183c3-33f3-4f7e-a725-42082c4fd1cf?index=2","tram for disabled people, ergonomic, good design"
"1B_14.png","ewaa_g_tram_hygenic_beautiful_view_comfortable_led_light_mode_53923f2c-9470-424e-8ab7-867fcf174d75_0.png","https://www.midjourney.com/jobs/53923f2c-9470-424e-8ab7-867fcf174d75?index=0","tram, hygenic, beautiful view, comfortable, led light, modern, big windows"
"1B_15_1.png","ewaa_g_tram_hygenic_beautiful_view_comfortable_led_light_mode_b262d663-2521-474d-b52d-f0db03ba861a_3.png","https://www.midjourney.com/jobs/b262d663-2521-474d-b52d-f0db03ba861a?index=3","tram, hygenic, beautiful view, comfortable, led light, modern, big windows"
"1B_15_2.png","ewaa_g_tram_hygenic_beautiful_view_comfortable_led_light_mode_97bf0d5d-a3d2-4065-bb8e-d3966d3335d6_0.png","https://www.midjourney.com/jobs/97bf0d5d-a3d2-4065-bb8e-d3966d3335d6?index=0","tram, hygenic, beautiful view, comfortable, led light, modern, big windows"
"1B_15_3.png","ewaa_g_tram_hygenic_beautiful_view_comfortable_led_light_mode_b262d663-2521-474d-b52d-f0db03ba861a_0.png","https://www.midjourney.com/jobs/b262d663-2521-474d-b52d-f0db03ba861a?index=0","tram, hygenic, beautiful view, comfortable, led light, modern, big windows"
"1B_15_4.png","ewaa_g_tram_hygenic_beautiful_view_comfortable_led_light_mode_b262d663-2521-474d-b52d-f0db03ba861a_1.png","https://www.midjourney.com/jobs/b262d663-2521-474d-b52d-f0db03ba861a?index=1","tram, hygenic, beautiful view, comfortable, led light, modern, big windows"
"1B_16_1.png","ewaa_g_tram_interior_modern_good_design_clean_1ccb8075-b2d2-4646-87de-0fbb32338ee1_0.png","https://www.midjourney.com/jobs/1ccb8075-b2d2-4646-87de-0fbb32338ee1?index=0","tram interior modern good design clean"
"1B_16_2.png","ewaa_g_tram_interior_modern_good_design_clean_1ccb8075-b2d2-4646-87de-0fbb32338ee1_1.png","https://www.midjourney.com/jobs/1ccb8075-b2d2-4646-87de-0fbb32338ee1?index=1","tram interior modern good design clean"
"1B_16_3.png","ewaa_g_tram_interior_modern_good_design_clean_1ccb8075-b2d2-4646-87de-0fbb32338ee1_2.png","https://www.midjourney.com/jobs/1ccb8075-b2d2-4646-87de-0fbb32338ee1?index=2","tram interior modern good design clean"
"1B_16_4.png","ewaa_g_tram_interior_modern_good_design_clean_1ccb8075-b2d2-4646-87de-0fbb32338ee1_3.png","https://www.midjourney.com/jobs/1ccb8075-b2d2-4646-87de-0fbb32338ee1?index=3","tram interior modern good design clean"
"1B_17_1.png","ewaa_g_tram_led_comfortable_seats_high_end_modern_45390612-9d92-4045-9fb3-2d78505fe36e_3.png","https://www.midjourney.com/jobs/45390612-9d92-4045-9fb3-2d78505fe36e?index=3","tram, led, comfortable seats, high end, modern"
"1B_17_2.png","ewaa_g_tram_led_comfortable_seats_high_end_modern_45390612-9d92-4045-9fb3-2d78505fe36e_2.png","https://www.midjourney.com/jobs/45390612-9d92-4045-9fb3-2d78505fe36e?index=2","tram, led, comfortable seats, high end, modern"
"1B_17_3.png","ewaa_g_tram_led_comfortable_seats_high_end_modern_45390612-9d92-4045-9fb3-2d78505fe36e_0.png","https://www.midjourney.com/jobs/45390612-9d92-4045-9fb3-2d78505fe36e?index=0","tram, led, comfortable seats, high end, modern"
"1B_17_4.png","ewaa_g_tram_led_comfortable_seats_high_end_modern_45390612-9d92-4045-9fb3-2d78505fe36e_1.png","https://www.midjourney.com/jobs/45390612-9d92-4045-9fb3-2d78505fe36e?index=1","tram, led, comfortable seats, high end, modern"
"1B_18_1.png","ewaa_g_tram_led_comfortable_seats_high_end_modern_e6fd471d-a190-41e2-bd31-40d310cf5996_3.png","https://www.midjourney.com/jobs/e6fd471d-a190-41e2-bd31-40d310cf5996?index=3","tram, led, comfortable seats, high end, modern"
"1B_18_2.png","ewaa_g_tram_led_comfortable_seats_high_end_modern_e6fd471d-a190-41e2-bd31-40d310cf5996_2.png","https://www.midjourney.com/jobs/e6fd471d-a190-41e2-bd31-40d310cf5996?index=2","tram, led, comfortable seats, high end, modern"
"1B_18_3.png","ewaa_g_tram_led_comfortable_seats_high_end_modern_e6fd471d-a190-41e2-bd31-40d310cf5996_0.png","https://www.midjourney.com/jobs/e6fd471d-a190-41e2-bd31-40d310cf5996?index=0","tram, led, comfortable seats, high end, modern"
"1B_18_4.png","ewaa_g_tram_led_comfortable_seats_high_end_modern_e6fd471d-a190-41e2-bd31-40d310cf5996_1.png","https://www.midjourney.com/jobs/e6fd471d-a190-41e2-bd31-40d310cf5996?index=1","tram, led, comfortable seats, high end, modern"
"20A_11.png","visualsketchbook_create_interior_tram_futuristic_blue_ergomom_4d6df25d-c3cd-4a85-a1fb-423dc1bcb1ec_0.png","https://www.midjourney.com/jobs/4d6df25d-c3cd-4a85-a1fb-423dc1bcb1ec?index=0","create interior tram futuristic, blue, ergomomic, high-tech , modern luxurious, led lighting"
"20A_12.png","visualsketchbook_create_interior_tram_futuristic_blue_ergomom_5ab5a457-9444-41d1-87a1-852e9e045431_0.png","https://www.midjourney.com/jobs/5ab5a457-9444-41d1-87a1-852e9e045431?index=0","create interior tram futuristic, blue, ergomomic, high-tech , modern luxurious, led lighting"
"20A_13.png","visualsketchbook_create_interior_tram_futuristic_blue_ergomom_6444b555-8c2b-4fa8-9f98-e671e6ac6474_1.png","https://www.midjourney.com/jobs/6444b555-8c2b-4fa8-9f98-e671e6ac6474?index=1","create interior tram futuristic, blue, ergomomic, high-tech , modern luxurious, led lighting"
"20A_14.png","visualsketchbook_create_interior_tram_futuristic_blue_ergomom_6444b555-8c2b-4fa8-9f98-e671e6ac6474_0.png","https://www.midjourney.com/jobs/6444b555-8c2b-4fa8-9f98-e671e6ac6474?index=0","create interior tram futuristic, blue, ergomomic, high-tech , modern luxurious, led lighting"
"20A_15.png","visualsketchbook_create_interior_tram_futuristic_blue_ergomom_5ab5a457-9444-41d1-87a1-852e9e045431_2.png","https://www.midjourney.com/jobs/5ab5a457-9444-41d1-87a1-852e9e045431?index=2","create interior tram futuristic, blue, ergomomic, high-tech , modern luxurious, led lighting"
"20A_16.png","visualsketchbook_create_interior_tram_futuristic_blue_green_b_16d42969-0407-49cf-a8fa-a6d6ca0742a8_1.png","https://www.midjourney.com/jobs/16d42969-0407-49cf-a8fa-a6d6ca0742a8?index=1","create interior tram futuristic, blue, green, black , ergomomic, plants, modern luxurious, led lighting, multi-functional, elegant"
"20A_17.png","visualsketchbook_create_interior_tram_futuristic_blue_green_b_16d42969-0407-49cf-a8fa-a6d6ca0742a8_0.png","https://www.midjourney.com/jobs/16d42969-0407-49cf-a8fa-a6d6ca0742a8?index=0","create interior tram futuristic, blue, green, black , ergomomic, plants, modern luxurious, led lighting, multi-functional, elegant"
"20A_18.png","visualsketchbook_create_interior_tram_futuristic_green_ergomo_0aa34601-2506-4985-830a-62a777e51a05_0.png","https://www.midjourney.com/jobs/0aa34601-2506-4985-830a-62a777e51a05?index=0","create interior tram futuristic, green, ergomomic, plants, modern luxurious, led lighting"
"20A_19.png","visualsketchbook_create_interior_tram_futuristic_green_ergomo_4e10553f-b0e5-4359-a3c2-a3a7bc68174f_0.png","https://www.midjourney.com/jobs/4e10553f-b0e5-4359-a3c2-a3a7bc68174f?index=0","create interior tram futuristic, green, ergomomic, plants, modern luxurious, led lighting"
"20B_11.png","visualsketchbook_tram_inspiration_Poznan_LED_future_high_tech_2b0d38c8-b468-4bf6-8e0a-267914a19afc_0.png","https://www.midjourney.com/jobs/2b0d38c8-b468-4bf6-8e0a-267914a19afc?index=0","tram, inspiration Poznan, LED, future, high tech, modern, japan"
"20B_12.png","visualsketchbook_traminterior_inspiration_Poznan_LED_futureli_615eb89b-7775-438e-8ea6-66a305573ddb_1.png","https://www.midjourney.com/jobs/615eb89b-7775-438e-8ea6-66a305573ddb?index=1","tram,interior, inspiration Poznan, LED, future,light, high tech, modern, japan, comfort"
"20B_13.png","visualsketchbook_traminterior_inspiration_Poznan_LED_futureli_300d2548-9c8b-4e96-a100-79e5a2753e31_0.png","https://www.midjourney.com/jobs/300d2548-9c8b-4e96-a100-79e5a2753e31?index=0","tram,interior, inspiration Poznan, LED, future,light, high tech, modern, japan, comfort"
"20B_14.png","visualsketchbook_traminterior_inspiration_Poznan_LED_futureli_2321bd7a-8774-49d2-baec-8bfbb67e32c9_0.png","https://www.midjourney.com/jobs/2321bd7a-8774-49d2-baec-8bfbb67e32c9?index=0","tram,interior, inspiration Poznan, LED, future,light, high tech, modern, japan, comfort"
"20B_15.png","visualsketchbook_traminterior_inspiration_Poznan_LED_futureli_615eb89b-7775-438e-8ea6-66a305573ddb_0.png","https://www.midjourney.com/jobs/615eb89b-7775-438e-8ea6-66a305573ddb?index=0","tram,interior, inspiration Poznan, LED, future,light, high tech, modern, japan, comfort"
"20B_16.png","visualsketchbook_traminterior_inspiration_Poznan_LED_futureli_a0c33e82-234d-4c1c-85b0-95356a343069_0.png","https://www.midjourney.com/jobs/a0c33e82-234d-4c1c-85b0-95356a343069?index=0","tram,interior, inspiration Poznan, LED, future,light, high tech, modern, japan, green"
"20B_17.png","visualsketchbook_traminterior_inspiration_Poznan_LED_futureli_92af470e-a5aa-4660-85bf-e4bb5c508a21_0.png","https://www.midjourney.com/jobs/92af470e-a5aa-4660-85bf-e4bb5c508a21?index=0","tram,interior, inspiration Poznan, LED, future,light, high tech, modern, japan, comfort"
"20B_18.png","visualsketchbook_traminterior_inspiration_Poznan_LED_futureli_69b3a923-197e-445e-9bf3-220b01b58731_3.png","https://www.midjourney.com/jobs/69b3a923-197e-445e-9bf3-220b01b58731?index=3","tram,interior, inspiration Poznan, LED, future,light, high tech, modern, japan, comfort"
"21A_11.png","visualsketchbook_imagine_a_tram_interior_sustainability_futur_9cde1cd3-2b0f-46dc-91b1-2a24c88b808c_0.png","https://www.midjourney.com/jobs/9cde1cd3-2b0f-46dc-91b1-2a24c88b808c?index=0","imagine a tram interior, sustainability, future, beige and dark green colors, ambient lighting, round shapes, big windows, ceiling and floor lighting, eco, recycling materials, ergonomic, realistic, white floor, fascinating shapes, interesting chairs, people"
"21A_12_1.png","visualsketchbook_imagine_a_tram_interior_sustainability_futur_5447dfb2-25af-40b0-a432-64f91453b302_0.png","https://www.midjourney.com/jobs/5447dfb2-25af-40b0-a432-64f91453b302?index=0","imagine a tram interior, sustainability, future, beige and dark green colors, ambient lighting, round shapes, big windows, ceiling and floor lighting, eco, recycling materials, ergonomic, realistic, white floor, fascinating shapes, interesting chairs, people"
"21A_12_2.png","visualsketchbook_imagine_a_tram_interior_sustainability_futur_5447dfb2-25af-40b0-a432-64f91453b302_1.png","https://www.midjourney.com/jobs/5447dfb2-25af-40b0-a432-64f91453b302?index=1","imagine a tram interior, sustainability, future, beige and dark green colors, ambient lighting, round shapes, big windows, ceiling and floor lighting, eco, recycling materials, ergonomic, realistic, white floor, fascinating shapes, interesting chairs, people"
"21A_12_3.png","visualsketchbook_imagine_a_tram_interior_sustainability_futur_5447dfb2-25af-40b0-a432-64f91453b302_2.png","https://www.midjourney.com/jobs/5447dfb2-25af-40b0-a432-64f91453b302?index=2","imagine a tram interior, sustainability, future, beige and dark green colors, ambient lighting, round shapes, big windows, ceiling and floor lighting, eco, recycling materials, ergonomic, realistic, white floor, fascinating shapes, interesting chairs, people"
"21A_12_4.png","visualsketchbook_imagine_a_tram_interior_sustainability_futur_5447dfb2-25af-40b0-a432-64f91453b302_3.png","https://www.midjourney.com/jobs/5447dfb2-25af-40b0-a432-64f91453b302?index=3","imagine a tram interior, sustainability, future, beige and dark green colors, ambient lighting, round shapes, big windows, ceiling and floor lighting, eco, recycling materials, ergonomic, realistic, white floor, fascinating shapes, interesting chairs, people"
"21A_13.png","visualsketchbook_imagine_a_tram_interior_sustainability_futur_806134bd-bc28-4cc3-8ffb-519ae9f1ca7b_0.png","https://www.midjourney.com/jobs/806134bd-bc28-4cc3-8ffb-519ae9f1ca7b?index=0","imagine a tram interior, sustainability, future, beige and white colors, ambient lighting, round shapes, big windows, ceiling and floor lighting, eco, recycling materials, ergonomic, realistic, white floor, fascinating shapes"
"21A_14.png","visualsketchbook_imagine_a_tram_interior_sustainability_futur_3b52bd1c-7452-4861-ac84-a11b363ae144_1.png","https://www.midjourney.com/jobs/3b52bd1c-7452-4861-ac84-a11b363ae144?index=1","imagine a tram interior, sustainability, future, beige and white colors, ambient lighting, round shapes, big windows, ceiling and floor lighting, eco, recycling materials, ergonomic, realistic, white floor, fascinating shapes, new technologies,"
"21A_15_1.png","visualsketchbook_imagine_a_tram_interior_sustainability_futur_c05c9e3d-8e8e-44a5-b4bf-fd2a73cc6a7a_0.png","https://www.midjourney.com/jobs/c05c9e3d-8e8e-44a5-b4bf-fd2a73cc6a7a?index=0","imagine a tram interior, sustainability, future, beige and white colors, ambient lighting, round shapes, big windows, ceiling and floor lighting, eco, recycling materials, ergonomic, realistic, white floor, fascinating shapes"
"21A_15_2.png","visualsketchbook_imagine_a_tram_interior_sustainability_futur_c05c9e3d-8e8e-44a5-b4bf-fd2a73cc6a7a_1.png","https://www.midjourney.com/jobs/c05c9e3d-8e8e-44a5-b4bf-fd2a73cc6a7a?index=1","imagine a tram interior, sustainability, future, beige and white colors, ambient lighting, round shapes, big windows, ceiling and floor lighting, eco, recycling materials, ergonomic, realistic, white floor, fascinating shapes"
"21A_15_3.png","visualsketchbook_imagine_a_tram_interior_sustainability_futur_c05c9e3d-8e8e-44a5-b4bf-fd2a73cc6a7a_2.png","https://www.midjourney.com/jobs/c05c9e3d-8e8e-44a5-b4bf-fd2a73cc6a7a?index=2","imagine a tram interior, sustainability, future, beige and white colors, ambient lighting, round shapes, big windows, ceiling and floor lighting, eco, recycling materials, ergonomic, realistic, white floor, fascinating shapes"
"21A_15_4.png","visualsketchbook_imagine_a_tram_interior_sustainability_futur_c05c9e3d-8e8e-44a5-b4bf-fd2a73cc6a7a_3.png","https://www.midjourney.com/jobs/c05c9e3d-8e8e-44a5-b4bf-fd2a73cc6a7a?index=3","imagine a tram interior, sustainability, future, beige and white colors, ambient lighting, round shapes, big windows, ceiling and floor lighting, eco, recycling materials, ergonomic, realistic, white floor, fascinating shapes"
"21A_16.png","visualsketchbook_imagine_a_tram_interior_sustainability_futur_3b52bd1c-7452-4861-ac84-a11b363ae144_0.png","https://www.midjourney.com/jobs/3b52bd1c-7452-4861-ac84-a11b363ae144?index=0","imagine a tram interior, sustainability, future, beige and white colors, ambient lighting, round shapes, big windows, ceiling and floor lighting, eco, recycling materials, ergonomic, realistic, white floor, fascinating shapes, new technologies,"
"21A_17.png","visualsketchbook_imagine_a_tram_interior_sustainability_futur_c05c9e3d-8e8e-44a5-b4bf-fd2a73cc6a7a_2.png","https://www.midjourney.com/jobs/c05c9e3d-8e8e-44a5-b4bf-fd2a73cc6a7a?index=2","imagine a tram interior, sustainability, future, beige and white colors, ambient lighting, round shapes, big windows, ceiling and floor lighting, eco, recycling materials, ergonomic, realistic, white floor, fascinating shapes"
"21A_18.png","visualsketchbook_imagine_a_tram_interior_sustainability_futur_bd5eb712-44be-4277-8cbc-874a3df3ea28_2.png","https://www.midjourney.com/jobs/bd5eb712-44be-4277-8cbc-874a3df3ea28?index=2","imagine a tram interior, sustainability, future, beige and dark green colors, ambient lighting, round shapes, big windows, ceiling and floor lighting, eco, recycling materials, ergonomic, realistic, white floor, fascinating shapes, interesting chairs, people"
"21A_19.png","visualsketchbook_imagine_an_ergonomic_tram_seat_white_realist_11561ccd-c5e5-4de5-b96d-55a47b6e815e_0.png","https://www.midjourney.com/jobs/11561ccd-c5e5-4de5-b96d-55a47b6e815e?index=0","imagine an ergonomic tram seat, white, realistic, ambient lighting, wood,"
"21A_20_1.png","visualsketchbook_imagine_an_ergonomic_tram_seat_white_realist_d5a54fe9-a9dd-4c90-8058-449b5c5e501c_0.png","https://www.midjourney.com/jobs/d5a54fe9-a9dd-4c90-8058-449b5c5e501c?index=0","imagine an ergonomic tram seat, white, realistic, ambient lighting, wood,"
"21A_20_2.png","visualsketchbook_imagine_an_ergonomic_tram_seat_white_realist_d5a54fe9-a9dd-4c90-8058-449b5c5e501c_1.png","https://www.midjourney.com/jobs/d5a54fe9-a9dd-4c90-8058-449b5c5e501c?index=1","imagine an ergonomic tram seat, white, realistic, ambient lighting, wood,"
"21A_20_3.png","visualsketchbook_imagine_an_ergonomic_tram_seat_white_realist_d5a54fe9-a9dd-4c90-8058-449b5c5e501c_2.png","https://www.midjourney.com/jobs/d5a54fe9-a9dd-4c90-8058-449b5c5e501c?index=2","imagine an ergonomic tram seat, white, realistic, ambient lighting, wood,"
"21A_20_4.png","visualsketchbook_imagine_an_ergonomic_tram_seat_white_realist_d5a54fe9-a9dd-4c90-8058-449b5c5e501c_3.png","https://www.midjourney.com/jobs/d5a54fe9-a9dd-4c90-8058-449b5c5e501c?index=3","imagine an ergonomic tram seat, white, realistic, ambient lighting, wood,"
"21B_11.jpg","visualsketchbook_interior_of_tram_biophilic_futuristic_funkti_9c5e378a-7f9b-478c-94de-90073c7c3e3b_0.png","https://www.midjourney.com/jobs/9c5e378a-7f9b-478c-94de-90073c7c3e3b?index=0","interior of tram, biophilic, futuristic, funktional, cirkle, led lighting, big windows, new technologies, dark green colours"
"21B_12_1.jpg","visualsketchbook_interior_of_tram_biophilic_futuristic_funkti_da5f1d2a-4459-49bb-a798-a783a8d07a9c_0.png","https://www.midjourney.com/jobs/da5f1d2a-4459-49bb-a798-a783a8d07a9c?index=0","interior of tram, biophilic, futuristic, funktional, cirkle, led lighting, big windows, new technologies, dark green colours"
"21B_12_2.jpg","visualsketchbook_interior_of_tram_biophilic_futuristic_funkti_da5f1d2a-4459-49bb-a798-a783a8d07a9c_1.png","https://www.midjourney.com/jobs/da5f1d2a-4459-49bb-a798-a783a8d07a9c?index=1","interior of tram, biophilic, futuristic, funktional, cirkle, led lighting, big windows, new technologies, dark green colours"
"21B_12_3.jpg","visualsketchbook_interior_of_tram_biophilic_futuristic_funkti_da5f1d2a-4459-49bb-a798-a783a8d07a9c_2.png","https://www.midjourney.com/jobs/da5f1d2a-4459-49bb-a798-a783a8d07a9c?index=2","interior of tram, biophilic, futuristic, funktional, cirkle, led lighting, big windows, new technologies, dark green colours"
"21B_12_4.jpg","visualsketchbook_interior_of_tram_biophilic_futuristic_funkti_da5f1d2a-4459-49bb-a798-a783a8d07a9c_3.png","https://www.midjourney.com/jobs/da5f1d2a-4459-49bb-a798-a783a8d07a9c?index=3","interior of tram, biophilic, futuristic, funktional, cirkle, led lighting, big windows, new technologies, dark green colours"
"21B_13_1.jpg","visualsketchbook_interior_of_tram_biophilic_modern_futuristic_332458a8-bf5c-4cc4-99aa-d2bc9ef464ff_0.png","https://www.midjourney.com/jobs/332458a8-bf5c-4cc4-99aa-d2bc9ef464ff?index=0","interior of tram, biophilic, modern, futuristic, green, funktional, ambient lighting"
"21B_13_2.jpg","visualsketchbook_interior_of_tram_biophilic_modern_futuristic_332458a8-bf5c-4cc4-99aa-d2bc9ef464ff_1.png","https://www.midjourney.com/jobs/332458a8-bf5c-4cc4-99aa-d2bc9ef464ff?index=1","interior of tram, biophilic, modern, futuristic, green, funktional, ambient lighting"
"21B_13_3.jpg","visualsketchbook_interior_of_tram_biophilic_modern_futuristic_332458a8-bf5c-4cc4-99aa-d2bc9ef464ff_2.png","https://www.midjourney.com/jobs/332458a8-bf5c-4cc4-99aa-d2bc9ef464ff?index=2","interior of tram, biophilic, modern, futuristic, green, funktional, ambient lighting"
"21B_13_4.jpg","visualsketchbook_interior_of_tram_biophilic_modern_futuristic_332458a8-bf5c-4cc4-99aa-d2bc9ef464ff_3.png","https://www.midjourney.com/jobs/332458a8-bf5c-4cc4-99aa-d2bc9ef464ff?index=3","interior of tram, biophilic, modern, futuristic, green, funktional, ambient lighting"
"21B_14.jpg","visualsketchbook_interior_of_tram_biophilic_modern_futuristic_c0b84925-bd5d-4a31-b593-58857d750922_1.png","https://www.midjourney.com/jobs/c0b84925-bd5d-4a31-b593-58857d750922?index=1","interior of tram, biophilic, modern, futuristic, green, funktional, ambient lighting"
"21B_15_1.jpg","visualsketchbook_interior_of_tram_biophilic_nature_biedge_fun_979f8b86-5e7c-42fa-8d82-ae9bb55d4d36_0.png","https://www.midjourney.com/jobs/979f8b86-5e7c-42fa-8d82-ae9bb55d4d36?index=0","interior of tram, biophilic, nature, biedge, funktional"
"21B_15_2.jpg","visualsketchbook_interior_of_tram_biophilic_nature_biedge_fun_979f8b86-5e7c-42fa-8d82-ae9bb55d4d36_1.png","https://www.midjourney.com/jobs/979f8b86-5e7c-42fa-8d82-ae9bb55d4d36?index=1","interior of tram, biophilic, nature, biedge, funktional"
"21B_15_3.jpg","visualsketchbook_interior_of_tram_biophilic_nature_biedge_fun_979f8b86-5e7c-42fa-8d82-ae9bb55d4d36_2.png","https://www.midjourney.com/jobs/979f8b86-5e7c-42fa-8d82-ae9bb55d4d36?index=2","interior of tram, biophilic, nature, biedge, funktional"
"21B_15_4.jpg","visualsketchbook_interior_of_tram_biophilic_nature_biedge_fun_979f8b86-5e7c-42fa-8d82-ae9bb55d4d36_3.png","https://www.midjourney.com/jobs/979f8b86-5e7c-42fa-8d82-ae9bb55d4d36?index=3","interior of tram, biophilic, nature, biedge, funktional"
"23A_11.png","visualsketchbook_futuristic_tram_simple_minimalistic_shapes_b_2aeb5fbd-c96f-48d6-9fcf-307807f2baa4_3.png","https://www.midjourney.com/jobs/2aeb5fbd-c96f-48d6-9fcf-307807f2baa4?index=3","futuristic tram simple minimalistic shapes black metal with green and yellow led big windows"
"23A_12.png","visualsketchbook_futuristic_tram_simple_minimalistic_shapes_b_a2c4aae4-3f23-4c3b-8e7d-1ee741b53e40_2.png","https://www.midjourney.com/jobs/a2c4aae4-3f23-4c3b-8e7d-1ee741b53e40?index=2","futuristic tram simple minimalistic shapes black metal with green and yellow led big windows"
"23A_13.png","visualsketchbook_futuristic_tram_simple_minimalistic_shapes_g_4873ef4d-aa52-4d55-9ba8-8d2f256954a1_0.png","https://www.midjourney.com/jobs/4873ef4d-aa52-4d55-9ba8-8d2f256954a1?index=0","futuristic tram simple minimalistic shapes green gray natural colors big windows"
"23A_14.png","visualsketchbook_interior_of_futuristic_tram_with_big_windows_02441c34-c5e0-4f70-8b48-b2d43e977804_0.png","https://www.midjourney.com/jobs/02441c34-c5e0-4f70-8b48-b2d43e977804?index=0","interior of futuristic tram with big windows, cyber eco style, light green gray colors, handrails, screen on windows, a lot of place to sit, chairs, photorealistic, hi tech"
"23A_15.png","visualsketchbook_interior_of_futuristic_tram_with_big_windows_b63d3b7a-373d-4225-a2c3-73382412db90_0.png","https://www.midjourney.com/jobs/b63d3b7a-373d-4225-a2c3-73382412db90?index=0","interior of futuristic tram with big windows, cyber eco style, light green gray colors, handrails, screen on windows, a lot of place to sit, chairs, photorealistic, hi tech"
"23A_16.png","visualsketchbook_interior_of_futuristic_tram_with_big_windows_7750f05a-e66f-4b2b-af13-e1732f72c623_0.png","https://www.midjourney.com/jobs/7750f05a-e66f-4b2b-af13-e1732f72c623?index=0","interior of futuristic tram with big windows, patterned minimalistic floor, green beige colors, artistic handrails, screen on windows"
"24B_17.png","visualsketchbook_tram_vincent_callebaut_envision_future_of_mo_07d125cd-e087-418e-9ec3-0faabc218753_0.png","https://www.midjourney.com/jobs/07d125cd-e087-418e-9ec3-0faabc218753?index=0","tram vincent callebaut envision future of mobility as timber-based evtols hydrofoils luxury ergonomic with bid windows and light colours"
"24B_18.png","visualsketchbook_tram_vincent_callebaut_envision_future_of_mo_07d125cd-e087-418e-9ec3-0faabc218753_1.png","https://www.midjourney.com/jobs/07d125cd-e087-418e-9ec3-0faabc218753?index=1","tram vincent callebaut envision future of mobility as timber-based evtols hydrofoils luxury ergonomic with bid windows and light colours"
"24B_19.png","visualsketchbook_tram_vincent_callebaut_envision_future_of_mo_07d125cd-e087-418e-9ec3-0faabc218753_2.png","https://www.midjourney.com/jobs/07d125cd-e087-418e-9ec3-0faabc218753?index=2","tram vincent callebaut envision future of mobility as timber-based evtols hydrofoils luxury ergonomic with bid windows and light colours"
"24B_20.png","visualsketchbook_tram_vincent_callebaut_envision_future_of_mo_07d125cd-e087-418e-9ec3-0faabc218753_3.png","https://www.midjourney.com/jobs/07d125cd-e087-418e-9ec3-0faabc218753?index=3","tram vincent callebaut envision future of mobility as timber-based evtols hydrofoils luxury ergonomic with bid windows and light colours"
"25_11_1.png","visualsketchbook_tram_interior_in_dark_shaded_copper_accents__a0ad0b1b-0917-415d-a7f9-2fffab5c6849_0.png","https://www.midjourney.com/jobs/a0ad0b1b-0917-415d-a7f9-2fffab5c6849?index=0","tram interior in dark shaded, copper accents, red leds, modernistic, futuristic, big windows"
"25_11_2.png","visualsketchbook_tram_interior_in_dark_shaded_copper_accents__a0ad0b1b-0917-415d-a7f9-2fffab5c6849_1.png","https://www.midjourney.com/jobs/a0ad0b1b-0917-415d-a7f9-2fffab5c6849?index=1","tram interior in dark shaded, copper accents, red leds, modernistic, futuristic, big windows"
"25_11_3.png","visualsketchbook_tram_interior_in_dark_shaded_copper_accents__a0ad0b1b-0917-415d-a7f9-2fffab5c6849_2.png","https://www.midjourney.com/jobs/a0ad0b1b-0917-415d-a7f9-2fffab5c6849?index=2","tram interior in dark shaded, copper accents, red leds, modernistic, futuristic, big windows"
"25_11_4.png","visualsketchbook_tram_interior_in_dark_shaded_copper_accents__a0ad0b1b-0917-415d-a7f9-2fffab5c6849_3.png","https://www.midjourney.com/jobs/a0ad0b1b-0917-415d-a7f9-2fffab5c6849?index=3","tram interior in dark shaded, copper accents, red leds, modernistic, futuristic, big windows"
"25_12.png","visualsketchbook_tram_exterior_in_dark_shaded_streamlined_sha_57d2f21e-08e7-4db4-9e20-d7b9b1a8b1d3_3.png","https://www.midjourney.com/jobs/57d2f21e-08e7-4db4-9e20-d7b9b1a8b1d3?index=3","tram exterior in dark shaded, streamlined shape, copper accents, modernistic, futuristic, big windows"
"25_13.png","visualsketchbook_tram_exterior_in_dark_shaded_streamlined_sha_11196971-e187-4144-8f4b-edefdd9ea247_0.png","https://www.midjourney.com/jobs/11196971-e187-4144-8f4b-edefdd9ea247?index=0","tram exterior in dark shaded, streamlined shape, copper accents, red leds, modernistic, futuristic, big windows"
"25_14.png","visualsketchbook_tram_interior_in_dark_shaded_streamlined_sha_240d874e-7b7a-4a0e-bb26-2d402685b558_0.png","https://www.midjourney.com/jobs/240d874e-7b7a-4a0e-bb26-2d402685b558?index=0","tram interior in dark shaded, streamlined shape, copper accents, modernistic, futuristic, big windows"
"25_15.png","visualsketchbook_tram_interior_in_dark_shaded_streamlined_sha_369d0a52-ca32-48c6-ada7-4d11a550ccad_0.png","https://www.midjourney.com/jobs/369d0a52-ca32-48c6-ada7-4d11a550ccad?index=0","tram interior in dark shaded, streamlined shape, copper accents, modernistic, futuristic, big windows"
"25_16.png","visualsketchbook_tram_interior_in_dark_shaded_streamlined_sha_5703c87e-2c46-420b-9d2d-d461f946ff76_0.png","https://www.midjourney.com/jobs/5703c87e-2c46-420b-9d2d-d461f946ff76?index=0","tram interior in dark shaded, streamlined shape, copper accents, red leds, modernistic, futuristic, big windows"
"25_17.png","visualsketchbook_tram_interior_in_dark_shaded_streamlined_sha_f676e413-c1ed-47a3-8f83-b7500a49e7e7_0.png","https://www.midjourney.com/jobs/f676e413-c1ed-47a3-8f83-b7500a49e7e7?index=0","tram interior in dark shaded, streamlined shape, copper accents, modernistic, futuristic, big windows"
"25_18.png","visualsketchbook_tram_interior_in_dark_shaded_streamlined_sha_f676e413-c1ed-47a3-8f83-b7500a49e7e7_2.png","https://www.midjourney.com/jobs/f676e413-c1ed-47a3-8f83-b7500a49e7e7?index=2","tram interior in dark shaded, streamlined shape, copper accents, modernistic, futuristic, big windows"
"25_19.png","visualsketchbook_tram_interior_in_dark_shaded_streamlined_sha_f676e413-c1ed-47a3-8f83-b7500a49e7e7_1.png","https://www.midjourney.com/jobs/f676e413-c1ed-47a3-8f83-b7500a49e7e7?index=1","tram interior in dark shaded, streamlined shape, copper accents, modernistic, futuristic, big windows"
"25_20.png","visualsketchbook_tram_interior_in_dark_shaded_streamlined_sha_f676e413-c1ed-47a3-8f83-b7500a49e7e7_3.png","https://www.midjourney.com/jobs/f676e413-c1ed-47a3-8f83-b7500a49e7e7?index=3","tram interior in dark shaded, streamlined shape, copper accents, modernistic, futuristic, big windows"
"26_11.png","visualsketchbook_future_tram_modern_streamlined_new_design_re_76d439b1-6677-4cd5-892e-d6ea870cf2aa_3.png","https://www.midjourney.com/jobs/76d439b1-6677-4cd5-892e-d6ea870cf2aa?index=3","future tram modern streamlined new design red colour led round parametric 2 seats"
"26_12.png","visualsketchbook_future_tram_streamlined_designer_round_singl_fb9f114f-2981-4ec8-82fc-063af04fb457_0.png","https://www.midjourney.com/jobs/fb9f114f-2981-4ec8-82fc-063af04fb457?index=0","future tram streamlined designer round single chair linear light on ceiling big window futuristic"
"26_13.png","visualsketchbook_future_tram_streamlined_designer_round_singl_bae80397-08c5-41cf-9f6f-9a3816937d42_0.png","https://www.midjourney.com/jobs/bae80397-08c5-41cf-9f6f-9a3816937d42?index=0","future tram streamlined designer round single chair linear light on ceiling big window futuristic"
"26_14.png","visualsketchbook_tram_5_seats_desinger_chair_celining_with_a__d7e3fd67-2163-421a-91be-c4369a3b21c3_2.png","https://www.midjourney.com/jobs/d7e3fd67-2163-421a-91be-c4369a3b21c3?index=2","tram 5 seats desinger chair celining with a lot of liner lighting blue coloristic huge window stained glass on floor"
"27_11.jpg","visualsketchbook_chairs_train_26d8df2b-8424-4fcf-8fab-92314f581cea_1.png","https://www.midjourney.com/jobs/26d8df2b-8424-4fcf-8fab-92314f581cea?index=1","chairs train"
"27_12.jpg","visualsketchbook_crooked_lines_ab663428-ded7-4261-9e8c-a24bd14111a0_0.png","https://www.midjourney.com/jobs/ab663428-ded7-4261-9e8c-a24bd14111a0?index=0","crooked lines"
"27_13.jpg","visualsketchbook_drops_of_woter_42a951b0-ec14-4538-8e54-68f6a168cbfb_2.png","https://www.midjourney.com/jobs/42a951b0-ec14-4538-8e54-68f6a168cbfb?index=2","drops of woter"
"27_14.jpg","visualsketchbook_luxury_glass_577d06e9-6765-4bd5-bfb2-7d6d9f357585_0.png","https://www.midjourney.com/jobs/577d06e9-6765-4bd5-bfb2-7d6d9f357585?index=0","luxury glass"
"27_15.jpg","visualsketchbook_modern_tram_10333ad2-7a23-49ae-977f-6035c3979e61_0.png","https://www.midjourney.com/jobs/10333ad2-7a23-49ae-977f-6035c3979e61?index=0","modern tram"
"27_16.jpg","visualsketchbook_new_tram_interior_9849f22e-663c-45ca-b070-4f25e6424cd5_0.png","https://www.midjourney.com/jobs/9849f22e-663c-45ca-b070-4f25e6424cd5?index=0","new tram interior"
"27_17.jpg","visualsketchbook_tram_interior_1068a725-eb83-417e-94b3-f5e2b2a2a322_1.png","https://www.midjourney.com/jobs/1068a725-eb83-417e-94b3-f5e2b2a2a322?index=1","tram interior"
"27_18.jpg","visualsketchbook_wave_32c57767-abc1-4eff-a3fe-f3a4c6502475_1.png","https://www.midjourney.com/jobs/32c57767-abc1-4eff-a3fe-f3a4c6502475?index=1","wave"
"27_19.jpg","visualsketchbook_drops_of_woter_d7dec551-fd03-4ff0-b457-ec749e9deefd_3.png","https://www.midjourney.com/jobs/d7dec551-fd03-4ff0-b457-ec749e9deefd?index=3","drops of woter"
"27_20.jpg","visualsketchbook_wave_32c57767-abc1-4eff-a3fe-f3a4c6502475_2.png","https://www.midjourney.com/jobs/32c57767-abc1-4eff-a3fe-f3a4c6502475?index=2","wave"
"2A_11.png","ewaa_g_tram_modern_retro_led_future_356b8567-4eb5-407d-aa3b-a0faba38b662_1.png","https://www.midjourney.com/jobs/356b8567-4eb5-407d-aa3b-a0faba38b662?index=1","tram, modern, retro, led, future"
"2A_12.png","ewaa_g_tram_metro_interior_future_modern_553740e6-6c06-4bdb-bbf2-65181251140b_1.png","https://www.midjourney.com/jobs/553740e6-6c06-4bdb-bbf2-65181251140b?index=1","tram, metro, interior, future, modern"
"2A_13.png","ewaa_g_tram_metro_interior_future_modern_460d7a3a-50e8-4dec-96d2-6b74015d549c_1.png","https://www.midjourney.com/jobs/460d7a3a-50e8-4dec-96d2-6b74015d549c?index=1","tram, metro, interior, future, modern"
"2A_14.png","ewaa_g_tram_metro_interior_future_modern_7732fab4-f1a0-44a6-8052-2331ec2b4043_0.png","https://www.midjourney.com/jobs/7732fab4-f1a0-44a6-8052-2331ec2b4043?index=0","tram, metro, interior, future, modern"
"2A_15.png","ewaa_g_metro_interor_tram_future_modern_intelegent_futuristic_64b42618-a829-4265-9c94-93dd03e9b286_0.png","https://www.midjourney.com/jobs/64b42618-a829-4265-9c94-93dd03e9b286?index=0","metro, interor, tram, future, modern, intelegent, futuristic, light"
"2A_16.png","ewaa_g_tram_window_exterior_modent_future_02881afe-fe88-47d2-98a3-d38f56284d85_2.png","https://www.midjourney.com/jobs/02881afe-fe88-47d2-98a3-d38f56284d85?index=2","tram, window, exterior, modent, future"
"2B_11.png","ewaa_g_tram_spacious_modern_technology_innovative_aesthetic_f_351dca96-3b8f-4072-b86f-f30264e3bf85_0.png","https://www.midjourney.com/jobs/351dca96-3b8f-4072-b86f-f30264e3bf85?index=0","tram, spacious, modern technology, innovative, aesthetic, futuristic, interior, exterior, smart, elegant"
"2B_12.png","ewaa_g_tram_spacious_modern_technology_innovative_aesthetic_f_774c4d02-29f2-41e6-8ea3-61196f819424_1.png","https://www.midjourney.com/jobs/774c4d02-29f2-41e6-8ea3-61196f819424?index=1","tram, spacious, modern technology, innovative, aesthetic, futuristic, interior, exterior, smart, elegant"
"2B_13.png","ewaa_g_tram_spacious_modern_technology_innovative_aesthetic_f_69c2c9e9-b60e-4fa8-a6a7-6458926315b2_0.png","https://www.midjourney.com/jobs/69c2c9e9-b60e-4fa8-a6a7-6458926315b2?index=0","tram, spacious, modern technology, innovative, aesthetic, futuristic, interior, exterior, smart, elegant"
"2B_14.png","ewaa_g_tram_ergoomic_interior_spacious_comfortable_with_wood__cfeddf7c-db2f-4f9f-be87-932e3087d2a7_1.png","https://www.midjourney.com/jobs/cfeddf7c-db2f-4f9f-be87-932e3087d2a7?index=1","tram, ergoomic, interior, spacious, comfortable, with wood, aesthetic, cozy, environmentlly friendly"
"2B_15.png","ewaa_g_tram_ergoomic_interior_spacious_comfortable_with_wood__fb34b42e-5a43-411a-94cb-407b92b504ed_1.png","https://www.midjourney.com/jobs/fb34b42e-5a43-411a-94cb-407b92b504ed?index=1","tram, ergoomic, interior, spacious, comfortable, with wood, aesthetic, cozy, environmentlly friendly"
"2B_16.png","ewaa_g_tram_exterior_smart_elegant_colorful_ergonomic_place_f_0a21874a-43ef-4f6a-82a2-98ec5c6754f5_0.png","https://www.midjourney.com/jobs/0a21874a-43ef-4f6a-82a2-98ec5c6754f5?index=0","tram, exterior, smart, elegant, colorful, ergonomic, place for bike"
"2B_17.png","ewaa_g_tram_exterior_smart_elegant_colorful_ergonomic_place_f_17ed5b15-5ad8-4135-a222-7f086c00f89b_3.png","https://www.midjourney.com/jobs/17ed5b15-5ad8-4135-a222-7f086c00f89b?index=3","tram, exterior, smart, elegant, colorful, ergonomic, place for bike"
"2B_18.png","ewaa_g_tram_exterior_smart_elegant_colorful_ergonomic_place_f_baa008a3-0af9-4791-afb2-16d81b47a17f_1.png","https://www.midjourney.com/jobs/baa008a3-0af9-4791-afb2-16d81b47a17f?index=1","tram, exterior, smart, elegant, colorful, ergonomic, place for bike"
"3A_11.png","ewaa_g_futuristic_elegent_tram_with_beige_interior_and_large__2ff386f2-0d1f-4853-925e-719acf020da0_0.png","https://www.midjourney.com/jobs/2ff386f2-0d1f-4853-925e-719acf020da0?index=0","futuristic elegent tram with beige interior and large window"
"3A_12.png","ewaa_g_futuristic_elegent_tram_with_beige_interior_and_large__2ff386f2-0d1f-4853-925e-719acf020da0_1.png","https://www.midjourney.com/jobs/2ff386f2-0d1f-4853-925e-719acf020da0?index=1","futuristic elegent tram with beige interior and large window"
"3A_13.png","ewaa_g_futuristic_elegent_tram_with_beige_interior_and_large__15e26928-2dbb-4556-8e12-a54b7953a978_0.png","https://www.midjourney.com/jobs/15e26928-2dbb-4556-8e12-a54b7953a978?index=0","futuristic elegent tram with beige interior and large window"
"3A_14.png","ewaa_g_futuristic_elegent_tram_with_beige_interior_and_large__11aad316-41de-40a9-96ab-1b0694a30068_0.png","https://www.midjourney.com/jobs/11aad316-41de-40a9-96ab-1b0694a30068?index=0","futuristic elegent tram with beige interior and large window"
"3A_15.png","ewaa_g_futuristic_elegent_tram_with_beige_interior_and_large__d3174f81-3d8d-4604-b3a7-5b133f22edb8_0.png","https://www.midjourney.com/jobs/d3174f81-3d8d-4604-b3a7-5b133f22edb8?index=0","futuristic elegent tram with beige interior and large window"
"3A_16.png","ewaa_g_futuristic_elegent_tram_with_beige_interior_and_large__107429c8-0e05-4837-bbfe-358474e39db3_0.png","https://www.midjourney.com/jobs/107429c8-0e05-4837-bbfe-358474e39db3?index=0","futuristic elegent tram with beige interior and large window"
"3A_17.png","ewaa_g_futuristic_elegent_tram_with_beige_interior_and_large__0dc52c68-f2a1-4fbb-a7f1-a43dc4632e75_2.png","https://www.midjourney.com/jobs/0dc52c68-f2a1-4fbb-a7f1-a43dc4632e75?index=2","futuristic elegent tram with beige interior and large window"
"3A_18.png","ewaa_g_futuristic_elegant_beige_tram_with_neons_and_large_win_35124cb0-df8e-41ee-b32f-c7c0a83f9269_1.png","https://www.midjourney.com/jobs/35124cb0-df8e-41ee-b32f-c7c0a83f9269?index=1","futuristic elegant beige tram with neons and large window"
"3A_19.png","ewaa_g_futuristic_elegant_beige_tram_with_neons_and_large_win_0014a955-bfc3-4304-86d5-2db681ef83f7_0.png","https://www.midjourney.com/jobs/0014a955-bfc3-4304-86d5-2db681ef83f7?index=0","futuristic elegant beige tram with neons and large window on top"
"3A_20.png","ewaa_g_futuristic_elegant_beige_tram_with_neons_and_large_win_129b864a-717e-4b52-8a72-8170167f4119_0.png","https://www.midjourney.com/jobs/129b864a-717e-4b52-8a72-8170167f4119?index=0","futuristic elegant beige tram with neons and large window"
"3B_11.png","ewaa_g_tram_interior_design_with_light_modern_led_organic_0bafc5d3-f462-42f9-988a-589322606b60_2.png","https://www.midjourney.com/jobs/0bafc5d3-f462-42f9-988a-589322606b60?index=2","tram interior design with light modern led organic"
"3B_12.png","ewaa_g_tram_interior_design_with_light_modern_led_organic_62599436-8651-4249-af61-9348276f0f3d_0.png","https://www.midjourney.com/jobs/62599436-8651-4249-af61-9348276f0f3d?index=0","tram interior design with light modern led organic"
"3B_13.png","ewaa_g_tram_interior_design_with_light_modern_led_organic_lon_02342ce4-9196-4c89-9c15-cb257492f3b6_1.png","https://www.midjourney.com/jobs/02342ce4-9196-4c89-9c15-cb257492f3b6?index=1","tram interior design with light modern led organic long irregular seats, tape seats, tape, long shapes, tram, transport, imagine, future, modern, futuristic, smart"
"3B_14.png","ewaa_g_tram_interior_design_with_light_modern_led_organic_lon_8ba868b9-4e52-4269-b7f2-352777f2cc2a_0.png","https://www.midjourney.com/jobs/8ba868b9-4e52-4269-b7f2-352777f2cc2a?index=0","tram interior design with light modern led organic long irregular seats, tape seats, tape, long shapes, tram, transport, imagine, future, modern, futuristic, smart"
"3B_15.png","ewaa_g_tram_interior_design_with_light_modern_led_organic_lon_b7b308c0-b046-4294-8b41-efca56793c90_0.png","https://www.midjourney.com/jobs/b7b308c0-b046-4294-8b41-efca56793c90?index=0","tram interior design with light modern led organic long irregular seats, tape seats, tape, long shapes, tram, transport, imagine, future, modern, futuristic, smart"
"3B_16.png","ewaa_g_tram_interior_design_with_light_modern_led_organic_lon_1287e168-17d8-4274-8650-350297f5ac8a_3.png","https://www.midjourney.com/jobs/1287e168-17d8-4274-8650-350297f5ac8a?index=3","tram interior design with light modern led organic long irregular seats, tape seats, tape, long shapes, tram, transport, imagine, future, modern, futuristic, smart"
"3B_17.png","ewaa_g_tram_interior_design_with_light_modern_led_organic_lon_2ab83725-b263-4e6b-829c-09dcf73b4259_3.png","https://www.midjourney.com/jobs/2ab83725-b263-4e6b-829c-09dcf73b4259?index=3","tram interior design with light modern led organic long irregular seats, tape seats, tape, long shapes, tram, transport, imagine, future, modern, futuristic, smart"
"3B_18.png","ewaa_g_tram_interior_design_with_light_modern_led_organic_lon_02342ce4-9196-4c89-9c15-cb257492f3b6_0.png","https://www.midjourney.com/jobs/02342ce4-9196-4c89-9c15-cb257492f3b6?index=0","tram interior design with light modern led organic long irregular seats, tape seats, tape, long shapes, tram, transport, imagine, future, modern, futuristic, smart"
"3B_19.png","ewaa_g_tram_interior_design_with_light_modern_led_organic_lon_02342ce4-9196-4c89-9c15-cb257492f3b6_0.png","https://www.midjourney.com/jobs/02342ce4-9196-4c89-9c15-cb257492f3b6?index=0","tram interior design with light modern led organic long irregular seats, tape seats, tape, long shapes, tram, transport, imagine, future, modern, futuristic, smart"
"3B_20.png","ewaa_g_tram_light_modern_interior_led_organic_97d6af5c-ebc1-4518-80b6-df7cd47c7ca3_0.png","https://www.midjourney.com/jobs/97d6af5c-ebc1-4518-80b6-df7cd47c7ca3?index=0","tram light modern interior led organic"
"4A_11.png","ewaa_g_futuristic_seats_long_tape_lights_led_waves_bus_tram_c_46a7fd80-b16b-434e-97d1-561092f20ca6_0.png","https://www.midjourney.com/jobs/46a7fd80-b16b-434e-97d1-561092f20ca6?index=0","futuristic seats, long tape lights, led, waves, bus, tram, car"
"4A_12.png","ewaa_g_futuristic_seats_long_tape_lights_led_waves_bus_tram_c_e0dcdbf8-8f89-4471-964e-0a222eb5df8a_0.png","https://www.midjourney.com/jobs/e0dcdbf8-8f89-4471-964e-0a222eb5df8a?index=0","futuristic seats, long tape lights, led, waves, bus, tram, car"
"4A_13.png","ewaa_g_modern_long_seats_tape_seats_connection_irregular_shap_85515ad0-2457-497e-a70c-922a13e5f598_0.png","https://www.midjourney.com/jobs/85515ad0-2457-497e-a70c-922a13e5f598?index=0","modern, long seats, tape seats, connection, irregular shapes, capsule, tram"
"4A_14.png","ewaa_g_futuristic_seats_module_cosmos_space_drain_round_tram__28f8e50b-07d1-4db0-83df-bb1a4f6d9620_0.png","https://www.midjourney.com/jobs/28f8e50b-07d1-4db0-83df-bb1a4f6d9620?index=0","futuristic, seats, module, cosmos, space, drain, round, tram, transport"
"4A_15.png","ewaa_g_long_irregular_seats_tape_seats_tape_long_shapes_tram__4bb31f9b-b9c2-4f95-a2a2-4cc4a3e2df23_2.png","https://www.midjourney.com/jobs/4bb31f9b-b9c2-4f95-a2a2-4cc4a3e2df23?index=2","long irregular seats, tape seats, tape, long shapes, tram, transport, imagine, future, modern, futuristic, smart"
"4B_11.png","ewaa_g_middle_of_the_tram_oval_shapes_metal_future_066d558f-7df1-465c-9997-7da048d42c45_0.png","https://www.midjourney.com/jobs/066d558f-7df1-465c-9997-7da048d42c45?index=0","middle of the tram, oval shapes, metal, future"
"4B_12.png","ewaa_g_middle_of_the_tram_oval_shapes_metal_future_2e41ef13-c4fd-44ba-a644-dae83d9fc806_0.png","https://www.midjourney.com/jobs/2e41ef13-c4fd-44ba-a644-dae83d9fc806?index=0","middle of the tram, oval shapes, metal, future"
"4B_13.png","ewaa_g_middle_of_the_tram_oval_shapes_metal_future_66733f1a-de6f-47c0-9e77-642a16beae00_0.png","https://www.midjourney.com/jobs/66733f1a-de6f-47c0-9e77-642a16beae00?index=0","middle of the tram, oval shapes, metal, future"
"4B_14.png","ewaa_g_middle_of_the_tram_oval_shapes_metal_future_ea9bfb77-ad15-44b1-8a95-f3b146fefb84_2.png","https://www.midjourney.com/jobs/ea9bfb77-ad15-44b1-8a95-f3b146fefb84?index=2","middle of the tram, oval shapes, metal, future"
"4B_15.png","ewaa_g_middle_of_the_tram_oval_shapes_metal_future_neon_0af35947-4346-4aa1-a138-e4f34b955d27_0.png","https://www.midjourney.com/jobs/0af35947-4346-4aa1-a138-e4f34b955d27?index=0","middle of the tram, oval shapes, metal, future, neon"
"4B_16.png","ewaa_g_middle_of_the_tram_oval_shapes_metal_future_neon_1a7bfc00-e198-43b3-848f-63266c662104_0.png","https://www.midjourney.com/jobs/1a7bfc00-e198-43b3-848f-63266c662104?index=0","middle of the tram, oval shapes, metal, future, neon"
"4B_17.png","ewaa_g_middle_of_the_tram_oval_shapes_metal_future_neon_315cb194-b351-40f0-ae74-b486bfb6cf53_0.png","https://www.midjourney.com/jobs/315cb194-b351-40f0-ae74-b486bfb6cf53?index=0","middle of the tram, oval shapes, metal, future, neon"
"4B_18.png","ewaa_g_middle_of_the_tram_oval_shapes_metal_future_neon_9eb80a08-39c1-47a8-bc47-50d1bdd03cab_1.png","https://www.midjourney.com/jobs/9eb80a08-39c1-47a8-bc47-50d1bdd03cab?index=1","middle of the tram, oval shapes, metal, future, neon"
"4B_19.png","ewaa_g_middle_of_the_tram_oval_shapes_metal_future_neon_d8a040a2-7841-4864-a591-546d8777a666_3.png","https://www.midjourney.com/jobs/d8a040a2-7841-4864-a591-546d8777a666?index=3","middle of the tram, oval shapes, metal, future, neon"
"4B_20.png","ewaa_g_tram_space_oval_shapes_blue_pink_purple_future_metal_c_33d61a65-cb22-4e19-80dc-427bd860a322_0.png","https://www.midjourney.com/jobs/33d61a65-cb22-4e19-80dc-427bd860a322?index=0","tram, space, oval shapes, blue, pink, purple, future, metal, cosmos"
"5A_11.png","ewaa_g_tram_interior_minimalist_modern_light_white_led_clean__5295f90a-1b52-4269-886f-bafa5aca7622_0.png","https://www.midjourney.com/jobs/5295f90a-1b52-4269-886f-bafa5aca7622?index=0","tram interior minimalist modern light white led clean aesthetic"
"5A_12.png","ewaa_g_white_tram_interior_modern_clean_easy_big_windows_cush_30dbf95a-2f9b-42dc-87bb-ec62fa336c4a_0.png","https://www.midjourney.com/jobs/30dbf95a-2f9b-42dc-87bb-ec62fa336c4a?index=0","white tram interior modern clean easy big windows cushioned seats"
"5A_13.png","ewaa_g_white_tram_interior_modern_clean_easy_big_windows_cush_62c5d12c-f456-4496-be61-93e0b202feee_0.png","https://www.midjourney.com/jobs/62c5d12c-f456-4496-be61-93e0b202feee?index=0","white tram interior modern clean easy big windows cushioned seats"
"5A_14.png","ewaa_g_tram_interior_coloured_glass_windows_minimalist_seats__9dc36417-fc1c-4ff7-b9e6-339d53922be4_0.png","https://www.midjourney.com/jobs/9dc36417-fc1c-4ff7-b9e6-339d53922be4?index=0","tram interior coloured glass windows minimalist seats white colour aesthetic"
"5A_15.png","ewaa_g_tram_interior_80s_style_modern_minimlaist_chrome_plast_a7e85ce8-2063-4501-9b75-d7317c36bb8c_2.png","https://www.midjourney.com/jobs/a7e85ce8-2063-4501-9b75-d7317c36bb8c?index=2","tram interior 80s style modern minimlaist chrome plastic metal white"
"5A_16.png","ewaa_g_tram_interior_white_design_coloured_seats_plastic_c0e259fb-223b-4386-b6eb-b79b1b76e2c0_0.png","https://www.midjourney.com/jobs/c0e259fb-223b-4386-b6eb-b79b1b76e2c0?index=0","tram interior white design coloured seats plastic"
"5A_17.png","ewaa_g_tram_interior_white_design_coloured_seats_plastic_8f14a2ac-4e33-45f8-a2b1-040667311165_0.png","https://www.midjourney.com/jobs/8f14a2ac-4e33-45f8-a2b1-040667311165?index=0","tram interior white design coloured seats plastic"
"5A_18.png","ewaa_g_tram_interior_coloured_glass_windows_minimalist_seats__60779c34-af54-4c64-bf17-9e5290e2f4bc_0.png","https://www.midjourney.com/jobs/60779c34-af54-4c64-bf17-9e5290e2f4bc?index=0","tram interior coloured glass windows minimalist seats white colour aesthetic"
"5B_11.png","ewaa_g_tram_pink_glass_window_futuristic_design_cosmic_28ab1e0f-605a-41d1-831a-abba7a7a61e2_0.png","https://www.midjourney.com/jobs/28ab1e0f-605a-41d1-831a-abba7a7a61e2?index=0","tram pink glass window futuristic design cosmic"
"5B_12.png","ewaa_g_tram_interior_pink_glass_5e578e03-d725-4105-aeb7-889c34d561c0_1.png","https://www.midjourney.com/jobs/5e578e03-d725-4105-aeb7-889c34d561c0?index=1","tram interior pink glass"
"5B_13.png","ewaa_g_tram_interior_modern_organic_lighting_2cf65f32-b827-4637-b8d2-d1db4c361b4f_1.png","https://www.midjourney.com/jobs/2cf65f32-b827-4637-b8d2-d1db4c361b4f?index=1","tram interior modern organic lighting"
"5B_14.png","ewaa_g_tram_interior_modern_cosmic_abstract_spaceship_09384468-3a3f-42d5-9826-8bcce22851b3_0.png","https://www.midjourney.com/jobs/09384468-3a3f-42d5-9826-8bcce22851b3?index=0","tram interior modern cosmic abstract spaceship"
"5B_15.png","ewaa_g_tram_interior_goth_minimalistic_black_1496c7d6-870b-464f-b056-c06f49e76077_0.png","https://www.midjourney.com/jobs/1496c7d6-870b-464f-b056-c06f49e76077?index=0","tram interior goth minimalistic black"
"5B_16.png","ewaa_g_tram_design_futuristic_abstract_interior_84ba9b86-77fd-4d69-8471-545d158cba51_2.png","https://www.midjourney.com/jobs/84ba9b86-77fd-4d69-8471-545d158cba51?index=2","tram design futuristic abstract interior"
"5B_17.png","ewaa_g_tram_design_futuristic_abstract_interior_84ba9b86-77fd-4d69-8471-545d158cba51_1.png","https://www.midjourney.com/jobs/84ba9b86-77fd-4d69-8471-545d158cba51?index=1","tram design futuristic abstract interior"
"6B_11.png","ewaa_g_tram_bike_place_interior_design_4e9b93fa-db25-421e-926b-535b2d4b616d_0.png","https://www.midjourney.com/jobs/4e9b93fa-db25-421e-926b-535b2d4b616d?index=0","tram, bike place, interior design,"
"6B_12.png","ewaa_g_tram_interior_design_organic_shapes_ecology_7bd9cdff-6b1c-421b-8a9a-21d389df2eac_0.png","https://www.midjourney.com/jobs/7bd9cdff-6b1c-421b-8a9a-21d389df2eac?index=0","tram, interior design, organic shapes, ecology"
"6B_13.png","ewaa_g_tram_interior_design_organic_shapes_ecology_9e3a33b0-9ed3-455e-aeda-f73b6ef8c94f_0.png","https://www.midjourney.com/jobs/9e3a33b0-9ed3-455e-aeda-f73b6ef8c94f?index=0","tram, interior design, organic shapes, ecology"
"6B_14.png","ewaa_g_tram_interior_design_organic_shapes_ecology_57777921-4871-4742-ac8c-a3ea1ccb9ecf_1.png","https://www.midjourney.com/jobs/57777921-4871-4742-ac8c-a3ea1ccb9ecf?index=1","tram, interior design, organic shapes, ecology"
"6B_15.png","ewaa_g_tram_interior_design_organic_shapes_ecology_57777921-4871-4742-ac8c-a3ea1ccb9ecf_0.png","https://www.midjourney.com/jobs/57777921-4871-4742-ac8c-a3ea1ccb9ecf?index=0","tram, interior design, organic shapes, ecology"
"6B_16.png","ewaa_g_tram_interior_design_organic_shapes_ecology_57777921-4871-4742-ac8c-a3ea1ccb9ecf_2.png","https://www.midjourney.com/jobs/57777921-4871-4742-ac8c-a3ea1ccb9ecf?index=2","tram, interior design, organic shapes, ecology"
"6B_17.png","ewaa_g_tram_interior_design_organic_shapes_ecology_f3c46d9b-f393-4ee0-bce5-7be3ebdd4140_0.png","https://www.midjourney.com/jobs/f3c46d9b-f393-4ee0-bce5-7be3ebdd4140?index=0","tram, interior design, organic shapes, ecology"
"6B_18.png","ewaa_g_tram_interior_modern_colourful_ac5f70e6-7c27-41fc-ae0d-cc05ab8d76af_0.png","https://www.midjourney.com/jobs/ac5f70e6-7c27-41fc-ae0d-cc05ab8d76af?index=0","tram, interior, modern, colourful,"
"6B_19.png","ewaa_g_tram_modern_style_big_windows_3fd9f12e-f7b7-4e0e-bc5d-50c68acc93f3_2.png","https://www.midjourney.com/jobs/3fd9f12e-f7b7-4e0e-bc5d-50c68acc93f3?index=2","tram, modern style, big windows,"
"7A_11.png","ewaa_g_interior_tram_stained_glass_colorful_glass_white_uphol_89f076ac-3ca7-44ce-af07-c1c473fdc174_0.png","https://www.midjourney.com/jobs/89f076ac-3ca7-44ce-af07-c1c473fdc174?index=0","interior, tram, stained glass, colorful glass, white upholstery, chrome handles, calm, aesthetics, geometrical, minimalistic"
"7A_12.png","ewaa_g_interior_tram_stained_glass_colorful_glass_white_uphol_a8255ce8-6f27-4774-88fa-e56e026779a5_0.png","https://www.midjourney.com/jobs/a8255ce8-6f27-4774-88fa-e56e026779a5?index=0","interior, tram, stained glass, colorful glass, white upholstery, chrome handles, calm, aesthetics, geometrical, minimalistic"
"7A_13.png","ewaa_g_interior_tram_stained_glass_colorful_glass_white_uphol_363e75ed-a8e3-4a1c-8538-4dc5707f0394_0.png","https://www.midjourney.com/jobs/363e75ed-a8e3-4a1c-8538-4dc5707f0394?index=0","interior, tram, stained glass, colorful glass, white upholstery, chrome handles, calm, aesthetics, geometrical, minimalistic"
"7A_14.png","ewaa_g_interior_tram_stained_glass_colorful_glass_white_uphol_363e75ed-a8e3-4a1c-8538-4dc5707f0394_1.png","https://www.midjourney.com/jobs/363e75ed-a8e3-4a1c-8538-4dc5707f0394?index=1","interior, tram, stained glass, colorful glass, white upholstery, chrome handles, calm, aesthetics, geometrical, minimalistic"
"7A_15.png","ewaa_g_tram_interior_stained_glass_colorful_glass_monochrome__228cd2ad-305f-4e81-b9a1-31bed5b69f7a_0.png","https://www.midjourney.com/jobs/228cd2ad-305f-4e81-b9a1-31bed5b69f7a?index=0","tram, interior, stained glass, colorful glass, monochrome upholstery, modern"
"7A_16.png","ewaa_g_tram_interior_stained_glass_colorful_glass_monochrome__0842d132-5d1b-4c3b-b886-61630298c66f_3.png","https://www.midjourney.com/jobs/0842d132-5d1b-4c3b-b886-61630298c66f?index=3","tram, interior, stained glass, colorful glass, monochrome upholstery, modern"
"7A_17.png","ewaa_g_tram_interior_stained_glass_colorful_glass_monochrome__648b9dad-e9e8-4999-b2ac-8b9ebee05ddd_3.png","https://www.midjourney.com/jobs/648b9dad-e9e8-4999-b2ac-8b9ebee05ddd?index=3","tram, interior, stained glass, colorful glass, monochrome upholstery, modern"
"7A_18.png","ewaa_g_tram_interior_stained_glass_colorful_glass_monochrome__69c63d4a-4a94-41a9-80dc-9017088df4e6_3.png","https://www.midjourney.com/jobs/69c63d4a-4a94-41a9-80dc-9017088df4e6?index=3","tram, interior, stained glass, colorful glass, monochrome upholstery, modern"
"7A_19.png","ewaa_g_tram_interior_stained_glass_colorful_glass_monochrome__97649578-8944-4d40-b58c-17d8722b64ce_3.png","https://www.midjourney.com/jobs/97649578-8944-4d40-b58c-17d8722b64ce?index=3","tram, interior, stained glass, colorful glass, monochrome upholstery, modern"
"7A_20.png","ewaa_g_tram_interior_stained_glass_colorful_glass_monochrome__69c63d4a-4a94-41a9-80dc-9017088df4e6_2.png","https://www.midjourney.com/jobs/69c63d4a-4a94-41a9-80dc-9017088df4e6?index=2","tram, interior, stained glass, colorful glass, monochrome upholstery, modern"
"7B_11.png","ewaa_g_tram_metro_interior_modern_comfortable_white_led_irreg_5306c7c8-ec9e-4f2b-a21d-5d275e633ffa_0.png","https://www.midjourney.com/jobs/5306c7c8-ec9e-4f2b-a21d-5d275e633ffa?index=0","tram metro interior modern comfortable white led irregular seats organic shapes"
"7B_12.png","ewaa_g_tram_modern_minimalistic_window_space_metal_natral_lig_168fc947-ed24-439e-9117-aefc8eebc9bc_0.png","https://www.midjourney.com/jobs/168fc947-ed24-439e-9117-aefc8eebc9bc?index=0","tram modern minimalistic window space metal natral light comfortable seats"
"7C_11.png","ewaa_g_interior_tram_high_design_abstract_forms_geometrical_c_9dadc73e-2a9a-44a7-a774-e7b8ae837122_0.png","https://www.midjourney.com/jobs/9dadc73e-2a9a-44a7-a774-e7b8ae837122?index=0","interior, tram, high, design, abstract, forms, geometrical, chrome, elegant, silver, vibe, aesthetic"
"7C_12.png","ewaa_g_interior_tram_high_design_abstract_forms_geometrical_c_e73a71db-1c43-45f1-94c6-be500b7d242c_2.png","https://www.midjourney.com/jobs/e73a71db-1c43-45f1-94c6-be500b7d242c?index=2","interior, tram, high, design, abstract, forms, geometrical, chrome, elegant, silver, vibe, aesthetic"
"7C_13.png","ewaa_g_tram_interior_glass_window_color_jacquemus_rectangle_c_8d9c6da4-51b6-4f79-b884-6c22d9a080a2_0.png","https://www.midjourney.com/jobs/8d9c6da4-51b6-4f79-b884-6c22d9a080a2?index=0","tram, interior, glass, window color, jacquemus, rectangle, circle, fashion"
"7C_14.png","ewaa_g_tram_interior_glass_window_color_jacquemus_rectangle_c_11de17aa-a949-40c4-8739-9c138f6b778a_0.png","https://www.midjourney.com/jobs/11de17aa-a949-40c4-8739-9c138f6b778a?index=0","tram, interior, glass, window color, jacquemus, rectangle, circle, fashion"
"7C_15.png","ewaa_g_tram_interior_glass_window_color_jacquemus_rectangle_c_34a5b6a6-9879-4cce-a74f-ab76b53b641e_0.png","https://www.midjourney.com/jobs/34a5b6a6-9879-4cce-a74f-ab76b53b641e?index=0","tram, interior, glass, window color, jacquemus, rectangle, circle, fashion"
"7C_16.png","ewaa_g_tram_interior_glass_window_color_jacquemus_rectangle_c_50eb4aab-c16f-4493-96dc-13d77aa344f7_0.png","https://www.midjourney.com/jobs/50eb4aab-c16f-4493-96dc-13d77aa344f7?index=0","tram, interior, glass, window color, jacquemus, rectangle, circle, fashion"
"7C_17.png","ewaa_g_tram_interior_glass_window_color_jacquemus_rectangle_c_8c723128-45cc-49df-b06c-656aab2321c3_0.png","https://www.midjourney.com/jobs/8c723128-45cc-49df-b06c-656aab2321c3?index=0","tram, interior, glass, window color, jacquemus, rectangle, circle, fashion"
"7C_18.png","ewaa_g_tram_interior_glass_window_color_jacquemus_rectangle_c_204d1e1c-3bea-4431-ad82-ebb29bc4dfa7_0.png","https://www.midjourney.com/jobs/204d1e1c-3bea-4431-ad82-ebb29bc4dfa7?index=0","tram, interior, glass, window color, jacquemus, rectangle, circle, fashion"
"7C_19.png","ewaa_g_tram_interior_glass_window_color_jacquemus_rectangle_c_8c723128-45cc-49df-b06c-656aab2321c3_3.png","https://www.midjourney.com/jobs/8c723128-45cc-49df-b06c-656aab2321c3?index=3","tram, interior, glass, window color, jacquemus, rectangle, circle, fashion"
"7C_20.png","ewaa_g_tram_interior_glass_window_color_jacquemus_rectangle_c_a9ea67e2-c530-4da5-8534-9ce0602a5a49_0.png","https://www.midjourney.com/jobs/a9ea67e2-c530-4da5-8534-9ce0602a5a49?index=0","tram, interior, glass, window color, jacquemus, rectangle, circle, fashion"
"8A_11.jpg","visualsketchbook_exterioir_of_a_futuristic_tram_inspired_cosm_3ac4a833-930d-484e-b052-21128f11e881_0.png","https://www.midjourney.com/jobs/3ac4a833-930d-484e-b052-21128f11e881?index=0","exterioir of a futuristic tram inspired cosmos space"
"8A_12.jpg","visualsketchbook_interior_of_the_tram_inspired_by_speed_and_f_3bdcef94-f97e-466b-9f46-33b11304f2d0_0.png","https://www.midjourney.com/jobs/3bdcef94-f97e-466b-9f46-33b11304f2d0?index=0","interior of the tram inspired by speed and futuristic cosmos space"
"8A_13.jpg","visualsketchbook_interior_of_the_tram_inspired_by_speed_and_f_00d0a390-4fce-47d6-8540-61c48f171d23_0.png","https://www.midjourney.com/jobs/00d0a390-4fce-47d6-8540-61c48f171d23?index=0","interior of the tram inspired by speed and futuristic cosmos space"
"8A_14.jpg","visualsketchbook_interior_of_the_tram_inspired_by_speed_and_f_60d576e4-5928-4c34-a760-6bc6f5057506_1.png","https://www.midjourney.com/jobs/60d576e4-5928-4c34-a760-6bc6f5057506?index=1","interior of the tram inspired by speed and futuristic cosmos space"
"8A_15.jpg","visualsketchbook_interior_of_the_tram_inspired_by_speed_and_f_60d576e4-5928-4c34-a760-6bc6f5057506_2.png","https://www.midjourney.com/jobs/60d576e4-5928-4c34-a760-6bc6f5057506?index=2","interior of the tram inspired by speed and futuristic cosmos space"
"8A_16.jpg","visualsketchbook_exterioir_of_a_futuristic_tram_inspired_cosm_11eb1465-8c52-4d51-ada4-706a8fefcec9_0.png","https://www.midjourney.com/jobs/11eb1465-8c52-4d51-ada4-706a8fefcec9?index=0","exterioir of a futuristic tram inspired cosmos space"
"8A_17.jpg","visualsketchbook_light_projections_inside_the_tram_inspired_b_242d4015-40d0-41ac-8975-db9d6084463f_0.png","https://www.midjourney.com/jobs/242d4015-40d0-41ac-8975-db9d6084463f?index=0","light projections inside the tram inspired by space and stars"
"8A_18.jpg","visualsketchbook_interior_of_the_tram_inspired_by_speed_and_f_703f7a86-4c50-4944-958e-d0a689eeb147_2.png","https://www.midjourney.com/jobs/703f7a86-4c50-4944-958e-d0a689eeb147?index=2","interior of the tram inspired by speed and futuristic cosmos space"
"8A_19.jpg","visualsketchbook_exterior_of_the_tram_inspired_by_speed_and_f_12162be6-53dd-4efb-bcc8-64d17c0ae751_0.png","https://www.midjourney.com/jobs/12162be6-53dd-4efb-bcc8-64d17c0ae751?index=0","exterior of the tram inspired by speed and futuristic cosmos space"
"8A_20.jpg","visualsketchbook_light_projections_inside_the_tram_inspired_b_4b012fed-0417-4727-b774-10efcc1264e0_1.png","https://www.midjourney.com/jobs/4b012fed-0417-4727-b774-10efcc1264e0?index=1","light projections inside the tram inspired by space and stars"
"8B_11.jpg","visualsketchbook_colorfull_play_of_light_inside_tram_futurist_063cf969-83bf-4a07-b8a3-5851d50bd75e_1.png","https://www.midjourney.com/jobs/063cf969-83bf-4a07-b8a3-5851d50bd75e?index=1","colorfull play of light inside tram, futuristic, inspire by cosmos"
"8B_12.jpg","visualsketchbook_colorfull_play_of_light_inside_tram_futurist_13539ed4-e09c-4f2b-8959-163aae47506d_0.png","https://www.midjourney.com/jobs/13539ed4-e09c-4f2b-8959-163aae47506d?index=0","colorfull play of light inside tram, futuristic, inspire by cosmos"
"8B_13.jpg","visualsketchbook_colorfull_play_of_light_inside_tram_futurist_757d42ef-cad6-442a-9a80-3f793a6fe4da_3.png","https://www.midjourney.com/jobs/757d42ef-cad6-442a-9a80-3f793a6fe4da?index=3","colorfull play of light inside tram, futuristic, inspire by cosmos"
"8B_14.jpg","visualsketchbook_colorfull_play_of_light_inside_tram_futurist_df396d49-028f-4194-823a-6a4866254d2b_0.png","https://www.midjourney.com/jobs/df396d49-028f-4194-823a-6a4866254d2b?index=0","colorfull play of light inside tram, futuristic, inspire by cosmos"
"8B_15.jpg","visualsketchbook_futuristic_tram_interior_with_organic_light__1daf9cd9-b13c-49af-8f03-659e159b5eb7_0.png","https://www.midjourney.com/jobs/1daf9cd9-b13c-49af-8f03-659e159b5eb7?index=0","futuristic tram interior with organic light, cyberpank, cosmos"
"8B_16.jpg","visualsketchbook_futuristic_tram_interior_with_organic_light__23d30b7d-e75d-40ce-a142-fb4e35a195e6_0.png","https://www.midjourney.com/jobs/23d30b7d-e75d-40ce-a142-fb4e35a195e6?index=0","futuristic tram interior with organic light, cyberpank, cosmos"
"8B_17.jpg","visualsketchbook_TRAM_INTERIOR_INSPIRED_BY_COSMOS_SPACE_1dc49e7c-5238-4222-a2da-2edaf8587f2a_0.png","https://www.midjourney.com/jobs/1dc49e7c-5238-4222-a2da-2edaf8587f2a?index=0","TRAM INTERIOR INSPIRED BY COSMOS SPACE"
"8B_18.jpg","visualsketchbook_TRAM_INTERIOR_INSPIRED_BY_COSMOS_SPACE_5709e8ce-83cf-4066-b4ea-9f59c55b0463_0.png","https://www.midjourney.com/jobs/5709e8ce-83cf-4066-b4ea-9f59c55b0463?index=0","TRAM INTERIOR INSPIRED BY COSMOS SPACE"
"8B_19.jpg","visualsketchbook_TRAM_INTERIOR_INSPIRED_BY_COSMOS_SPACE_58e70731-53b8-447c-af23-8b122014f8a6_0.png","https://www.midjourney.com/jobs/58e70731-53b8-447c-af23-8b122014f8a6?index=0","TRAM INTERIOR INSPIRED BY COSMOS SPACE"
"8B_20.jpg","visualsketchbook_TRAM_INTERIOR_INSPIRED_BY_COSMOS_SPACE_5af2e39c-390d-413c-ac31-37b5a80b4870_2.png","https://www.midjourney.com/jobs/5af2e39c-390d-413c-ac31-37b5a80b4870?index=2","TRAM INTERIOR INSPIRED BY COSMOS SPACE"
"9A_11.png","visualsketchbook_futuristic_tram_streamlined_cozy_piet_mondia_4a67ce57-b8f9-4670-9c1c-2fcf704bce0c_0.png","https://www.midjourney.com/jobs/4a67ce57-b8f9-4670-9c1c-2fcf704bce0c?index=0","futuristic tram streamlined cozy, piet mondian inspired, handrails, seats, colourful, fast, night scene, lights, unique design"
"9A_12.png","visualsketchbook_minimalistic_tram_interior_and_exterior_desi_439b52ee-98d8-49e7-9810-e18435841b36_0.png","https://www.midjourney.com/jobs/439b52ee-98d8-49e7-9810-e18435841b36?index=0","minimalistic tram interior and exterior design organic architectural forms, modern materials, natural, organic handrails and setas, toned colours, glass"
"9A_13.png","visualsketchbook_minimalistic_tram_interior_and_exterior_desi_5584e914-6bdc-40c6-91cd-6cb77ea12d5a_0.png","https://www.midjourney.com/jobs/5584e914-6bdc-40c6-91cd-6cb77ea12d5a?index=0","minimalistic tram interior and exterior design organic architectural forms, modern materials, natural, organic handrails and setas, toned colours, glass"
"9A_14.png","visualsketchbook_minimalistic_tram_interior_and_exterior_desi_c38ed139-07c1-4d69-ba06-acf6d82baf09_2.png","https://www.midjourney.com/jobs/c38ed139-07c1-4d69-ba06-acf6d82baf09?index=2","minimalistic tram interior and exterior design organic architectural forms, modern materials, natural, organic handrails and setas, toned colours, glass"
"9A_15.png","visualsketchbook_tram_exterior_natural_organic_shapes_big_win_4c3588f7-8ac5-4703-87a5-0528595ad3ea_0.png","https://www.midjourney.com/jobs/4c3588f7-8ac5-4703-87a5-0528595ad3ea?index=0","tram exterior, natural, organic shapes, big windows, fast, streamlined, toned colours, city"
"9A_16.png","visualsketchbook_tram_exterior_natural_organic_shapes_big_win_71b59c97-4448-4310-8e25-cf0502a185f8_1.png","https://www.midjourney.com/jobs/71b59c97-4448-4310-8e25-cf0502a185f8?index=1","tram exterior, natural, organic shapes, big windows, fast, streamlined, toned colours, city"
"9A_17.png","visualsketchbook_tram_interior__interesting_modern_complicate_895758f0-07ec-4526-b09b-dc765c5859d3_1.png","https://www.midjourney.com/jobs/895758f0-07ec-4526-b09b-dc765c5859d3?index=1","tram interior , interesting, modern, complicated shapes, interesting lightning, big windows , handrails and cozy seats"
"9A_18.png","visualsketchbook_tram_interior__interesting_modern_complicate_2b8252a3-8465-4441-864d-61414b29b74e_3.png","https://www.midjourney.com/jobs/2b8252a3-8465-4441-864d-61414b29b74e?index=3","tram interior , interesting, modern, complicated shapes, interesting lightning, big windows , handrails and cozy seats"
"9A_19.png","visualsketchbook_tram_interior_fast_unique_forms_toned_colour_050ffe7e-c79b-4273-9683-2cc1f86f08c7_0.png","https://www.midjourney.com/jobs/050ffe7e-c79b-4273-9683-2cc1f86f08c7?index=0","tram interior, fast, unique forms, toned colours, wood, water, metal, light accent"
"9B_11.png","visualsketchbook_super_fast_and_futuristic_modern_tram_spacio_35569c1c-7ab4-4268-aafc-e1a48ef6daf6_2.png","https://www.midjourney.com/jobs/35569c1c-7ab4-4268-aafc-e1a48ef6daf6?index=2","super fast and futuristic modern tram spacious inside lots of seats big windows natural colors and wood"
"9B_12.png","visualsketchbook_super_fast_and_futuristic_modern_tram_spacio_35569c1c-7ab4-4268-aafc-e1a48ef6daf6_1.png","https://www.midjourney.com/jobs/35569c1c-7ab4-4268-aafc-e1a48ef6daf6?index=1","super fast and futuristic modern tram spacious inside lots of seats big windows natural colors and wood"
"9B_13.png","visualsketchbook_futuristic_modern_and_fast_tram_being_an_art_7bba5d35-d17c-469f-8ca5-e7cf360ca12e_0.png","https://www.midjourney.com/jobs/7bba5d35-d17c-469f-8ca5-e7cf360ca12e?index=0","futuristic modern and fast tram being an art performance lots of glass and metal soacious interior many seats"
"9B_14.png","visualsketchbook_futuristic_modern_and_fast_tram_being_an_art_35d63e91-7f0e-49bc-b7c9-f08689704c2c_0.png","https://www.midjourney.com/jobs/35d63e91-7f0e-49bc-b7c9-f08689704c2c?index=0","futuristic modern and fast tram being an art performance lots of glass and metal soacious interior many seats"
"9B_15.png","visualsketchbook_modern_futuristic_tram_ecologic_economic_ins_8d5a5a6a-1dec-4ff8-8621-7d1c3defe85a_0.png","https://www.midjourney.com/jobs/8d5a5a6a-1dec-4ff8-8621-7d1c3defe85a?index=0","modern futuristic tram ecologic economic inspired by nature wooden elements use of glass and metal fast"
"9B_16.png","visualsketchbook_modern_futuristic_tram_ecologic_economic_ins_c520fc13-c728-414f-99b4-f5cb6224763a_2.png","https://www.midjourney.com/jobs/c520fc13-c728-414f-99b4-f5cb6224763a?index=2","modern futuristic tram ecologic economic inspired by nature wooden elements use of glass and metal fast"
"9B_17.png","visualsketchbook_modern_futuristic_tram_super_fast_and_obliqu_0ee95217-5305-45c1-9a6b-6065b0c411e7_0.png","https://www.midjourney.com/jobs/0ee95217-5305-45c1-9a6b-6065b0c411e7?index=0","modern futuristic tram super fast and oblique in city extraordinary two floors economic ecofriendly independent stylish and new"
