[PL] Sygnatura czasowa,[EN] Timestamp,"[PL] Ankieta jest skierowana do ekspertów z branż kreatywnych, takich jak architektura, architektura wnętrz, wzornictwo lub pokrewne dziedziny. Czy jest Pan/Pani zawodowo związany/a z jedną z tych dziedzin?","[EN] The survey is addressed to experts in creative industries such as architecture, interior architecture, design, or related fields. Are you professionally connected to one of these fields?",[PL] Czy zapoznał/a się Pan/Pani ze wszystkimi obrazkami?,[EN] Have you reviewed all the images?,"[PL] 2.1.1. Proszę ocenić projekt nr 1 pod względem...

Oceń w skali 1-5 (1-bardzo słabo, 2-słabo, 3-przeciętnie, 4-dobrze, 5-bardzo dobrze)

PROJEKT NR 1 [innowacyjności rozwiązań]","[EN] 2.1.1 Please rate project no. 1 in terms of...Rate on a scale 1-5 (1-very poor, 2-poor, 3-average, 4-good, 5-very good)Project NO. 1 [solution innovativeness]","[PL] 2.1.1. Proszę ocenić projekt nr 1 pod względem...

Oceń w skali 1-5 (1-bardzo słabo, 2-słabo, 3-przeciętnie, 4-dobrze, 5-bardzo dobrze)

PROJEKT NR 1 [estetyki tramwaju]","[EN] 2.1.1 Please rate project no. 1 in terms of...Rate on a scale 1-5 (1-very poor, 2-poor, 3-average, 4-good, 5-very good)Project NO. 1 [tram aesthetics]","[PL] 2.1.1. Proszę ocenić projekt nr 1 pod względem...

Oceń w skali 1-5 (1-bardzo słabo, 2-słabo, 3-przeciętnie, 4-dobrze, 5-bardzo dobrze)

PROJEKT NR 1 [wartości projektowej]","[EN] 2.1.1 Please rate project no. 1 in terms of...Rate on a scale 1-5 (1-very poor, 2-poor, 3-average, 4-good, 5-very good)Project NO. 1 [project value]","[PL] 2.1.2. Proszę ocenić, czy PROJEKT NR 1 zaskakuje kreatywnym podejściem i oryginalnością, czy też wydaje się mało innowacyjny i przewidywalny.


Oceń w skali, gdzie:

1 – oznacza brak zaskoczenia, przewidywalne rozwiązanie; 
5 – oznacza bardzo zaskakujące, oryginalne podejście","[EN] 2.1.2 Please rate whether PROJECT NO. 1 surprises with a creative approach and originality or if it seems to be predictable and have little innovation.Rate on a scale where:1 - means no surprise, predictable; 5 - means very surprising, original approach","[PL] 2.2.1. Proszę ocenić projekt nr 2 pod względem...

Oceń w skali 1-5 (1-bardzo słabo, 2-słabo, 3-przeciętnie, 4-dobrze, 5-bardzo dobrze)

PROJEKT NR 2 [innowacyjności rozwiązań]","[EN] 2.2.1 Please rate project no. 2 in terms of...Rate on a scale 1-5 (1-very poor, 2-poor, 3-average, 4-good, 5-very good)Project NO. 2 [solution innovativeness]","[PL] 2.2.1. Proszę ocenić projekt nr 2 pod względem...

Oceń w skali 1-5 (1-bardzo słabo, 2-słabo, 3-przeciętnie, 4-dobrze, 5-bardzo dobrze)

PROJEKT NR 2 [estetyki tramwaju]","[EN] 2.2.1 Please rate project no. 2 in terms of...Rate on a scale 1-5 (1-very poor, 2-poor, 3-average, 4-good, 5-very good)Project NO. 2 [tram aesthetics]","[PL] 2.2.1. Proszę ocenić projekt nr 2 pod względem...

Oceń w skali 1-5 (1-bardzo słabo, 2-słabo, 3-przeciętnie, 4-dobrze, 5-bardzo dobrze)

PROJEKT NR 2 [wartości projektowej]","[EN] 2.2.1 Please rate project no. 2 in terms of...Rate on a scale 1-5 (1-very poor, 2-poor, 3-average, 4-good, 5-very good)Project NO. 2 [project value]","[PL] 2.2.2. Proszę ocenić, czy PROJEKT NR 2 zaskakuje kreatywnym podejściem i oryginalnością, czy też wydaje się mało innowacyjny i przewidywalny.


Oceń w skali, gdzie:

1 – oznacza brak zaskoczenia, przewidywalne rozwiązanie; 
5 – oznacza bardzo zaskakujące, oryginalne podejście","[EN] 2.2.2 Please rate whether PROJECT NO. 2 surprises with a creative approach and originality or if it seems to be predictable and have little innovation.Rate on a scale where:1 - means no surprise, predictable; 5 - means very surprising, original approach","[PL] 2.3.1. Proszę ocenić projekt nr 3 pod względem...

Oceń w skali 1-5 (1-bardzo słabo, 2-słabo, 3-przeciętnie, 4-dobrze, 5-bardzo dobrze)

PROJEKT NR 3 [innowacyjności rozwiązań]","[EN] 2.3.1 Please rate project no. 3 in terms of...Rate on a scale 1-5 (1-very poor, 2-poor, 3-average, 4-good, 5-very good)Project NO. 3 [solution innovativeness]","[PL] 2.3.1. Proszę ocenić projekt nr 3 pod względem...

Oceń w skali 1-5 (1-bardzo słabo, 2-słabo, 3-przeciętnie, 4-dobrze, 5-bardzo dobrze)

PROJEKT NR 3 [estetyki tramwaju]","[EN] 2.3.1 Please rate project no. 3 in terms of...Rate on a scale 1-5 (1-very poor, 2-poor, 3-average, 4-good, 5-very good)Project NO. 3 [tram aesthetics]","[PL] 2.3.1. Proszę ocenić projekt nr 3 pod względem...

Oceń w skali 1-5 (1-bardzo słabo, 2-słabo, 3-przeciętnie, 4-dobrze, 5-bardzo dobrze)

PROJEKT NR 3 [wartości projektowej]","[EN] 2.3.1 Please rate project no. 3 in terms of...Rate on a scale 1-5 (1-very poor, 2-poor, 3-average, 4-good, 5-very good)Project NO. 3 [project value]","[PL] 2.3.2. Proszę ocenić, czy PROJEKT NR 3 zaskakuje kreatywnym podejściem i oryginalnością, czy też wydaje się mało innowacyjny i przewidywalny.


Oceń w skali, gdzie:

1 – oznacza brak zaskoczenia, przewidywalne rozwiązanie; 
5 – oznacza bardzo zaskakujące, oryginalne podejście","[EN] 2.3.2 Please rate whether PROJECT NO. 3 surprises with a creative approach and originality or if it seems to be predictable and have little innovation.Rate on a scale where:1 - means no surprise, predictable; 5 - means very surprising, original approach","[PL] 2.4.1. Proszę ocenić projekt nr 4 pod względem...

Oceń w skali 1-5 (1-bardzo słabo, 2-słabo, 3-przeciętnie, 4-dobrze, 5-bardzo dobrze)

PROJEKT NR 4 [innowacyjności rozwiązań]","[EN] 2.4.1 Please rate project no. 4 in terms of...Rate on a scale 1-5 (1-very poor, 2-poor, 3-average, 4-good, 5-very good)Project NO. 4 [solution innovativeness]","[PL] 2.4.1. Proszę ocenić projekt nr 4 pod względem...

Oceń w skali 1-5 (1-bardzo słabo, 2-słabo, 3-przeciętnie, 4-dobrze, 5-bardzo dobrze)

PROJEKT NR 4 [estetyki tramwaju]","[EN] 2.4.1 Please rate project no. 4 in terms of...Rate on a scale 1-5 (1-very poor, 2-poor, 3-average, 4-good, 5-very good)Project NO. 4 [tram aesthetics]","[PL] 2.4.1. Proszę ocenić projekt nr 4 pod względem...

Oceń w skali 1-5 (1-bardzo słabo, 2-słabo, 3-przeciętnie, 4-dobrze, 5-bardzo dobrze)

PROJEKT NR 4 [wartości projektowej]","[EN] 2.4.1 Please rate project no. 4 in terms of...Rate on a scale 1-5 (1-very poor, 2-poor, 3-average, 4-good, 5-very good)Project NO. 4 [project value]","[PL] 2.4.2. Proszę ocenić, czy PROJEKT NR 4 zaskakuje kreatywnym podejściem i oryginalnością, czy też wydaje się mało innowacyjny i przewidywalny.


Oceń w skali, gdzie:

1 – oznacza brak zaskoczenia, przewidywalne rozwiązanie; 
5 – oznacza bardzo zaskakujące, oryginalne podejście","[EN] 2.4.2 Please rate whether PROJECT NO. 4 surprises with a creative approach and originality or if it seems to be predictable and have little innovation.Rate on a scale where:1 - means no surprise, predictable; 5 - means very surprising, original approach","[PL] 2.5.1. Proszę ocenić projekt nr 5 pod względem...

Oceń w skali 1-5 (1-bardzo słabo, 2-słabo, 3-przeciętnie, 4-dobrze, 5-bardzo dobrze)

PROJEKT NR 5 [innowacyjności rozwiązań]","[EN] 2.5.1 Please rate project no. 5 in terms of...Rate on a scale 1-5 (1-very poor, 2-poor, 3-average, 4-good, 5-very good)Project NO. 5 [solution innovativeness]","[PL] 2.5.1. Proszę ocenić projekt nr 5 pod względem...

Oceń w skali 1-5 (1-bardzo słabo, 2-słabo, 3-przeciętnie, 4-dobrze, 5-bardzo dobrze)

PROJEKT NR 5 [estetyki tramwaju]","[EN] 2.5.1 Please rate project no. 5 in terms of...Rate on a scale 1-5 (1-very poor, 2-poor, 3-average, 4-good, 5-very good)Project NO. 5 [tram aesthetics]","[PL] 2.5.1. Proszę ocenić projekt nr 5 pod względem...

Oceń w skali 1-5 (1-bardzo słabo, 2-słabo, 3-przeciętnie, 4-dobrze, 5-bardzo dobrze)

PROJEKT NR 5 [wartości projektowej]","[EN] 2.5.1 Please rate project no. 5 in terms of...Rate on a scale 1-5 (1-very poor, 2-poor, 3-average, 4-good, 5-very good)Project NO. 5 [project value]","[PL] 2.5.2. Proszę ocenić, czy PROJEKT NR 5 zaskakuje kreatywnym podejściem i oryginalnością, czy też wydaje się mało innowacyjny i przewidywalny.


Oceń w skali, gdzie:

1 – oznacza brak zaskoczenia, przewidywalne rozwiązanie; 
5 – oznacza bardzo zaskakujące, oryginalne podejście","[EN] 2.5.2 Please rate whether PROJECT NO. 5 surprises with a creative approach and originality or if it seems to be predictable and have little innovation.Rate on a scale where:1 - means no surprise, predictable; 5 - means very surprising, original approach","[PL] 2.6.1. Proszę ocenić projekt nr 6 pod względem...

Oceń w skali 1-5 (1-bardzo słabo, 2-słabo, 3-przeciętnie, 4-dobrze, 5-bardzo dobrze)

PROJEKT NR 6 [innowacyjności rozwiązań]","[EN] 2.6.1 Please rate project no. 6 in terms of...Rate on a scale 1-5 (1-very poor, 2-poor, 3-average, 4-good, 5-very good)Project NO. 6 [solution innovativeness]","[PL] 2.6.1. Proszę ocenić projekt nr 6 pod względem...

Oceń w skali 1-5 (1-bardzo słabo, 2-słabo, 3-przeciętnie, 4-dobrze, 5-bardzo dobrze)

PROJEKT NR 6 [estetyki tramwaju]","[EN] 2.6.1 Please rate project no. 6 in terms of...Rate on a scale 1-5 (1-very poor, 2-poor, 3-average, 4-good, 5-very good)Project NO. 6 [tram aesthetics]","[PL] 2.6.1. Proszę ocenić projekt nr 6 pod względem...

Oceń w skali 1-5 (1-bardzo słabo, 2-słabo, 3-przeciętnie, 4-dobrze, 5-bardzo dobrze)

PROJEKT NR 6 [wartości projektowej]","[EN] 2.6.1 Please rate project no. 6 in terms of...Rate on a scale 1-5 (1-very poor, 2-poor, 3-average, 4-good, 5-very good)Project NO. 6 [project value]","[PL] 2.6.2. Proszę ocenić, czy PROJEKT NR 6 zaskakuje kreatywnym podejściem i oryginalnością, czy też wydaje się mało innowacyjny i przewidywalny.


Oceń w skali, gdzie:

1 – oznacza brak zaskoczenia, przewidywalne rozwiązanie; 
5 – oznacza bardzo zaskakujące, oryginalne podejście","[EN] 2.6.2 Please rate whether PROJECT NO. 6 surprises with a creative approach and originality or if it seems to be predictable and have little innovation.Rate on a scale where:1 - means no surprise, predictable; 5 - means very surprising, original approach","[PL] 2.7.1. Proszę ocenić projekt nr 7 pod względem...

Oceń w skali 1-5 (1-bardzo słabo, 2-słabo, 3-przeciętnie, 4-dobrze, 5-bardzo dobrze)

PROJEKT NR 7 [innowacyjności rozwiązań]","[EN] 2.7.1 Please rate project no. 7 in terms of...Rate on a scale 1-5 (1-very poor, 2-poor, 3-average, 4-good, 5-very good)Project NO. 7 [solution innovativeness]","[PL] 2.7.1. Proszę ocenić projekt nr 7 pod względem...

Oceń w skali 1-5 (1-bardzo słabo, 2-słabo, 3-przeciętnie, 4-dobrze, 5-bardzo dobrze)

PROJEKT NR 7 [estetyki tramwaju]","[EN] 2.7.1 Please rate project no. 7 in terms of...Rate on a scale 1-5 (1-very poor, 2-poor, 3-average, 4-good, 5-very good)Project NO. 7 [tram aesthetics]","[PL] 2.7.1. Proszę ocenić projekt nr 7 pod względem...

Oceń w skali 1-5 (1-bardzo słabo, 2-słabo, 3-przeciętnie, 4-dobrze, 5-bardzo dobrze)

PROJEKT NR 7 [wartości projektowej]","[EN] 2.7.1 Please rate project no. 7 in terms of...Rate on a scale 1-5 (1-very poor, 2-poor, 3-average, 4-good, 5-very good)Project NO. 7 [project value]","[PL] 2.7.2. Proszę ocenić, czy PROJEKT NR 7 zaskakuje kreatywnym podejściem i oryginalnością, czy też wydaje się mało innowacyjny i przewidywalny.


Oceń w skali, gdzie:

1 – oznacza brak zaskoczenia, przewidywalne rozwiązanie; 
5 – oznacza bardzo zaskakujące, oryginalne podejście","[EN] 2.7.2 Please rate whether PROJECT NO. 7 surprises with a creative approach and originality or if it seems to be predictable and have little innovation.Rate on a scale where:1 - means no surprise, predictable; 5 - means very surprising, original approach","[PL] 2.8.1. Proszę ocenić projekt nr 8 pod względem...

Oceń w skali 1-5 (1-bardzo słabo, 2-słabo, 3-przeciętnie, 4-dobrze, 5-bardzo dobrze)

PROJEKT NR 8 [innowacyjności rozwiązań]","[EN] 2.8.1 Please rate project no. 8 in terms of...Rate on a scale 1-5 (1-very poor, 2-poor, 3-average, 4-good, 5-very good)Project NO. 8 [solution innovativeness]","[PL] 2.8.1. Proszę ocenić projekt nr 8 pod względem...

Oceń w skali 1-5 (1-bardzo słabo, 2-słabo, 3-przeciętnie, 4-dobrze, 5-bardzo dobrze)

PROJEKT NR 8 [estetyki tramwaju]","[EN] 2.8.1 Please rate project no. 8 in terms of...Rate on a scale 1-5 (1-very poor, 2-poor, 3-average, 4-good, 5-very good)Project NO. 8 [tram aesthetics]","[PL] 2.8.1. Proszę ocenić projekt nr 8 pod względem...

Oceń w skali 1-5 (1-bardzo słabo, 2-słabo, 3-przeciętnie, 4-dobrze, 5-bardzo dobrze)

PROJEKT NR 8 [wartości projektowej]","[EN] 2.8.1 Please rate project no. 8 in terms of...Rate on a scale 1-5 (1-very poor, 2-poor, 3-average, 4-good, 5-very good)Project NO. 8 [project value]","[PL] 2.8.2. Proszę ocenić, czy PROJEKT NR 8 zaskakuje kreatywnym podejściem i oryginalnością, czy też wydaje się mało innowacyjny i przewidywalny.


Oceń w skali, gdzie:

1 – oznacza brak zaskoczenia, przewidywalne rozwiązanie; 
5 – oznacza bardzo zaskakujące, oryginalne podejście","[EN] 2.8.2 Please rate whether PROJECT NO. 8 surprises with a creative approach and originality or if it seems to be predictable and have little innovation.Rate on a scale where:1 - means no surprise, predictable; 5 - means very surprising, original approach","[PL] 2.9.1. Proszę ocenić projekt nr 9 pod względem...

Oceń w skali 1-5 (1-bardzo słabo, 2-słabo, 3-przeciętnie, 4-dobrze, 5-bardzo dobrze)

PROJEKT NR 9 [innowacyjności rozwiązań]","[EN] 2.9.1 Please rate project no. 9 in terms of...Rate on a scale 1-5 (1-very poor, 2-poor, 3-average, 4-good, 5-very good)Project NO. 9 [solution innovativeness]","[PL] 2.9.1. Proszę ocenić projekt nr 9 pod względem...

Oceń w skali 1-5 (1-bardzo słabo, 2-słabo, 3-przeciętnie, 4-dobrze, 5-bardzo dobrze)

PROJEKT NR 9 [estetyki tramwaju]","[EN] 2.9.1 Please rate project no. 9 in terms of...Rate on a scale 1-5 (1-very poor, 2-poor, 3-average, 4-good, 5-very good)Project NO. 9 [tram aesthetics]","[PL] 2.9.1. Proszę ocenić projekt nr 9 pod względem...

Oceń w skali 1-5 (1-bardzo słabo, 2-słabo, 3-przeciętnie, 4-dobrze, 5-bardzo dobrze)

PROJEKT NR 9 [wartości projektowej]","[EN] 2.9.1 Please rate project no. 9 in terms of...Rate on a scale 1-5 (1-very poor, 2-poor, 3-average, 4-good, 5-very good)Project NO. 9 [project value]","[PL] 2.9.2. Proszę ocenić, czy PROJEKT NR 9 zaskakuje kreatywnym podejściem i oryginalnością, czy też wydaje się mało innowacyjny i przewidywalny.


Oceń w skali, gdzie:

1 – oznacza brak zaskoczenia, przewidywalne rozwiązanie; 
5 – oznacza bardzo zaskakujące, oryginalne podejście","[EN] 2.9.2 Please rate whether PROJECT NO. 9 surprises with a creative approach and originality or if it seems to be predictable and have little innovation.Rate on a scale where:1 - means no surprise, predictable; 5 - means very surprising, original approach","[PL] 2.10.1. Proszę ocenić projekt nr 10 pod względem...

Oceń w skali 1-5 (1-bardzo słabo, 2-słabo, 3-przeciętnie, 4-dobrze, 5-bardzo dobrze)

PROJEKT NR 10 [innowacyjności rozwiązań]","[EN] 2.10.1 Please rate project no. 10 in terms of...Rate on a scale 1-5 (1-very poor, 2-poor, 3-average, 4-good, 5-very good)Project NO. 10 [solution innovativeness]","[PL] 2.10.1. Proszę ocenić projekt nr 10 pod względem...

Oceń w skali 1-5 (1-bardzo słabo, 2-słabo, 3-przeciętnie, 4-dobrze, 5-bardzo dobrze)

PROJEKT NR 10 [estetyki tramwaju]","[EN] 2.10.1 Please rate project no. 10 in terms of...Rate on a scale 1-5 (1-very poor, 2-poor, 3-average, 4-good, 5-very good)Project NO. 10 [tram aesthetics]","[PL] 2.10.1. Proszę ocenić projekt nr 10 pod względem...

Oceń w skali 1-5 (1-bardzo słabo, 2-słabo, 3-przeciętnie, 4-dobrze, 5-bardzo dobrze)

PROJEKT NR 10 [wartości projektowej]","[EN] 2.10.1 Please rate project no. 10 in terms of...Rate on a scale 1-5 (1-very poor, 2-poor, 3-average, 4-good, 5-very good)Project NO. 10 [project value]","[PL] 2.10.2. Proszę ocenić, czy PROJEKT NR 10 zaskakuje kreatywnym podejściem i oryginalnością, czy też wydaje się mało innowacyjny i przewidywalny.


Oceń w skali, gdzie:

1 – oznacza brak zaskoczenia, przewidywalne rozwiązanie; 
5 – oznacza bardzo zaskakujące, oryginalne podejście","[EN] 2.10.2 Please rate whether PROJECT NO. 10 surprises with a creative approach and originality or if it seems to be predictable and have little innovation.Rate on a scale where:1 - means no surprise, predictable; 5 - means very surprising, original approach",[PL] 1.1. Płeć,[EN] 1.1. Gender,[PL] 1.2. Stopień zawodowy / naukowy,[EN] 1.2. Professional / Scientific degree,[PL] 1.3. Specjalizacja zawodowa (można zaznaczyć więcej niż jeden wybór),[EN] 1.3. Professional specialization (multiple choice),[PL] 1.4. Obszar działalności zawodowej (można zaznaczyć więcej niż jedną odpowiedź),[EN] 1.4. Professional field (multiple choice),[PL] 1.5. Staż pracy w zawodzie (w latach):,[EN] 1.5. Professional experience (years):,[PL] 1.6. Szukając inspiracji do projektowania najchętniej korzystam z:,[EN] 1.6. When looking for project inspiration I usually use:,"[PL] 2.11.1. Proszę ocenić projekt nr 11 pod względem...

Oceń w skali 1-5 (1-bardzo słabo, 2-słabo, 3-przeciętnie, 4-dobrze, 5-bardzo dobrze)

PROJEKT NR 11 [innowacyjności rozwiązań]","[EN] 2.11.1 Please rate project no. 11 in terms of...Rate on a scale 1-5 (1-very poor, 2-poor, 3-average, 4-good, 5-very good)Project NO. 11 [solution innovativeness]","[PL] 2.11.1. Proszę ocenić projekt nr 11 pod względem...

Oceń w skali 1-5 (1-bardzo słabo, 2-słabo, 3-przeciętnie, 4-dobrze, 5-bardzo dobrze)

PROJEKT NR 11 [estetyki tramwaju]","[EN] 2.11.1 Please rate project no. 11 in terms of...Rate on a scale 1-5 (1-very poor, 2-poor, 3-average, 4-good, 5-very good)Project NO. 11 [tram aesthetics]","[PL] 2.11.1. Proszę ocenić projekt nr 11 pod względem...

Oceń w skali 1-5 (1-bardzo słabo, 2-słabo, 3-przeciętnie, 4-dobrze, 5-bardzo dobrze)

PROJEKT NR 11 [wartości projektowej]","[EN] 2.11.1 Please rate project no. 11 in terms of...Rate on a scale 1-5 (1-very poor, 2-poor, 3-average, 4-good, 5-very good)Project NO. 11 [project value]","[PL] 2.11.2. Proszę ocenić, czy PROJEKT NR 11 zaskakuje kreatywnym podejściem i oryginalnością, czy też wydaje się mało innowacyjny i przewidywalny.


Oceń w skali, gdzie:

1 – oznacza brak zaskoczenia, przewidywalne rozwiązanie; 
5 – oznacza bardzo zaskakujące, oryginalne podejście","[EN] 2.11.2 Please rate whether PROJECT NO. 11 surprises with a creative approach and originality or if it seems to be predictable and have little innovation.Rate on a scale where:1 - means no surprise, predictable; 5 - means very surprising, original approach","[PL] 2.12.1. Proszę ocenić projekt nr 12 pod względem...

Oceń w skali 1-5 (1-bardzo słabo, 2-słabo, 3-przeciętnie, 4-dobrze, 5-bardzo dobrze)

PROJEKT NR 12 [innowacyjności rozwiązań]","[EN] 2.12.1 Please rate project no. 12 in terms of...Rate on a scale 1-5 (1-very poor, 2-poor, 3-average, 4-good, 5-very good)Project NO. 12 [solution innovativeness]","[PL] 2.12.1. Proszę ocenić projekt nr 12 pod względem...

Oceń w skali 1-5 (1-bardzo słabo, 2-słabo, 3-przeciętnie, 4-dobrze, 5-bardzo dobrze)

PROJEKT NR 12 [estetyki tramwaju]","[EN] 2.12.1 Please rate project no. 12 in terms of...Rate on a scale 1-5 (1-very poor, 2-poor, 3-average, 4-good, 5-very good)Project NO. 12 [tram aesthetics]","[PL] 2.12.1. Proszę ocenić projekt nr 12 pod względem...

Oceń w skali 1-5 (1-bardzo słabo, 2-słabo, 3-przeciętnie, 4-dobrze, 5-bardzo dobrze)

PROJEKT NR 12 [wartości projektowej]","[EN] 2.12.1 Please rate project no. 12 in terms of...Rate on a scale 1-5 (1-very poor, 2-poor, 3-average, 4-good, 5-very good)Project NO. 12 [project value]","[PL] 2.12.2. Proszę ocenić, czy PROJEKT NR 12 zaskakuje kreatywnym podejściem i oryginalnością, czy też wydaje się mało innowacyjny i przewidywalny.


Oceń w skali, gdzie:

1 – oznacza brak zaskoczenia, przewidywalne rozwiązanie; 
5 – oznacza bardzo zaskakujące, oryginalne podejście","[EN] 2.12.2 Please rate whether PROJECT NO. 12 surprises with a creative approach and originality or if it seems to be predictable and have little innovation.Rate on a scale where:1 - means no surprise, predictable; 5 - means very surprising, original approach","[PL] 2.13.1. Proszę ocenić projekt nr 13 pod względem...

Oceń w skali 1-5 (1-bardzo słabo, 2-słabo, 3-przeciętnie, 4-dobrze, 5-bardzo dobrze)

PROJEKT NR 13 [innowacyjności rozwiązań]","[EN] 2.13.1 Please rate project no. 13 in terms of...Rate on a scale 1-5 (1-very poor, 2-poor, 3-average, 4-good, 5-very good)Project NO. 13 [solution innovativeness]","[PL] 2.13.1. Proszę ocenić projekt nr 13 pod względem...

Oceń w skali 1-5 (1-bardzo słabo, 2-słabo, 3-przeciętnie, 4-dobrze, 5-bardzo dobrze)

PROJEKT NR 13 [estetyki tramwaju]","[EN] 2.13.1 Please rate project no. 13 in terms of...Rate on a scale 1-5 (1-very poor, 2-poor, 3-average, 4-good, 5-very good)Project NO. 13 [tram aesthetics]","[PL] 2.13.1. Proszę ocenić projekt nr 13 pod względem...

Oceń w skali 1-5 (1-bardzo słabo, 2-słabo, 3-przeciętnie, 4-dobrze, 5-bardzo dobrze)

PROJEKT NR 13 [wartości projektowej]","[EN] 2.13.1 Please rate project no. 13 in terms of...Rate on a scale 1-5 (1-very poor, 2-poor, 3-average, 4-good, 5-very good)Project NO. 13 [project value]","[PL] 2.13.2. Proszę ocenić, czy PROJEKT NR 14 zaskakuje kreatywnym podejściem i oryginalnością, czy też wydaje się mało innowacyjny i przewidywalny.


Oceń w skali, gdzie:

1 – oznacza brak zaskoczenia, przewidywalne rozwiązanie; 
5 – oznacza bardzo zaskakujące, oryginalne podejście","[EN] 2.13.2 Please rate whether PROJECT NO. 13 surprises with a creative approach and originality or if it seems to be predictable and have little innovation.Rate on a scale where:1 - means no surprise, predictable; 5 - means very surprising, original approach","[PL] 2.14.1. Proszę ocenić projekt nr 14 pod względem...

Oceń w skali 1-5 (1-bardzo słabo, 2-słabo, 3-przeciętnie, 4-dobrze, 5-bardzo dobrze)

PROJEKT NR 14 [innowacyjności rozwiązań]","[EN] 2.14.1 Please rate project no. 14 in terms of...Rate on a scale 1-5 (1-very poor, 2-poor, 3-average, 4-good, 5-very good)Project NO. 14 [solution innovativeness]","[PL] 2.14.1. Proszę ocenić projekt nr 14 pod względem...

Oceń w skali 1-5 (1-bardzo słabo, 2-słabo, 3-przeciętnie, 4-dobrze, 5-bardzo dobrze)

PROJEKT NR 14 [estetyki tramwaju]","[EN] 2.14.1 Please rate project no. 14 in terms of...Rate on a scale 1-5 (1-very poor, 2-poor, 3-average, 4-good, 5-very good)Project NO. 14 [tram aesthetics]","[PL] 2.14.1. Proszę ocenić projekt nr 14 pod względem...

Oceń w skali 1-5 (1-bardzo słabo, 2-słabo, 3-przeciętnie, 4-dobrze, 5-bardzo dobrze)

PROJEKT NR 14 [wartości projektowej]","[EN] 2.14.1 Please rate project no. 14 in terms of...Rate on a scale 1-5 (1-very poor, 2-poor, 3-average, 4-good, 5-very good)Project NO. 14 [project value]","[PL] 2.14.2. Proszę ocenić, czy PROJEKT NR 14 zaskakuje kreatywnym podejściem i oryginalnością, czy też wydaje się mało innowacyjny i przewidywalny.


Oceń w skali, gdzie:

1 – oznacza brak zaskoczenia, przewidywalne rozwiązanie; 
5 – oznacza bardzo zaskakujące, oryginalne podejście","[EN] 2.14.2 Please rate whether PROJECT NO. 14 surprises with a creative approach and originality or if it seems to be predictable and have little innovation.Rate on a scale where:1 - means no surprise, predictable; 5 - means very surprising, original approach","[PL] 2.15.1. Proszę ocenić projekt nr 15 pod względem...

Oceń w skali 1-5 (1-bardzo słabo, 2-słabo, 3-przeciętnie, 4-dobrze, 5-bardzo dobrze)

PROJEKT NR 15 [innowacyjności rozwiązań]","[EN] 2.15.1 Please rate project no. 15 in terms of...Rate on a scale 1-5 (1-very poor, 2-poor, 3-average, 4-good, 5-very good)Project NO. 15 [solution innovativeness]","[PL] 2.15.1. Proszę ocenić projekt nr 15 pod względem...

Oceń w skali 1-5 (1-bardzo słabo, 2-słabo, 3-przeciętnie, 4-dobrze, 5-bardzo dobrze)

PROJEKT NR 15 [estetyki tramwaju]","[EN] 2.15.1 Please rate project no. 15 in terms of...Rate on a scale 1-5 (1-very poor, 2-poor, 3-average, 4-good, 5-very good)Project NO. 15 [tram aesthetics]","[PL] 2.15.1. Proszę ocenić projekt nr 15 pod względem...

Oceń w skali 1-5 (1-bardzo słabo, 2-słabo, 3-przeciętnie, 4-dobrze, 5-bardzo dobrze)

PROJEKT NR 15 [wartości projektowej]","[EN] 2.15.1 Please rate project no. 15 in terms of...Rate on a scale 1-5 (1-very poor, 2-poor, 3-average, 4-good, 5-very good)Project NO. 15 [project value]","[PL] 2.15.2. Proszę ocenić, czy PROJEKT NR 15 zaskakuje kreatywnym podejściem i oryginalnością, czy też wydaje się mało innowacyjny i przewidywalny.


Oceń w skali, gdzie:

1 – oznacza brak zaskoczenia, przewidywalne rozwiązanie; 
5 – oznacza bardzo zaskakujące, oryginalne podejście","[EN] 2.15.2 Please rate whether PROJECT NO. 15 surprises with a creative approach and originality or if it seems to be predictable and have little innovation.Rate on a scale where:1 - means no surprise, predictable; 5 - means very surprising, original approach","[PL] 2.16.1. Proszę ocenić projekt nr 16 pod względem...

Oceń w skali 1-5 (1-bardzo słabo, 2-słabo, 3-przeciętnie, 4-dobrze, 5-bardzo dobrze)

PROJEKT NR 16 [innowacyjności rozwiązań]","[EN] 2.16.1 Please rate project no. 16 in terms of...Rate on a scale 1-5 (1-very poor, 2-poor, 3-average, 4-good, 5-very good)Project NO. 16 [solution innovativeness]","[PL] 2.16.1. Proszę ocenić projekt nr 16 pod względem...

Oceń w skali 1-5 (1-bardzo słabo, 2-słabo, 3-przeciętnie, 4-dobrze, 5-bardzo dobrze)

PROJEKT NR 16 [estetyki tramwaju]","[EN] 2.16.1 Please rate project no. 16 in terms of...Rate on a scale 1-5 (1-very poor, 2-poor, 3-average, 4-good, 5-very good)Project NO. 16 [tram aesthetics]","[PL] 2.16.1. Proszę ocenić projekt nr 16 pod względem...

Oceń w skali 1-5 (1-bardzo słabo, 2-słabo, 3-przeciętnie, 4-dobrze, 5-bardzo dobrze)

PROJEKT NR 16 [wartości projektowej]","[EN] 2.16.1 Please rate project no. 16 in terms of...Rate on a scale 1-5 (1-very poor, 2-poor, 3-average, 4-good, 5-very good)Project NO. 16 [project value]","[PL] 2.16.2. Proszę ocenić, czy PROJEKT NR 16 zaskakuje kreatywnym podejściem i oryginalnością, czy też wydaje się mało innowacyjny i przewidywalny.


Oceń w skali, gdzie:

1 – oznacza brak zaskoczenia, przewidywalne rozwiązanie; 
5 – oznacza bardzo zaskakujące, oryginalne podejście","[EN] 2.16.2 Please rate whether PROJECT NO. 16 surprises with a creative approach and originality or if it seems to be predictable and have little innovation.Rate on a scale where:1 - means no surprise, predictable; 5 - means very surprising, original approach","[PL] 2.17.1. Proszę ocenić projekt nr 17 pod względem...

Oceń w skali 1-5 (1-bardzo słabo, 2-słabo, 3-przeciętnie, 4-dobrze, 5-bardzo dobrze)

PROJEKT NR 17 [innowacyjności rozwiązań]","[EN] 2.17.1 Please rate project no. 17 in terms of...Rate on a scale 1-5 (1-very poor, 2-poor, 3-average, 4-good, 5-very good)Project NO. 17 [solution innovativeness]","[PL] 2.17.1. Proszę ocenić projekt nr 17 pod względem...

Oceń w skali 1-5 (1-bardzo słabo, 2-słabo, 3-przeciętnie, 4-dobrze, 5-bardzo dobrze)

PROJEKT NR 17 [estetyki tramwaju]","[EN] 2.17.1 Please rate project no. 17 in terms of...Rate on a scale 1-5 (1-very poor, 2-poor, 3-average, 4-good, 5-very good)Project NO. 17 [tram aesthetics]","[PL] 2.17.1. Proszę ocenić projekt nr 17 pod względem...

Oceń w skali 1-5 (1-bardzo słabo, 2-słabo, 3-przeciętnie, 4-dobrze, 5-bardzo dobrze)

PROJEKT NR 17 [wartości projektowej]","[EN] 2.17.1 Please rate project no. 17 in terms of...Rate on a scale 1-5 (1-very poor, 2-poor, 3-average, 4-good, 5-very good)Project NO. 17 [project value]","[PL] 2.17.2. Proszę ocenić, czy PROJEKT NR 17 zaskakuje kreatywnym podejściem i oryginalnością, czy też wydaje się mało innowacyjny i przewidywalny.


Oceń w skali, gdzie:

1 – oznacza brak zaskoczenia, przewidywalne rozwiązanie; 
5 – oznacza bardzo zaskakujące, oryginalne podejście","[EN] 2.17.2 Please rate whether PROJECT NO. 17 surprises with a creative approach and originality or if it seems to be predictable and have little innovation.Rate on a scale where:1 - means no surprise, predictable; 5 - means very surprising, original approach","[PL] 2.18.1. Proszę ocenić projekt nr 18 pod względem...

Oceń w skali 1-5 (1-bardzo słabo, 2-słabo, 3-przeciętnie, 4-dobrze, 5-bardzo dobrze)

PROJEKT NR 18 [innowacyjności rozwiązań]","[EN] 2.18.1 Please rate project no. 18 in terms of...Rate on a scale 1-5 (1-very poor, 2-poor, 3-average, 4-good, 5-very good)Project NO. 18 [solution innovativeness]","[PL] 2.18.1. Proszę ocenić projekt nr 18 pod względem...

Oceń w skali 1-5 (1-bardzo słabo, 2-słabo, 3-przeciętnie, 4-dobrze, 5-bardzo dobrze)

PROJEKT NR 18 [estetyki tramwaju]","[EN] 2.18.1 Please rate project no. 18 in terms of...Rate on a scale 1-5 (1-very poor, 2-poor, 3-average, 4-good, 5-very good)Project NO. 18 [tram aesthetics]","[PL] 2.18.1. Proszę ocenić projekt nr 18 pod względem...

Oceń w skali 1-5 (1-bardzo słabo, 2-słabo, 3-przeciętnie, 4-dobrze, 5-bardzo dobrze)

PROJEKT NR 18 [wartości projektowej]","[EN] 2.18.1 Please rate project no. 18 in terms of...Rate on a scale 1-5 (1-very poor, 2-poor, 3-average, 4-good, 5-very good)Project NO. 18 [project value]","[PL] 2.18.2. Proszę ocenić, czy PROJEKT NR 18 zaskakuje kreatywnym podejściem i oryginalnością, czy też wydaje się mało innowacyjny i przewidywalny.


Oceń w skali, gdzie:

1 – oznacza brak zaskoczenia, przewidywalne rozwiązanie; 
5 – oznacza bardzo zaskakujące, oryginalne podejście","[EN] 2.18.2 Please rate whether PROJECT NO. 18 surprises with a creative approach and originality or if it seems to be predictable and have little innovation.Rate on a scale where:1 - means no surprise, predictable; 5 - means very surprising, original approach","[PL] 2.19.1. Proszę ocenić projekt nr 19 pod względem...

Oceń w skali 1-5 (1-bardzo słabo, 2-słabo, 3-przeciętnie, 4-dobrze, 5-bardzo dobrze)

PROJEKT NR 19 [innowacyjności rozwiązań]","[EN] 2.19.1 Please rate project no. 19 in terms of...Rate on a scale 1-5 (1-very poor, 2-poor, 3-average, 4-good, 5-very good)Project NO. 19 [solution innovativeness]","[PL] 2.19.1. Proszę ocenić projekt nr 19 pod względem...

Oceń w skali 1-5 (1-bardzo słabo, 2-słabo, 3-przeciętnie, 4-dobrze, 5-bardzo dobrze)

PROJEKT NR 19 [estetyki tramwaju]","[EN] 2.19.1 Please rate project no. 19 in terms of...Rate on a scale 1-5 (1-very poor, 2-poor, 3-average, 4-good, 5-very good)Project NO. 19 [tram aesthetics]","[PL] 2.19.1. Proszę ocenić projekt nr 19 pod względem...

Oceń w skali 1-5 (1-bardzo słabo, 2-słabo, 3-przeciętnie, 4-dobrze, 5-bardzo dobrze)

PROJEKT NR 19 [wartości projektowej]","[EN] 2.19.1 Please rate project no. 19 in terms of...Rate on a scale 1-5 (1-very poor, 2-poor, 3-average, 4-good, 5-very good)Project NO. 19 [project value]","[PL] 2.19.2. Proszę ocenić, czy PROJEKT NR 19 zaskakuje kreatywnym podejściem i oryginalnością, czy też wydaje się mało innowacyjny i przewidywalny.


Oceń w skali, gdzie:

1 – oznacza brak zaskoczenia, przewidywalne rozwiązanie; 
5 – oznacza bardzo zaskakujące, oryginalne podejście","[EN] 2.19.2 Please rate whether PROJECT NO. 19 surprises with a creative approach and originality or if it seems to be predictable and have little innovation.Rate on a scale where:1 - means no surprise, predictable; 5 - means very surprising, original approach","[PL] 2.20.1. Proszę ocenić projekt nr 20 pod względem...

Oceń w skali 1-5 (1-bardzo słabo, 2-słabo, 3-przeciętnie, 4-dobrze, 5-bardzo dobrze)

PROJEKT NR 20 [innowacyjności rozwiązań]","[EN] 2.20.1 Please rate project no. 20 in terms of...Rate on a scale 1-5 (1-very poor, 2-poor, 3-average, 4-good, 5-very good)Project NO. 20 [solution innovativeness]","[PL] 2.20.1. Proszę ocenić projekt nr 20 pod względem...

Oceń w skali 1-5 (1-bardzo słabo, 2-słabo, 3-przeciętnie, 4-dobrze, 5-bardzo dobrze)

PROJEKT NR 20 [estetyki tramwaju]","[EN] 2.20.1 Please rate project no. 20 in terms of...Rate on a scale 1-5 (1-very poor, 2-poor, 3-average, 4-good, 5-very good)Project NO. 20 [tram aesthetics]","[PL] 2.20.1. Proszę ocenić projekt nr 20 pod względem...

Oceń w skali 1-5 (1-bardzo słabo, 2-słabo, 3-przeciętnie, 4-dobrze, 5-bardzo dobrze)

PROJEKT NR 20 [wartości projektowej]","[EN] 2.20.1 Please rate project no. 20 in terms of...Rate on a scale 1-5 (1-very poor, 2-poor, 3-average, 4-good, 5-very good)Project NO. 20 [project value]","[PL] 2.20.2. Proszę ocenić, czy PROJEKT NR 20 zaskakuje kreatywnym podejściem i oryginalnością, czy też wydaje się mało innowacyjny i przewidywalny.


Oceń w skali, gdzie:

1 – oznacza brak zaskoczenia, przewidywalne rozwiązanie; 
5 – oznacza bardzo zaskakujące, oryginalne podejście","[EN] 2.20.2 Please rate whether PROJECT NO. 20 surprises with a creative approach and originality or if it seems to be predictable and have little innovation.Rate on a scale where:1 - means no surprise, predictable; 5 - means very surprising, original approach","[PL] 1.7. Czy w swojej pracy zawodowej korzysta Pan/Pani z narzędzia Midjourney (platformy generującej obrazy przy użyciu sztucznej inteligencji) lub innych narzędzi graficznych opartych na AI (np. DALL-E, Stable Diffusion)?",[EN] 1.7. Do you use Midjourney or other generative AI tools in your professional work?,"[PL] 1.8. Czy uważa Pan/Pani, że narzędzia graficzne oparte na AI, takie jak Midjourney, mają potencjał, aby stać się istotnym elementem przyszłości projektowania?",[EN] 1.8. Do you think that generative AI has the potential has the potential to become an important part of the future of design?,"[PL] 2.21.1. Proszę ocenić projekt nr 21 pod względem...

Oceń w skali 1-5 (1-bardzo słabo, 2-słabo, 3-przeciętnie, 4-dobrze, 5-bardzo dobrze)

PROJEKT NR 21 [innowacyjności rozwiązań]","[EN] 2.21.1 Please rate project no. 21 in terms of...Rate on a scale 1-5 (1-very poor, 2-poor, 3-average, 4-good, 5-very good)Project NO. 21 [solution innovativeness]","[PL] 2.21.1. Proszę ocenić projekt nr 21 pod względem...

Oceń w skali 1-5 (1-bardzo słabo, 2-słabo, 3-przeciętnie, 4-dobrze, 5-bardzo dobrze)

PROJEKT NR 21 [estetyki tramwaju]","[EN] 2.21.1 Please rate project no. 21 in terms of...Rate on a scale 1-5 (1-very poor, 2-poor, 3-average, 4-good, 5-very good)Project NO. 21 [tram aesthetics]","[PL] 2.21.1. Proszę ocenić projekt nr 21 pod względem...

Oceń w skali 1-5 (1-bardzo słabo, 2-słabo, 3-przeciętnie, 4-dobrze, 5-bardzo dobrze)

PROJEKT NR 21 [wartości projektowej]","[EN] 2.21.1 Please rate project no. 21 in terms of...Rate on a scale 1-5 (1-very poor, 2-poor, 3-average, 4-good, 5-very good)Project NO. 21 [project value]","[PL] 2.21.2. Proszę ocenić, czy PROJEKT NR 21 zaskakuje kreatywnym podejściem i oryginalnością, czy też wydaje się mało innowacyjny i przewidywalny.

Oceń w skali, gdzie:

1 – oznacza brak zaskoczenia, przewidywalne rozwiązanie; 
5 – oznacza bardzo zaskakujące, oryginalne podejście","[EN] 2.21.2 Please rate whether PROJECT NO. 21 surprises with a creative approach and originality or if it seems to be predictable and have little innovation.Rate on a scale where:1 - means no surprise, predictable; 5 - means very surprising, original approach","[PL] 2.22.1. Proszę ocenić projekt nr 22 pod względem...

Oceń w skali 1-5 (1-bardzo słabo, 2-słabo, 3-przeciętnie, 4-dobrze, 5-bardzo dobrze)

PROJEKT NR 22 [innowacyjności rozwiązań]","[EN] 2.22.1 Please rate project no. 22 in terms of...Rate on a scale 1-5 (1-very poor, 2-poor, 3-average, 4-good, 5-very good)Project NO. 22 [solution innovativeness]","[PL] 2.22.1. Proszę ocenić projekt nr 22 pod względem...

Oceń w skali 1-5 (1-bardzo słabo, 2-słabo, 3-przeciętnie, 4-dobrze, 5-bardzo dobrze)

PROJEKT NR 22 [estetyki tramwaju]","[EN] 2.22.1 Please rate project no. 22 in terms of...Rate on a scale 1-5 (1-very poor, 2-poor, 3-average, 4-good, 5-very good)Project NO. 22 [tram aesthetics]","[PL] 2.22.1. Proszę ocenić projekt nr 22 pod względem...

Oceń w skali 1-5 (1-bardzo słabo, 2-słabo, 3-przeciętnie, 4-dobrze, 5-bardzo dobrze)

PROJEKT NR 22 [wartości projektowej]","[EN] 2.22.1 Please rate project no. 22 in terms of...Rate on a scale 1-5 (1-very poor, 2-poor, 3-average, 4-good, 5-very good)Project NO. 22 [project value]","[PL] 2.22.2. Proszę ocenić, czy PROJEKT NR 22 zaskakuje kreatywnym podejściem i oryginalnością, czy też wydaje się mało innowacyjny i przewidywalny.


Oceń w skali, gdzie:

1 – oznacza brak zaskoczenia, przewidywalne rozwiązanie; 
5 – oznacza bardzo zaskakujące, oryginalne podejście","[EN] 2.22.2 Please rate whether PROJECT NO. 22 surprises with a creative approach and originality or if it seems to be predictable and have little innovation.Rate on a scale where:1 - means no surprise, predictable; 5 - means very surprising, original approach","[PL] 2.23.1. Proszę ocenić projekt nr 23 pod względem...

Oceń w skali 1-5 (1-bardzo słabo, 2-słabo, 3-przeciętnie, 4-dobrze, 5-bardzo dobrze)

PROJEKT NR 23 [innowacyjności rozwiązań]","[EN] 2.23.1 Please rate project no. 23 in terms of...Rate on a scale 1-5 (1-very poor, 2-poor, 3-average, 4-good, 5-very good)Project NO. 23 [solution innovativeness]","[PL] 2.23.1. Proszę ocenić projekt nr 23 pod względem...

Oceń w skali 1-5 (1-bardzo słabo, 2-słabo, 3-przeciętnie, 4-dobrze, 5-bardzo dobrze)

PROJEKT NR 23 [estetyki tramwaju]","[EN] 2.23.1 Please rate project no. 23 in terms of...Rate on a scale 1-5 (1-very poor, 2-poor, 3-average, 4-good, 5-very good)Project NO. 23 [tram aesthetics]","[PL] 2.23.1. Proszę ocenić projekt nr 23 pod względem...

Oceń w skali 1-5 (1-bardzo słabo, 2-słabo, 3-przeciętnie, 4-dobrze, 5-bardzo dobrze)

PROJEKT NR 23 [wartości projektowej]","[EN] 2.23.1 Please rate project no. 23 in terms of...Rate on a scale 1-5 (1-very poor, 2-poor, 3-average, 4-good, 5-very good)Project NO. 23 [project value]","[PL] 2.23.2. Proszę ocenić, czy PROJEKT NR 23 zaskakuje kreatywnym podejściem i oryginalnością, czy też wydaje się mało innowacyjny i przewidywalny.


Oceń w skali, gdzie:

1 – oznacza brak zaskoczenia, przewidywalne rozwiązanie; 
5 – oznacza bardzo zaskakujące, oryginalne podejście","[EN] 2.23.2 Please rate whether PROJECT NO. 23 surprises with a creative approach and originality or if it seems to be predictable and have little innovation.Rate on a scale where:1 - means no surprise, predictable; 5 - means very surprising, original approach","[PL] 2.24.1. Proszę ocenić projekt nr 24 pod względem...

Oceń w skali 1-5 (1-bardzo słabo, 2-słabo, 3-przeciętnie, 4-dobrze, 5-bardzo dobrze)

PROJEKT NR 24 [innowacyjności rozwiązań]","[EN] 2.24.1 Please rate project no. 24 in terms of...Rate on a scale 1-5 (1-very poor, 2-poor, 3-average, 4-good, 5-very good)Project NO. 24 [solution innovativeness]","[PL] 2.24.1. Proszę ocenić projekt nr 24 pod względem...

Oceń w skali 1-5 (1-bardzo słabo, 2-słabo, 3-przeciętnie, 4-dobrze, 5-bardzo dobrze)

PROJEKT NR 24 [estetyki tramwaju]","[EN] 2.24.1 Please rate project no. 24 in terms of...Rate on a scale 1-5 (1-very poor, 2-poor, 3-average, 4-good, 5-very good)Project NO. 24 [tram aesthetics]","[PL] 2.24.1. Proszę ocenić projekt nr 24 pod względem...

Oceń w skali 1-5 (1-bardzo słabo, 2-słabo, 3-przeciętnie, 4-dobrze, 5-bardzo dobrze)

PROJEKT NR 24 [wartości projektowej]","[EN] 2.24.1 Please rate project no. 24 in terms of...Rate on a scale 1-5 (1-very poor, 2-poor, 3-average, 4-good, 5-very good)Project NO. 24 [project value]","[PL] 2.24.2. Proszę ocenić, czy PROJEKT NR 24 zaskakuje kreatywnym podejściem i oryginalnością, czy też wydaje się mało innowacyjny i przewidywalny.


Oceń w skali, gdzie:

1 – oznacza brak zaskoczenia, przewidywalne rozwiązanie; 
5 – oznacza bardzo zaskakujące, oryginalne podejście","[EN] 2.24.2 Please rate whether PROJECT NO. 24 surprises with a creative approach and originality or if it seems to be predictable and have little innovation.Rate on a scale where:1 - means no surprise, predictable; 5 - means very surprising, original approach","[PL] 2.25.1. Proszę ocenić projekt nr 25 pod względem...

Oceń w skali 1-5 (1-bardzo słabo, 2-słabo, 3-przeciętnie, 4-dobrze, 5-bardzo dobrze)

PROJEKT NR 25 [innowacyjności rozwiązań]","[EN] 2.25.1 Please rate project no. 25 in terms of...Rate on a scale 1-5 (1-very poor, 2-poor, 3-average, 4-good, 5-very good)Project NO. 25 [solution innovativeness]","[PL] 2.25.1. Proszę ocenić projekt nr 25 pod względem...

Oceń w skali 1-5 (1-bardzo słabo, 2-słabo, 3-przeciętnie, 4-dobrze, 5-bardzo dobrze)

PROJEKT NR 25 [estetyki tramwaju]","[EN] 2.25.1 Please rate project no. 25 in terms of...Rate on a scale 1-5 (1-very poor, 2-poor, 3-average, 4-good, 5-very good)Project NO. 25 [tram aesthetics]","[PL] 2.25.1. Proszę ocenić projekt nr 25 pod względem...

Oceń w skali 1-5 (1-bardzo słabo, 2-słabo, 3-przeciętnie, 4-dobrze, 5-bardzo dobrze)

PROJEKT NR 25 [wartości projektowej]","[EN] 2.25.1 Please rate project no. 25 in terms of...Rate on a scale 1-5 (1-very poor, 2-poor, 3-average, 4-good, 5-very good)Project NO. 25 [project value]","[PL] 2.25.2. Proszę ocenić, czy PROJEKT NR 25 zaskakuje kreatywnym podejściem i oryginalnością, czy też wydaje się mało innowacyjny i przewidywalny.


Oceń w skali, gdzie:

1 – oznacza brak zaskoczenia, przewidywalne rozwiązanie; 
5 – oznacza bardzo zaskakujące, oryginalne podejście","[EN] 2.25.2 Please rate whether PROJECT NO. 25 surprises with a creative approach and originality or if it seems to be predictable and have little innovation.Rate on a scale where:1 - means no surprise, predictable; 5 - means very surprising, original approach","[PL] 2.27.1. Proszę ocenić projekt nr 27 pod względem...

Oceń w skali 1-5 (1-bardzo słabo, 2-słabo, 3-przeciętnie, 4-dobrze, 5-bardzo dobrze)

PROJEKT NR 27 [innowacyjności rozwiązań]","[EN] 2.27.1 Please rate project no. 27 in terms of...Rate on a scale 1-5 (1-very poor, 2-poor, 3-average, 4-good, 5-very good)Project NO. 27 [solution innovativeness]","[PL] 2.27.1. Proszę ocenić projekt nr 27 pod względem...

Oceń w skali 1-5 (1-bardzo słabo, 2-słabo, 3-przeciętnie, 4-dobrze, 5-bardzo dobrze)

PROJEKT NR 27 [estetyki tramwaju]","[EN] 2.27.1 Please rate project no. 27 in terms of...Rate on a scale 1-5 (1-very poor, 2-poor, 3-average, 4-good, 5-very good)Project NO. 27 [tram aesthetics]","[PL] 2.27.1. Proszę ocenić projekt nr 27 pod względem...

Oceń w skali 1-5 (1-bardzo słabo, 2-słabo, 3-przeciętnie, 4-dobrze, 5-bardzo dobrze)

PROJEKT NR 27 [wartości projektowej]","[EN] 2.27.1 Please rate project no. 27 in terms of...Rate on a scale 1-5 (1-very poor, 2-poor, 3-average, 4-good, 5-very good)Project NO. 27 [project value]","[PL] 2.27.2. Proszę ocenić, czy PROJEKT NR 27 zaskakuje kreatywnym podejściem i oryginalnością, czy też wydaje się mało innowacyjny i przewidywalny.

Oceń w skali, gdzie:

1 – oznacza brak zaskoczenia, przewidywalne rozwiązanie; 
5 – oznacza bardzo zaskakujące, oryginalne podejście","[EN] 2.27.2 Please rate whether PROJECT NO. 27 surprises with a creative approach and originality or if it seems to be predictable and have little innovation.Rate on a scale where:1 - means no surprise, predictable; 5 - means very surprising, original approach","[PL] 3.1. Czy którykolwiek z projektów szczególnie zwrócił Państwa uwagę na rozwiązania, o których wcześniej Państwo nie myśleli? Aby wyświetlić wszystkie projekty, prosimy kliknąć w link: Wszystkie projekty – folder OneDrive","[EN] 3.1. Did any of the projects in particular catch your eye as solutions that you hadn't thought of before? To view all of the projects, please click on the link: All projects - OneDrive folder","[PL] 3.2. Jeśli tak, proszę podać numer projektu lub projektów na które zwrócili Państwo uwagę. Numery plików w folderze OneDrive odpowiadają numerom projektów umieszczonych w ankiecie.","[EN] 3.2. If yes, please provide the project number or projects you have highlighted. The file numbers in the OneDrive folder correspond to the project numbers listed in the survey.",[PL] 3.4. Przestrzeń na dodatkowe komentarze i uwagi,[EN] 3.4. Additional comments
2024/12/03 1:37:48 PM CET,2024/12/03 1:37:48 PM CET,Tak,Yes,Tak,Yes,2 (słabo),2 (poor),5 (b.dobrze),5 (very good),3 (przeciętnie),3 (average),2,2,3 (przeciętnie),3 (average),3 (przeciętnie),3 (average),2 (słabo),2 (poor),1,1,5 (b.dobrze),5 (very good),4  (dobrze),4 (good),4  (dobrze),4 (good),4,4,3 (przeciętnie),3 (average),4  (dobrze),4 (good),3 (przeciętnie),3 (average),3,3,4  (dobrze),4 (good),2 (słabo),2 (poor),2 (słabo),2 (poor),4,4,2 (słabo),2 (poor),2 (słabo),2 (poor),2 (słabo),2 (poor),2,2,4  (dobrze),4 (good),3 (przeciętnie),3 (average),2 (słabo),2 (poor),2,2,5 (b.dobrze),5 (very good),3 (przeciętnie),3 (average),3 (przeciętnie),3 (average),5,5,2 (słabo),2 (poor),3 (przeciętnie),3 (average),3 (przeciętnie),3 (average),3,3,1 (b.słabo),1 (very poor),2 (słabo),2 (poor),2 (słabo),2 (poor),1,1,Kobieta,Female,Doktoranckie,PhD,Architektura wnętrz,Interior design,Praca naukowa;Praca projektowa;Edukacja;Działalności artystyczna,Praca naukowa;Project work;Education;Artistic activity,11–20,11–20,Pinterest;Instagram,Pinterest;Instagram,4  (dobrze),4 (good),4  (dobrze),4 (good),4  (dobrze),4 (good),4,4,4  (dobrze),4 (good),4  (dobrze),4 (good),3 (przeciętnie),3 (average),3,3,2 (słabo),2 (poor),1 (b.słabo),1 (very poor),1 (b.słabo),1 (very poor),3,3,4  (dobrze),4 (good),3 (przeciętnie),3 (average),3 (przeciętnie),3 (average),4,4,3 (przeciętnie),3 (average),2 (słabo),2 (poor),2 (słabo),2 (poor),3,3,4  (dobrze),4 (good),2 (słabo),2 (poor),2 (słabo),2 (poor),4,4,2 (słabo),2 (poor),2 (słabo),2 (poor),3 (przeciętnie),3 (average),1,1,4  (dobrze),4 (good),4  (dobrze),4 (good),3 (przeciętnie),3 (average),4,4,3 (przeciętnie),3 (average),4  (dobrze),4 (good),3 (przeciętnie),3 (average),2,2,2 (słabo),2 (poor),3 (przeciętnie),3 (average),2 (słabo),2 (poor),2,2,"Nie korzystam, ale słyszałem/am o jego istnieniu","Don't use, but heard about it","Tak, ale w ograniczonym zakresie.","Yes, but in a limited way",4  (dobrze),4 (good),2 (słabo),2 (poor),3 (przeciętnie),3 (average),3,3,4  (dobrze),4 (good),3 (przeciętnie),3 (average),3 (przeciętnie),3 (average),4,4,2 (słabo),2 (poor),2 (słabo),2 (poor),3 (przeciętnie),3 (average),2,2,2 (słabo),2 (poor),2 (słabo),2 (poor),3 (przeciętnie),3 (average),2,2,1 (b.słabo),1 (very poor),1 (b.słabo),1 (very poor),2 (słabo),2 (poor),1,1,2 (słabo),2 (poor),1 (b.słabo),1 (very poor),1 (b.słabo),1 (very poor),1,1,"Tak, więcej niż jeden projekt zwróciły moją uwagę na nowe rozwiązania w zadanym temacie","Yes, more than one project drew my attention to new solutions in a given topic",Projekt nr 3;Projekt nr 8;Projekt nr 18,Project no. 3;Project no. 8;Project no. 18,,
2024/12/04 7:23:18 PM CET,2024/12/04 7:23:18 PM CET,Tak,Yes,Tak,Yes,3 (przeciętnie),3 (average),3 (przeciętnie),3 (average),3 (przeciętnie),3 (average),3,3,4  (dobrze),4 (good),4  (dobrze),4 (good),4  (dobrze),4 (good),4,4,4  (dobrze),4 (good),3 (przeciętnie),3 (average),3 (przeciętnie),3 (average),4,4,4  (dobrze),4 (good),4  (dobrze),4 (good),4  (dobrze),4 (good),4,4,3 (przeciętnie),3 (average),3 (przeciętnie),3 (average),3 (przeciętnie),3 (average),3,3,2 (słabo),2 (poor),2 (słabo),2 (poor),2 (słabo),2 (poor),2,2,3 (przeciętnie),3 (average),3 (przeciętnie),3 (average),3 (przeciętnie),3 (average),3,3,4  (dobrze),4 (good),3 (przeciętnie),3 (average),3 (przeciętnie),3 (average),4,4,4  (dobrze),4 (good),5 (b.dobrze),5 (very good),5 (b.dobrze),5 (very good),4,4,3 (przeciętnie),3 (average),3 (przeciętnie),3 (average),3 (przeciętnie),3 (average),3,3,Kobieta,Female,Magister,Master's degree,Architektura wnętrz,Interior design,Praca projektowa,Project work,6–10,6–10,Pinterest;Instagram,Pinterest;Instagram,3 (przeciętnie),3 (average),2 (słabo),2 (poor),3 (przeciętnie),3 (average),3,3,5 (b.dobrze),5 (very good),4  (dobrze),4 (good),5 (b.dobrze),5 (very good),4,4,3 (przeciętnie),3 (average),2 (słabo),2 (poor),3 (przeciętnie),3 (average),3,3,4  (dobrze),4 (good),4  (dobrze),4 (good),4  (dobrze),4 (good),4,4,3 (przeciętnie),3 (average),4  (dobrze),4 (good),3 (przeciętnie),3 (average),3,3,5 (b.dobrze),5 (very good),4  (dobrze),4 (good),4  (dobrze),4 (good),5,5,3 (przeciętnie),3 (average),4  (dobrze),4 (good),3 (przeciętnie),3 (average),3,3,4  (dobrze),4 (good),5 (b.dobrze),5 (very good),4  (dobrze),4 (good),4,4,4  (dobrze),4 (good),5 (b.dobrze),5 (very good),4  (dobrze),4 (good),4,4,3 (przeciętnie),3 (average),4  (dobrze),4 (good),3 (przeciętnie),3 (average),3,3,Nie korzystam i nie słyszałem/am o ich istnieniu,Don't use and never heard about it,"Tak, zdecydowanie.","Yes, definitely",3 (przeciętnie),3 (average),3 (przeciętnie),3 (average),3 (przeciętnie),3 (average),3,3,4  (dobrze),4 (good),4  (dobrze),4 (good),4  (dobrze),4 (good),4,4,3 (przeciętnie),3 (average),3 (przeciętnie),3 (average),3 (przeciętnie),3 (average),3,3,3 (przeciętnie),3 (average),3 (przeciętnie),3 (average),3 (przeciętnie),3 (average),3,3,3 (przeciętnie),3 (average),2 (słabo),2 (poor),3 (przeciętnie),3 (average),3,3,4  (dobrze),4 (good),4  (dobrze),4 (good),4  (dobrze),4 (good),4,4,"Tak, więcej niż jeden projekt zwrócił moją uwagę na nowe rozwiązania w zadanym temacie","Yes, more than one project drew my attention to new solutions in a given topic",Projekt nr 2;Projekt nr 3;Projekt nr 8;Projekt nr 9;Projekt nr 12;Projekt nr 16;Projekt nr 18;Projekt nr 19,Project no. 2;Project no. 3;Project no. 8;Project no. 9;Project no. 12;Project no. 16;Project no. 18;Project no. 19,,
2024/12/04 10:13:00 PM CET,2024/12/04 10:13:00 PM CET,Tak,Yes,Tak,Yes,4  (dobrze),4 (good),4  (dobrze),4 (good),4  (dobrze),4 (good),3,3,4  (dobrze),4 (good),5 (b.dobrze),5 (very good),5 (b.dobrze),5 (very good),4,4,5 (b.dobrze),5 (very good),3 (przeciętnie),3 (average),4  (dobrze),4 (good),4,4,4  (dobrze),4 (good),5 (b.dobrze),5 (very good),4  (dobrze),4 (good),4,4,5 (b.dobrze),5 (very good),4  (dobrze),4 (good),4  (dobrze),4 (good),4,4,3 (przeciętnie),3 (average),5 (b.dobrze),5 (very good),4  (dobrze),4 (good),3,3,3 (przeciętnie),3 (average),3 (przeciętnie),3 (average),3 (przeciętnie),3 (average),3,3,4  (dobrze),4 (good),2 (słabo),2 (poor),4  (dobrze),4 (good),4,4,4  (dobrze),4 (good),4  (dobrze),4 (good),4  (dobrze),4 (good),3,3,3 (przeciętnie),3 (average),3 (przeciętnie),3 (average),3 (przeciętnie),3 (average),3,3,Kobieta,Female,Magister,Master's degree,Architektura wnętrz,Interior design,Praca projektowa,Project work,11–20,11–20,Pinterest,Pinterest,4  (dobrze),4 (good),4  (dobrze),4 (good),4  (dobrze),4 (good),4,4,4  (dobrze),4 (good),5 (b.dobrze),5 (very good),4  (dobrze),4 (good),4,4,4  (dobrze),4 (good),3 (przeciętnie),3 (average),4  (dobrze),4 (good),3,3,4  (dobrze),4 (good),3 (przeciętnie),3 (average),4  (dobrze),4 (good),4,4,4  (dobrze),4 (good),4  (dobrze),4 (good),4  (dobrze),4 (good),4,4,5 (b.dobrze),5 (very good),5 (b.dobrze),5 (very good),4  (dobrze),4 (good),5,5,5 (b.dobrze),5 (very good),5 (b.dobrze),5 (very good),5 (b.dobrze),5 (very good),4,4,5 (b.dobrze),5 (very good),5 (b.dobrze),5 (very good),5 (b.dobrze),5 (very good),4,4,4  (dobrze),4 (good),4  (dobrze),4 (good),4  (dobrze),4 (good),3,3,4  (dobrze),4 (good),4  (dobrze),4 (good),3 (przeciętnie),3 (average),3,3,Nie korzystam i nie słyszałem/am o ich istnieniu,Don't use and never heard about it,Trudno powiedzieć.,Hard to tell,4  (dobrze),4 (good),4  (dobrze),4 (good),4  (dobrze),4 (good),3,3,4  (dobrze),4 (good),4  (dobrze),4 (good),4  (dobrze),4 (good),4,4,3 (przeciętnie),3 (average),3 (przeciętnie),3 (average),3 (przeciętnie),3 (average),3,3,4  (dobrze),4 (good),4  (dobrze),4 (good),4  (dobrze),4 (good),4,4,3 (przeciętnie),3 (average),3 (przeciętnie),3 (average),3 (przeciętnie),3 (average),3,3,4  (dobrze),4 (good),4  (dobrze),4 (good),4  (dobrze),4 (good),3,3,"Nie, żaden projekt nie zwrócił mojej uwagi na nowe rozwiązanie w zadanym temacie","No, no project has drawn my attention to a new solution in the given topic",Projekt nr 1,Project no. 1,,
2024/12/05 9:16:33 AM CET,2024/12/05 9:16:33 AM CET,Tak,Yes,Tak,Yes,4  (dobrze),4 (good),5 (b.dobrze),5 (very good),4  (dobrze),4 (good),4,4,4  (dobrze),4 (good),5 (b.dobrze),5 (very good),4  (dobrze),4 (good),4,4,5 (b.dobrze),5 (very good),4  (dobrze),4 (good),4  (dobrze),4 (good),4,4,5 (b.dobrze),5 (very good),5 (b.dobrze),5 (very good),5 (b.dobrze),5 (very good),5,5,3 (przeciętnie),3 (average),3 (przeciętnie),3 (average),3 (przeciętnie),3 (average),3,3,5 (b.dobrze),5 (very good),5 (b.dobrze),5 (very good),4  (dobrze),4 (good),4,4,4  (dobrze),4 (good),4  (dobrze),4 (good),4  (dobrze),4 (good),4,4,5 (b.dobrze),5 (very good),5 (b.dobrze),5 (very good),5 (b.dobrze),5 (very good),5,5,5 (b.dobrze),5 (very good),5 (b.dobrze),5 (very good),5 (b.dobrze),5 (very good),5,5,3 (przeciętnie),3 (average),3 (przeciętnie),3 (average),3 (przeciętnie),3 (average),3,3,Kobieta,Female,Magister,Master's degree,Architektura;Architektura wnętrz,Architecture;Interior design,Praca projektowa,Project work,11–20,11–20,Pinterest;Instagram;Wyszukiwarka Google,Pinterest;Instagram;Google search,4  (dobrze),4 (good),4  (dobrze),4 (good),4  (dobrze),4 (good),4,4,5 (b.dobrze),5 (very good),5 (b.dobrze),5 (very good),5 (b.dobrze),5 (very good),5,5,3 (przeciętnie),3 (average),3 (przeciętnie),3 (average),3 (przeciętnie),3 (average),3,3,5 (b.dobrze),5 (very good),5 (b.dobrze),5 (very good),5 (b.dobrze),5 (very good),5,5,5 (b.dobrze),5 (very good),5 (b.dobrze),5 (very good),5 (b.dobrze),5 (very good),5,5,5 (b.dobrze),5 (very good),5 (b.dobrze),5 (very good),5 (b.dobrze),5 (very good),5,5,4  (dobrze),4 (good),5 (b.dobrze),5 (very good),4  (dobrze),4 (good),5,5,5 (b.dobrze),5 (very good),5 (b.dobrze),5 (very good),5 (b.dobrze),5 (very good),5,5,5 (b.dobrze),5 (very good),5 (b.dobrze),5 (very good),5 (b.dobrze),5 (very good),5,5,5 (b.dobrze),5 (very good),5 (b.dobrze),5 (very good),5 (b.dobrze),5 (very good),5,5,"Nie korzystam, ale słyszałem/am o ich istnieniu","Don't use, but heard about it","Tak, zdecydowanie.","Yes, definitely",5 (b.dobrze),5 (very good),5 (b.dobrze),5 (very good),5 (b.dobrze),5 (very good),5,5,3 (przeciętnie),3 (average),3 (przeciętnie),3 (average),3 (przeciętnie),3 (average),3,3,4  (dobrze),4 (good),4  (dobrze),4 (good),4  (dobrze),4 (good),4,4,4  (dobrze),4 (good),4  (dobrze),4 (good),4  (dobrze),4 (good),4,4,2 (słabo),2 (poor),3 (przeciętnie),3 (average),3 (przeciętnie),3 (average),3,3,3 (przeciętnie),3 (average),3 (przeciętnie),3 (average),3 (przeciętnie),3 (average),3,3,"Tak, więcej niż jeden projekt zwrócił moją uwagę na nowe rozwiązania w zadanym temacie","Yes, more than one project drew my attention to new solutions in a given topic",Projekt nr 3;Projekt nr 6;Projekt nr 18;Projekt nr 21,Project no. 3;Project no. 6;Project no. 18;Project no. 21,"Wszystkie prace są w mojej ocenie na wysokim poziomie, jestem pełna podziwu że studenci potrafią wygenerować takie wizualizacje! Uważam, że pojawiło się sporo ciekawych rozwiązań, np. dotyczących przewozu zwierząt, czy przechowywania bagaży. ","All the works are of a high standard in my opinion, I am full of admiration that students are able to generate such visualizations! I think that many interesting solutions have appeared, e.g. regarding the transport of animals or the storage of luggage."
2024/12/05 10:37:04 AM CET,2024/12/05 10:37:04 AM CET,Tak,Yes,Tak,Yes,nie mam zdania / trudno powiedzieć,no opinion / hard to tell,3 (przeciętnie),3 (average),3 (przeciętnie),3 (average),3,3,5 (b.dobrze),5 (very good),5 (b.dobrze),5 (very good),5 (b.dobrze),5 (very good),5,5,5 (b.dobrze),5 (very good),5 (b.dobrze),5 (very good),5 (b.dobrze),5 (very good),5,5,5 (b.dobrze),5 (very good),5 (b.dobrze),5 (very good),5 (b.dobrze),5 (very good),5,5,4  (dobrze),4 (good),4  (dobrze),4 (good),4  (dobrze),4 (good),4,4,2 (słabo),2 (poor),2 (słabo),2 (poor),2 (słabo),2 (poor),2,2,2 (słabo),2 (poor),2 (słabo),2 (poor),2 (słabo),2 (poor),1,1,4  (dobrze),4 (good),3 (przeciętnie),3 (average),3 (przeciętnie),3 (average),3,3,4  (dobrze),4 (good),2 (słabo),2 (poor),3 (przeciętnie),3 (average),3,3,2 (słabo),2 (poor),2 (słabo),2 (poor),2 (słabo),2 (poor),2,2,Kobieta,Female,Magister,Master's degree,Architektura wnętrz;Wzornictwo przemysłowe,Interior design;Industrial design,Praca projektowa;Działalność artystyczna,Project work;Artistic activity,6–10,6–10,"Pinterest;Instagram;Midjourney, DALL-E, Stable Diffusion lub inne narzędzie graficzne oparte na AI","Pinterest;Instagram;Midjourney, DALL-E, Stable Diffusion or other",3 (przeciętnie),3 (average),2 (słabo),2 (poor),2 (słabo),2 (poor),2,2,3 (przeciętnie),3 (average),4  (dobrze),4 (good),3 (przeciętnie),3 (average),3,3,2 (słabo),2 (poor),2 (słabo),2 (poor),2 (słabo),2 (poor),2,2,4  (dobrze),4 (good),3 (przeciętnie),3 (average),3 (przeciętnie),3 (average),3,3,3 (przeciętnie),3 (average),1 (b.słabo),1 (very poor),2 (słabo),2 (poor),2,2,5 (b.dobrze),5 (very good),4  (dobrze),4 (good),4  (dobrze),4 (good),4,4,4  (dobrze),4 (good),3 (przeciętnie),3 (average),4  (dobrze),4 (good),4,4,4  (dobrze),4 (good),5 (b.dobrze),5 (very good),4  (dobrze),4 (good),4,4,3 (przeciętnie),3 (average),4  (dobrze),4 (good),3 (przeciętnie),3 (average),3,3,2 (słabo),2 (poor),2 (słabo),2 (poor),2 (słabo),2 (poor),2,2,"Nie korzystam, ale słyszałem/am o ich istnieniu","Don't use, but heard about it","Tak, zdecydowanie.","Yes, definitely",3 (przeciętnie),3 (average),4  (dobrze),4 (good),3 (przeciętnie),3 (average),3,3,3 (przeciętnie),3 (average),2 (słabo),2 (poor),3 (przeciętnie),3 (average),4,4,1 (b.słabo),1 (very poor),1 (b.słabo),1 (very poor),1 (b.słabo),1 (very poor),1,1,2 (słabo),2 (poor),2 (słabo),2 (poor),2 (słabo),2 (poor),2,2,1 (b.słabo),1 (very poor),1 (b.słabo),1 (very poor),1 (b.słabo),1 (very poor),1,1,3 (przeciętnie),3 (average),3 (przeciętnie),3 (average),3 (przeciętnie),3 (average),3,3,"Tak, więcej niż jeden projekt zwrócił moją uwagę na nowe rozwiązania w zadanym temacie","Yes, more than one project drew my attention to new solutions in a given topic",Projekt nr 2;Projekt nr 3;Projekt nr 4;Projekt nr 16;Projekt nr 18;Projekt nr 26,Project no. 2;Project no. 3;Project no. 4;Project no. 16;Project no. 18;Project no. 26,"Bardzo fajne projekty. Pomysły przyszłościowe. Z minusów, to za dużo fal świetlnych - zakłócają obraz i dają niefajne wrażenia iluzji, ze tramwaj się chwieje albo faluje. Ale poza tym - keep going! Aż miło patrzeć, że rośnie tak zdolne kolejne pokolenie projektantów! Gratuluję prowadzącym tylu zdolnych studentów.",Very cool projects. Future-oriented ideas. The downside is that there are too many light waves - they disrupt the image and give an unpleasant illusion that the tram is shaking or waving. But apart from that - keep going! It's great to see that such a talented next generation of designers is growing! I congratulate the instructors for having so many talented students.
2024/12/05 12:12:49 PM CET,2024/12/05 12:12:49 PM CET,Tak,Yes,Tak,Yes,3 (przeciętnie),3 (average),4  (dobrze),4 (good),4  (dobrze),4 (good),3,3,4  (dobrze),4 (good),5 (b.dobrze),5 (very good),5 (b.dobrze),5 (very good),4,4,4  (dobrze),4 (good),4  (dobrze),4 (good),3 (przeciętnie),3 (average),4,4,5 (b.dobrze),5 (very good),5 (b.dobrze),5 (very good),5 (b.dobrze),5 (very good),4,4,3 (przeciętnie),3 (average),4  (dobrze),4 (good),3 (przeciętnie),3 (average),3,3,3 (przeciętnie),3 (average),3 (przeciętnie),3 (average),3 (przeciętnie),3 (average),3,3,4  (dobrze),4 (good),3 (przeciętnie),3 (average),4  (dobrze),4 (good),4,4,4  (dobrze),4 (good),4  (dobrze),4 (good),4  (dobrze),4 (good),4,4,4  (dobrze),4 (good),4  (dobrze),4 (good),4  (dobrze),4 (good),4,4,3 (przeciętnie),3 (average),4  (dobrze),4 (good),3 (przeciętnie),3 (average),3,3,Kobieta,Female,Magister,Master's degree,Architektura,Architecture,Praca projektowa,Project work,0–5,0–5,Pinterest;Instagram;Behance;Wyszukiwarka Google,Pinterest;Instagram;Behance;Google search,4  (dobrze),4 (good),3 (przeciętnie),3 (average),3 (przeciętnie),3 (average),3,3,4  (dobrze),4 (good),4  (dobrze),4 (good),5 (b.dobrze),5 (very good),4,4,3 (przeciętnie),3 (average),3 (przeciętnie),3 (average),4  (dobrze),4 (good),3,3,3 (przeciętnie),3 (average),3 (przeciętnie),3 (average),3 (przeciętnie),3 (average),3,3,4  (dobrze),4 (good),3 (przeciętnie),3 (average),4  (dobrze),4 (good),4,4,4  (dobrze),4 (good),4  (dobrze),4 (good),4  (dobrze),4 (good),4,4,4  (dobrze),4 (good),4  (dobrze),4 (good),4  (dobrze),4 (good),4,4,4  (dobrze),4 (good),4  (dobrze),4 (good),4  (dobrze),4 (good),4,4,4  (dobrze),4 (good),4  (dobrze),4 (good),4  (dobrze),4 (good),4,4,4  (dobrze),4 (good),5 (b.dobrze),5 (very good),5 (b.dobrze),5 (very good),4,4,"Nie korzystam, ale słyszałem/am o ich istnieniu","Don't use, but heard about it","Tak, ale w ograniczonym zakresie.","Yes, but in a limited way",4  (dobrze),4 (good),3 (przeciętnie),3 (average),4  (dobrze),4 (good),4,4,4  (dobrze),4 (good),4  (dobrze),4 (good),4  (dobrze),4 (good),3,3,4  (dobrze),4 (good),4  (dobrze),4 (good),5 (b.dobrze),5 (very good),4,4,4  (dobrze),4 (good),4  (dobrze),4 (good),4  (dobrze),4 (good),4,4,4  (dobrze),4 (good),4  (dobrze),4 (good),4  (dobrze),4 (good),4,4,4  (dobrze),4 (good),4  (dobrze),4 (good),4  (dobrze),4 (good),4,4,"Tak, więcej niż jeden projekt zwrócił moją uwagę na nowe rozwiązania w zadanym temacie","Yes, more than one project drew my attention to new solutions in a given topic",Projekt nr 4;Projekt nr 8;Projekt nr 20;Projekt nr 26,Project no. 4;Project no. 8;Project no. 20;Project no. 26,,
2024/12/05 10:08:44 PM CET,2024/12/05 10:08:44 PM CET,Tak,Yes,Tak,Yes,3 (przeciętnie),3 (average),4  (dobrze),4 (good),4  (dobrze),4 (good),2,2,3 (przeciętnie),3 (average),3 (przeciętnie),3 (average),3 (przeciętnie),3 (average),2,2,3 (przeciętnie),3 (average),3 (przeciętnie),3 (average),3 (przeciętnie),3 (average),2,2,3 (przeciętnie),3 (average),4  (dobrze),4 (good),4  (dobrze),4 (good),2,2,4  (dobrze),4 (good),2 (słabo),2 (poor),3 (przeciętnie),3 (average),3,3,3 (przeciętnie),3 (average),3 (przeciętnie),3 (average),3 (przeciętnie),3 (average),2,2,3 (przeciętnie),3 (average),4  (dobrze),4 (good),3 (przeciętnie),3 (average),3,3,3 (przeciętnie),3 (average),2 (słabo),2 (poor),2 (słabo),2 (poor),2,2,2 (słabo),2 (poor),2 (słabo),2 (poor),3 (przeciętnie),3 (average),2,2,3 (przeciętnie),3 (average),3 (przeciętnie),3 (average),3 (przeciętnie),3 (average),2,2,Kobieta,Female,Magister,Master's degree,Architektura wnętrz,Interior design,Praca projektowa,Project work,11–20,11–20,Instagram,Instagram,3 (przeciętnie),3 (average),3 (przeciętnie),3 (average),3 (przeciętnie),3 (average),3,3,4  (dobrze),4 (good),3 (przeciętnie),3 (average),4  (dobrze),4 (good),4,4,3 (przeciętnie),3 (average),2 (słabo),2 (poor),3 (przeciętnie),3 (average),2,2,3 (przeciętnie),3 (average),2 (słabo),2 (poor),3 (przeciętnie),3 (average),3,3,3 (przeciętnie),3 (average),4  (dobrze),4 (good),4  (dobrze),4 (good),3,3,4  (dobrze),4 (good),3 (przeciętnie),3 (average),5 (b.dobrze),5 (very good),4,4,3 (przeciętnie),3 (average),4  (dobrze),4 (good),4  (dobrze),4 (good),3,3,4  (dobrze),4 (good),4  (dobrze),4 (good),4  (dobrze),4 (good),3,3,4  (dobrze),4 (good),3 (przeciętnie),3 (average),3 (przeciętnie),3 (average),3,3,4  (dobrze),4 (good),3 (przeciętnie),3 (average),3 (przeciętnie),3 (average),3,3,"Nie korzystam, ale słyszałem/am o ich istnieniu","Don't use, but heard about it","Tak, zdecydowanie.","Yes, definitely",4  (dobrze),4 (good),3 (przeciętnie),3 (average),4  (dobrze),4 (good),3,3,4  (dobrze),4 (good),4  (dobrze),4 (good),4  (dobrze),4 (good),4,4,4  (dobrze),4 (good),3 (przeciętnie),3 (average),4  (dobrze),4 (good),3,3,4  (dobrze),4 (good),4  (dobrze),4 (good),4  (dobrze),4 (good),3,3,3 (przeciętnie),3 (average),3 (przeciętnie),3 (average),3 (przeciętnie),3 (average),3,3,3 (przeciętnie),3 (average),4  (dobrze),4 (good),3 (przeciętnie),3 (average),3,3,"Tak, tylko jeden projekt zwrócił moją uwagę na nowe rozwiązanie w zadanym temacie","Yes, only one project drew my attention to a new solution in the given topic",Projekt nr 16,Project no. 16,,
2024/12/06 12:03:16 PM CET,2024/12/06 12:03:16 PM CET,Tak,Yes,Tak,Yes,3 (przeciętnie),3 (average),4  (dobrze),4 (good),4  (dobrze),4 (good),2,2,4  (dobrze),4 (good),4  (dobrze),4 (good),4  (dobrze),4 (good),3,3,4  (dobrze),4 (good),4  (dobrze),4 (good),4  (dobrze),4 (good),3,3,2 (słabo),2 (poor),4  (dobrze),4 (good),4  (dobrze),4 (good),2,2,4  (dobrze),4 (good),2 (słabo),2 (poor),2 (słabo),2 (poor),3,3,1 (b.słabo),1 (very poor),2 (słabo),2 (poor),3 (przeciętnie),3 (average),1,1,2 (słabo),2 (poor),2 (słabo),2 (poor),3 (przeciętnie),3 (average),1,1,4  (dobrze),4 (good),4  (dobrze),4 (good),4  (dobrze),4 (good),3,3,2 (słabo),2 (poor),2 (słabo),2 (poor),2 (słabo),2 (poor),1,1,1 (b.słabo),1 (very poor),1 (b.słabo),1 (very poor),2 (słabo),2 (poor),1,1,Mężczyzna,Male,Magister,Master's degree,Architektura;Architektura wnętrz,Architecture;Interior design,Praca projektowa,Project work,21 i więcej,21 and more,Wyszukiwarka Google,Google search,1 (b.słabo),1 (very poor),1 (b.słabo),1 (very poor),3 (przeciętnie),3 (average),1,1,3 (przeciętnie),3 (average),4  (dobrze),4 (good),3 (przeciętnie),3 (average),3,3,2 (słabo),2 (poor),2 (słabo),2 (poor),3 (przeciętnie),3 (average),2,2,2 (słabo),2 (poor),4  (dobrze),4 (good),4  (dobrze),4 (good),3,3,3 (przeciętnie),3 (average),3 (przeciętnie),3 (average),4  (dobrze),4 (good),2,2,3 (przeciętnie),3 (average),2 (słabo),2 (poor),3 (przeciętnie),3 (average),3,3,2 (słabo),2 (poor),3 (przeciętnie),3 (average),4  (dobrze),4 (good),2,2,4  (dobrze),4 (good),4  (dobrze),4 (good),4  (dobrze),4 (good),4,4,2 (słabo),2 (poor),2 (słabo),2 (poor),3 (przeciętnie),3 (average),2,2,2 (słabo),2 (poor),2 (słabo),2 (poor),3 (przeciętnie),3 (average),2,2,"Nie korzystam, ale słyszałem/am o ich istnieniu","Don't use, but heard about it","Tak, ale w ograniczonym zakresie.","Yes, but in a limited way",3 (przeciętnie),3 (average),3 (przeciętnie),3 (average),3 (przeciętnie),3 (average),3,3,3 (przeciętnie),3 (average),2 (słabo),2 (poor),3 (przeciętnie),3 (average),2,2,2 (słabo),2 (poor),2 (słabo),2 (poor),3 (przeciętnie),3 (average),1,1,1 (b.słabo),1 (very poor),1 (b.słabo),1 (very poor),2 (słabo),2 (poor),1,1,1 (b.słabo),1 (very poor),1 (b.słabo),1 (very poor),2 (słabo),2 (poor),1,1,1 (b.słabo),1 (very poor),1 (b.słabo),1 (very poor),2 (słabo),2 (poor),1,1,"Tak, więcej niż jeden projekt zwrócił moją uwagę na nowe rozwiązania w zadanym temacie","Yes, more than one project drew my attention to new solutions in a given topic",Projekt nr 8;Projekt nr 18,Project no. 8;Project no. 18,"Nie wiem jakie były wytyczne do pracy, może one spowodowały takie przywiązanie do dotychczasowyej formy. Ten tramwaj przyszłości jest taki sam jak obecny tylko inaczej pokolorowany. ","I don't know what the guidelines were for the work, maybe they caused such attachment to the previous form. This tram of the future is the same as the current one, only differently colored."
2024/12/09 1:07:48 PM CET,2024/12/09 1:07:48 PM CET,Tak,Yes,Tak,Yes,5 (b.dobrze),5 (very good),5 (b.dobrze),5 (very good),5 (b.dobrze),5 (very good),4,4,5 (b.dobrze),5 (very good),4  (dobrze),4 (good),5 (b.dobrze),5 (very good),4,4,3 (przeciętnie),3 (average),4  (dobrze),4 (good),4  (dobrze),4 (good),3,3,5 (b.dobrze),5 (very good),4  (dobrze),4 (good),4  (dobrze),4 (good),3,3,3 (przeciętnie),3 (average),3 (przeciętnie),3 (average),3 (przeciętnie),3 (average),3,3,2 (słabo),2 (poor),4  (dobrze),4 (good),3 (przeciętnie),3 (average),2,2,2 (słabo),2 (poor),4  (dobrze),4 (good),3 (przeciętnie),3 (average),2,2,4  (dobrze),4 (good),5 (b.dobrze),5 (very good),4  (dobrze),4 (good),3,3,3 (przeciętnie),3 (average),4  (dobrze),4 (good),3 (przeciętnie),3 (average),3,3,3 (przeciętnie),3 (average),3 (przeciętnie),3 (average),3 (przeciętnie),3 (average),2,2,Mężczyzna,Male,Magister,Master's degree,Architektura,Architecture,Praca projektowa,Project work,11–20,11–20,Pinterest;Behance;Wyszukiwarka Google,Pinterest;Behance;Google search,4  (dobrze),4 (good),4  (dobrze),4 (good),4  (dobrze),4 (good),4,4,5 (b.dobrze),5 (very good),4  (dobrze),4 (good),4  (dobrze),4 (good),4,4,3 (przeciętnie),3 (average),3 (przeciętnie),3 (average),3 (przeciętnie),3 (average),2,2,3 (przeciętnie),3 (average),4  (dobrze),4 (good),2 (słabo),2 (poor),3,3,3 (przeciętnie),3 (average),4  (dobrze),4 (good),4  (dobrze),4 (good),3,3,5 (b.dobrze),5 (very good),3 (przeciętnie),3 (average),2 (słabo),2 (poor),4,4,3 (przeciętnie),3 (average),3 (przeciętnie),3 (average),4  (dobrze),4 (good),3,3,4  (dobrze),4 (good),4  (dobrze),4 (good),3 (przeciętnie),3 (average),4,4,3 (przeciętnie),3 (average),4  (dobrze),4 (good),3 (przeciętnie),3 (average),3,3,3 (przeciętnie),3 (average),3 (przeciętnie),3 (average),4  (dobrze),4 (good),2,2,"Nie korzystam, ale słyszałem/am o ich istnieniu","Don't use, but heard about it","Tak, zdecydowanie.","Yes, definitely",3 (przeciętnie),3 (average),3 (przeciętnie),3 (average),3 (przeciętnie),3 (average),2,2,3 (przeciętnie),3 (average),2 (słabo),2 (poor),3 (przeciętnie),3 (average),2,2,3 (przeciętnie),3 (average),3 (przeciętnie),3 (average),3 (przeciętnie),3 (average),2,2,3 (przeciętnie),3 (average),3 (przeciętnie),3 (average),2 (słabo),2 (poor),2,2,2 (słabo),2 (poor),2 (słabo),2 (poor),2 (słabo),2 (poor),2,2,3 (przeciętnie),3 (average),4  (dobrze),4 (good),2 (słabo),2 (poor),2,2,"Tak, więcej niż jeden projekt zwrócił moją uwagę na nowe rozwiązania w zadanym temacie","Yes, more than one project drew my attention to new solutions in a given topic",Projekt nr 1;Projekt nr 2;Projekt nr 8;Projekt nr 12;Projekt nr 19,Project no. 1;Project no. 2;Project no. 8;Project no. 12;Project no. 19,,
2024/12/09 9:32:03 PM CET,2024/12/09 9:32:03 PM CET,Tak,Yes,Tak,Yes,4  (dobrze),4 (good),5 (b.dobrze),5 (very good),5 (b.dobrze),5 (very good),3,3,4  (dobrze),4 (good),4  (dobrze),4 (good),4  (dobrze),4 (good),3,3,4  (dobrze),4 (good),3 (przeciętnie),3 (average),4  (dobrze),4 (good),3,3,5 (b.dobrze),5 (very good),5 (b.dobrze),5 (very good),4  (dobrze),4 (good),4,4,3 (przeciętnie),3 (average),2 (słabo),2 (poor),2 (słabo),2 (poor),2,2,2 (słabo),2 (poor),2 (słabo),2 (poor),1 (b.słabo),1 (very poor),1,1,3 (przeciętnie),3 (average),2 (słabo),2 (poor),1 (b.słabo),1 (very poor),2,2,4  (dobrze),4 (good),4  (dobrze),4 (good),4  (dobrze),4 (good),4,4,4  (dobrze),4 (good),3 (przeciętnie),3 (average),2 (słabo),2 (poor),3,3,2 (słabo),2 (poor),1 (b.słabo),1 (very poor),1 (b.słabo),1 (very poor),1,1,Kobieta,Female,Licencjat,Bachelor's degree,Architektura wnętrz,Interior design,Praca projektowa,Project work,0–5,0–5,Pinterest;Instagram;Behance,Pinterest;Instagram;Behance,4  (dobrze),4 (good),4  (dobrze),4 (good),3 (przeciętnie),3 (average),3,3,5 (b.dobrze),5 (very good),5 (b.dobrze),5 (very good),4  (dobrze),4 (good),4,4,3 (przeciętnie),3 (average),2 (słabo),2 (poor),2 (słabo),2 (poor),2,2,4  (dobrze),4 (good),4  (dobrze),4 (good),3 (przeciętnie),3 (average),3,3,4  (dobrze),4 (good),5 (b.dobrze),5 (very good),5 (b.dobrze),5 (very good),4,4,5 (b.dobrze),5 (very good),5 (b.dobrze),5 (very good),3 (przeciętnie),3 (average),5,5,4  (dobrze),4 (good),5 (b.dobrze),5 (very good),5 (b.dobrze),5 (very good),4,4,4  (dobrze),4 (good),5 (b.dobrze),5 (very good),5 (b.dobrze),5 (very good),5,5,4  (dobrze),4 (good),5 (b.dobrze),5 (very good),5 (b.dobrze),5 (very good),4,4,3 (przeciętnie),3 (average),5 (b.dobrze),5 (very good),5 (b.dobrze),5 (very good),3,3,"Tak, ale tylko raz","Yes, but only once","Tak, ale w ograniczonym zakresie.","Yes, but in a limited way",5 (b.dobrze),5 (very good),3 (przeciętnie),3 (average),4  (dobrze),4 (good),3,3,4  (dobrze),4 (good),3 (przeciętnie),3 (average),3 (przeciętnie),3 (average),3,3,2 (słabo),2 (poor),1 (b.słabo),1 (very poor),2 (słabo),2 (poor),1,1,5 (b.dobrze),5 (very good),5 (b.dobrze),5 (very good),4  (dobrze),4 (good),4,4,3 (przeciętnie),3 (average),3 (przeciętnie),3 (average),3 (przeciętnie),3 (average),2,2,2 (słabo),2 (poor),2 (słabo),2 (poor),3 (przeciętnie),3 (average),2,2,"Tak, więcej niż jeden projekt zwrócił moją uwagę na nowe rozwiązania w zadanym temacie","Yes, more than one project drew my attention to new solutions in a given topic",Projekt nr 1;Projekt nr 3;Projekt nr 8;Projekt nr 16;Projekt nr 17;Projekt nr 18;Projekt nr 19;Projekt nr 20;Projekt nr 21;Projekt nr 26,Project no. 1;Project no. 3;Project no. 8;Project no. 16;Project no. 17;Project no. 18;Project no. 19;Project no. 20;Project no. 21;Project no. 26,,
2024/12/10 3:51:18 AM CET,2024/12/10 3:51:18 AM CET,Tak,Yes,Tak,Yes,3 (przeciętnie),3 (average),5 (b.dobrze),5 (very good),4  (dobrze),4 (good),2,2,3 (przeciętnie),3 (average),5 (b.dobrze),5 (very good),4  (dobrze),4 (good),2,2,3 (przeciętnie),3 (average),4  (dobrze),4 (good),4  (dobrze),4 (good),2,2,3 (przeciętnie),3 (average),3 (przeciętnie),3 (average),4  (dobrze),4 (good),2,2,4  (dobrze),4 (good),4  (dobrze),4 (good),5 (b.dobrze),5 (very good),3,3,3 (przeciętnie),3 (average),3 (przeciętnie),3 (average),3 (przeciętnie),3 (average),2,2,3 (przeciętnie),3 (average),3 (przeciętnie),3 (average),3 (przeciętnie),3 (average),2,2,3 (przeciętnie),3 (average),3 (przeciętnie),3 (average),3 (przeciętnie),3 (average),2,2,3 (przeciętnie),3 (average),3 (przeciętnie),3 (average),3 (przeciętnie),3 (average),2,2,2 (słabo),2 (poor),2 (słabo),2 (poor),2 (słabo),2 (poor),2,2,Kobieta,Female,Magister,Master's degree,Architektura wnętrz,Interior design,Praca projektowa;Edukacja akademicka,Project work;Academic education,11–20,11–20,Pinterest;Wyszukiwarka Google,Pinterest;Google search,3 (przeciętnie),3 (average),3 (przeciętnie),3 (average),3 (przeciętnie),3 (average),2,2,3 (przeciętnie),3 (average),4  (dobrze),4 (good),3 (przeciętnie),3 (average),2,2,3 (przeciętnie),3 (average),2 (słabo),2 (poor),3 (przeciętnie),3 (average),2,2,3 (przeciętnie),3 (average),3 (przeciętnie),3 (average),3 (przeciętnie),3 (average),2,2,3 (przeciętnie),3 (average),3 (przeciętnie),3 (average),3 (przeciętnie),3 (average),2,2,5 (b.dobrze),5 (very good),4  (dobrze),4 (good),5 (b.dobrze),5 (very good),5,5,3 (przeciętnie),3 (average),3 (przeciętnie),3 (average),3 (przeciętnie),3 (average),2,2,3 (przeciętnie),3 (average),4  (dobrze),4 (good),4  (dobrze),4 (good),3,3,3 (przeciętnie),3 (average),3 (przeciętnie),3 (average),3 (przeciętnie),3 (average),2,2,3 (przeciętnie),3 (average),3 (przeciętnie),3 (average),3 (przeciętnie),3 (average),2,2,"Tak, kilkukrotnie","Yes, a couple times","Tak, ale w ograniczonym zakresie.","Yes, but in a limited way",3 (przeciętnie),3 (average),3 (przeciętnie),3 (average),3 (przeciętnie),3 (average),2,2,3 (przeciętnie),3 (average),3 (przeciętnie),3 (average),3 (przeciętnie),3 (average),2,2,3 (przeciętnie),3 (average),3 (przeciętnie),3 (average),3 (przeciętnie),3 (average),2,2,3 (przeciętnie),3 (average),3 (przeciętnie),3 (average),3 (przeciętnie),3 (average),2,2,3 (przeciętnie),3 (average),3 (przeciętnie),3 (average),3 (przeciętnie),3 (average),2,2,3 (przeciętnie),3 (average),3 (przeciętnie),3 (average),3 (przeciętnie),3 (average),2,2,"Tak, tylko jeden projekt zwrócił moją uwagę na nowe rozwiązanie w zadanym temacie","Yes, only one project drew my attention to a new solution in the given topic",Projekt nr 16,Project no. 16,"Bardzo ciekawa ankieta. Ogromna praca wlozona w przygotowanie projektow i ankiety - brawo. Zadanie pokazuje, ze ciezko nam sie oderwac od rozwiazan, ktore znamy juz z codziennego zycia. Nawet przy uzyciu AI, prawdziwe myslenie czy decydowanie sie na rozwiazania “out of the box”, ktore radykalnie zmieniaja podejscie do tematu to maly procent.  W AI jaki input, taki output - nie sprawi, ze bedziemy bardziej kreatywni, ale pomaga zebrac mysli do kupy. Oczywiście rozumiem , ze niektore tematy ciezko jest radykalnie zmienic (limity narzucone przez komunikacje miejska, “tramwaj to tramwaj, nie poszalejesz”), ale jesli temat jest Tramwaj Przyszlosci to radykalne rozwiazania takie jak tramwaj wiszacy musza sie pojawic. Konkretna zmiana i konkretna korzysc (mniej korkow) - to lubie. Za to estetycznie wszystkie prace bardzo fajnie. Gratuluje ogromnej pracy wlozonej przez studentow i Panie Prowadzące! Pozdrawiam ","Very interesting survey. A huge amount of work put into preparing the projects and the survey - bravo. The task shows that it is hard for us to break away from solutions that we already know from everyday life. Even when using AI, real thinking or deciding on solutions ""out of the box"" that radically change the approach to the subject is a small percentage. In AI, such input, such output - it will not make us more creative, but it helps to gather our thoughts together. Of course, I understand that some topics are difficult to change radically (limits imposed by public transport, ""a tram is a tram, you won't go crazy""), but if the topic is the Tram of the Future, then radical solutions such as a hanging tram must appear. A specific change and a specific benefit (fewer traffic jams) - I like that. On the other hand, aesthetically all the works are very nice. Congratulations on the great work put in by the students and the teachers! Best regards"
2024/12/10 8:50:04 AM CET,2024/12/10 8:50:04 AM CET,Tak,Yes,Tak,Yes,3 (przeciętnie),3 (average),3 (przeciętnie),3 (average),5 (b.dobrze),5 (very good),3,3,5 (b.dobrze),5 (very good),4  (dobrze),4 (good),3 (przeciętnie),3 (average),3,3,4  (dobrze),4 (good),4  (dobrze),4 (good),4  (dobrze),4 (good),3,3,4  (dobrze),4 (good),4  (dobrze),4 (good),5 (b.dobrze),5 (very good),4,4,3 (przeciętnie),3 (average),3 (przeciętnie),3 (average),4  (dobrze),4 (good),3,3,3 (przeciętnie),3 (average),3 (przeciętnie),3 (average),3 (przeciętnie),3 (average),2,2,5 (b.dobrze),5 (very good),4  (dobrze),4 (good),4  (dobrze),4 (good),3,3,5 (b.dobrze),5 (very good),3 (przeciętnie),3 (average),3 (przeciętnie),3 (average),3,3,5 (b.dobrze),5 (very good),3 (przeciętnie),3 (average),4  (dobrze),4 (good),3,3,4  (dobrze),4 (good),3 (przeciętnie),3 (average),3 (przeciętnie),3 (average),3,3,Kobieta,Female,Magister,Master's degree,Architektura wnętrz,Interior design,Praca projektowa,Project work,0–5,0–5,Pinterest;Behance,Pinterest;Behance,3 (przeciętnie),3 (average),2 (słabo),2 (poor),3 (przeciętnie),3 (average),2,2,4  (dobrze),4 (good),3 (przeciętnie),3 (average),4  (dobrze),4 (good),4,4,5 (b.dobrze),5 (very good),4  (dobrze),4 (good),4  (dobrze),4 (good),4,4,5 (b.dobrze),5 (very good),4  (dobrze),4 (good),5 (b.dobrze),5 (very good),4,4,4  (dobrze),4 (good),4  (dobrze),4 (good),4  (dobrze),4 (good),4,4,5 (b.dobrze),5 (very good),3 (przeciętnie),3 (average),3 (przeciętnie),3 (average),3,3,5 (b.dobrze),5 (very good),5 (b.dobrze),5 (very good),5 (b.dobrze),5 (very good),5,5,5 (b.dobrze),5 (very good),5 (b.dobrze),5 (very good),5 (b.dobrze),5 (very good),5,5,4  (dobrze),4 (good),4  (dobrze),4 (good),4  (dobrze),4 (good),4,4,3 (przeciętnie),3 (average),3 (przeciętnie),3 (average),3 (przeciętnie),3 (average),3,3,"Nie korzystam, ale słyszałem/am o ich istnieniu","Don't use, but heard about it","Tak, ale w ograniczonym zakresie.","Yes, but in a limited way",3 (przeciętnie),3 (average),3 (przeciętnie),3 (average),4  (dobrze),4 (good),4,4,3 (przeciętnie),3 (average),3 (przeciętnie),3 (average),4  (dobrze),4 (good),4,4,3 (przeciętnie),3 (average),3 (przeciętnie),3 (average),3 (przeciętnie),3 (average),2,2,4  (dobrze),4 (good),3 (przeciętnie),3 (average),4  (dobrze),4 (good),4,4,3 (przeciętnie),3 (average),3 (przeciętnie),3 (average),3 (przeciętnie),3 (average),2,2,5 (b.dobrze),5 (very good),4  (dobrze),4 (good),4  (dobrze),4 (good),4,4,"Tak, więcej niż jeden projekt zwrócił moją uwagę na nowe rozwiązania w zadanym temacie","Yes, more than one project drew my attention to new solutions in a given topic",Projekt nr 16;Projekt nr 17,Project no. 16;Project no. 17,,
2024/12/10 1:22:38 PM CET,2024/12/10 1:22:38 PM CET,Tak,Yes,Tak,Yes,2 (słabo),2 (poor),3 (przeciętnie),3 (average),2 (słabo),2 (poor),1,1,3 (przeciętnie),3 (average),4  (dobrze),4 (good),3 (przeciętnie),3 (average),2,2,4  (dobrze),4 (good),4  (dobrze),4 (good),3 (przeciętnie),3 (average),4,4,4  (dobrze),4 (good),4  (dobrze),4 (good),4  (dobrze),4 (good),3,3,3 (przeciętnie),3 (average),3 (przeciętnie),3 (average),2 (słabo),2 (poor),3,3,4  (dobrze),4 (good),4  (dobrze),4 (good),4  (dobrze),4 (good),3,3,1 (b.słabo),1 (very poor),1 (b.słabo),1 (very poor),1 (b.słabo),1 (very poor),1,1,4  (dobrze),4 (good),5 (b.dobrze),5 (very good),4  (dobrze),4 (good),4,4,4  (dobrze),4 (good),4  (dobrze),4 (good),4  (dobrze),4 (good),3,3,1 (b.słabo),1 (very poor),1 (b.słabo),1 (very poor),1 (b.słabo),1 (very poor),1,1,Kobieta,Female,Magister,Master's degree,Wzornictwo przemysłowe;Meble,Industrial design;Furniture,Praca projektowa,Project work,11–20,11–20,"Pinterest;Wyszukiwarka Google;obserwacja otoczenia, ankiety z odpowiedziami potencjalnych użytkowników",Pinterest;Google search;surroundings; user surveys,2 (słabo),2 (poor),4  (dobrze),4 (good),3 (przeciętnie),3 (average),2,2,4  (dobrze),4 (good),5 (b.dobrze),5 (very good),4  (dobrze),4 (good),4,4,4  (dobrze),4 (good),2 (słabo),2 (poor),4  (dobrze),4 (good),3,3,4  (dobrze),4 (good),5 (b.dobrze),5 (very good),4  (dobrze),4 (good),4,4,4  (dobrze),4 (good),5 (b.dobrze),5 (very good),4  (dobrze),4 (good),4,4,5 (b.dobrze),5 (very good),4  (dobrze),4 (good),4  (dobrze),4 (good),5,5,3 (przeciętnie),3 (average),3 (przeciętnie),3 (average),4  (dobrze),4 (good),2,2,5 (b.dobrze),5 (very good),5 (b.dobrze),5 (very good),5 (b.dobrze),5 (very good),5,5,3 (przeciętnie),3 (average),4  (dobrze),4 (good),4  (dobrze),4 (good),3,3,4  (dobrze),4 (good),2 (słabo),2 (poor),3 (przeciętnie),3 (average),2,2,"Nie korzystam, ale słyszałem/am o ich istnieniu","Don't use, but heard about it","Tak, zdecydowanie.","Yes, definitely",4  (dobrze),4 (good),4  (dobrze),4 (good),5 (b.dobrze),5 (very good),4,4,3 (przeciętnie),3 (average),2 (słabo),2 (poor),2 (słabo),2 (poor),2,2,3 (przeciętnie),3 (average),2 (słabo),2 (poor),3 (przeciętnie),3 (average),2,2,4  (dobrze),4 (good),4  (dobrze),4 (good),5 (b.dobrze),5 (very good),4,4,1 (b.słabo),1 (very poor),1 (b.słabo),1 (very poor),1 (b.słabo),1 (very poor),2,2,4  (dobrze),4 (good),4  (dobrze),4 (good),4  (dobrze),4 (good),4,4,"Tak, więcej niż jeden projekt zwrócił moją uwagę na nowe rozwiązania w zadanym temacie","Yes, more than one project drew my attention to new solutions in a given topic",Projekt nr 3;Projekt nr 8;Projekt nr 9;Projekt nr 12;Projekt nr 18;Projekt nr 24,Project no. 3;Project no. 8;Project no. 9;Project no. 12;Project no. 18;Project no. 24,,
2025/01/06 9:52:33 PM CET,2025/01/06 9:52:33 PM CET,Tak,Yes,Tak,Yes,1 (b.słabo),1 (very poor),3 (przeciętnie),3 (average),2 (słabo),2 (poor),2,2,1 (b.słabo),1 (very poor),2 (słabo),2 (poor),2 (słabo),2 (poor),1,1,1 (b.słabo),1 (very poor),2 (słabo),2 (poor),2 (słabo),2 (poor),2,2,2 (słabo),2 (poor),4  (dobrze),4 (good),3 (przeciętnie),3 (average),3,3,1 (b.słabo),1 (very poor),1 (b.słabo),1 (very poor),1 (b.słabo),1 (very poor),2,2,1 (b.słabo),1 (very poor),2 (słabo),2 (poor),1 (b.słabo),1 (very poor),1,1,2 (słabo),2 (poor),3 (przeciętnie),3 (average),2 (słabo),2 (poor),2,2,3 (przeciętnie),3 (average),2 (słabo),2 (poor),3 (przeciętnie),3 (average),3,3,2 (słabo),2 (poor),3 (przeciętnie),3 (average),2 (słabo),2 (poor),2,2,1 (b.słabo),1 (very poor),1 (b.słabo),1 (very poor),1 (b.słabo),1 (very poor),1,1,Mężczyzna,Male,Magister,Master's degree,Architektura,Architecture,Praca projektowa;Działalność artystyczna,Project work;Artistic activity,0–5,0–5,Pinterest,Pinterest,2 (słabo),2 (poor),3 (przeciętnie),3 (average),2 (słabo),2 (poor),2,2,2 (słabo),2 (poor),2 (słabo),2 (poor),2 (słabo),2 (poor),1,1,1 (b.słabo),1 (very poor),1 (b.słabo),1 (very poor),1 (b.słabo),1 (very poor),1,1,2 (słabo),2 (poor),1 (b.słabo),1 (very poor),1 (b.słabo),1 (very poor),1,1,2 (słabo),2 (poor),3 (przeciętnie),3 (average),2 (słabo),2 (poor),2,2,4  (dobrze),4 (good),4  (dobrze),4 (good),4  (dobrze),4 (good),4,4,1 (b.słabo),1 (very poor),2 (słabo),2 (poor),1 (b.słabo),1 (very poor),1,1,1 (b.słabo),1 (very poor),2 (słabo),2 (poor),1 (b.słabo),1 (very poor),2,2,2 (słabo),2 (poor),2 (słabo),2 (poor),2 (słabo),2 (poor),2,2,2 (słabo),2 (poor),4  (dobrze),4 (good),2 (słabo),2 (poor),2,2,"Nie korzystam, ale słyszałem/am o ich istnieniu","Don't use, but heard about it","Tak, ale w ograniczonym zakresie.","Yes, but in a limited way",1 (b.słabo),1 (very poor),3 (przeciętnie),3 (average),2 (słabo),2 (poor),2,2,1 (b.słabo),1 (very poor),1 (b.słabo),1 (very poor),1 (b.słabo),1 (very poor),1,1,2 (słabo),2 (poor),2 (słabo),2 (poor),2 (słabo),2 (poor),2,2,2 (słabo),2 (poor),2 (słabo),2 (poor),2 (słabo),2 (poor),1,1,1 (b.słabo),1 (very poor),2 (słabo),2 (poor),2 (słabo),2 (poor),3,3,2 (słabo),2 (poor),2 (słabo),2 (poor),2 (słabo),2 (poor),1,1,"Nie, żaden projekt nie zwrócił mojej uwagi na nowe rozwiązanie w zadanym temacie","No, no project has drawn my attention to a new solution in the given topic",Projekt nr 16,Project no. 16,"Odnosi się wrażenie, że nie ma innowacyjności w tych projektach. Biorąc pod uwagę tramwaje przyszłości nie oczekuje się, że będą poruszać się po dwóch szynach czy będą miały zasilanie z drutów pod napięciem zlokalizowanymi standardowo nad nimi. AI zmieniło kształty siedzeń, pokazało irracjonalnie wielkie przeszklenia czy ""turbo nowoczesne"" ledy. Nie przedstawiono rozwiązań innowacyjnych. Co najwyżej połączone istniejące rozwiazania z kształtami prototypów pojazdow przyszłości jakie znamy - od obłych z paskami led po ciosane jak Tesla cybertruck. Uwagę przykuł tylko jeden projekt, który założył że tramwaj jest podwieszony i porusza się po odwróconym torze. Nie jest to nadwyraz zmyślne, ale jako jedyny projekt wprowadza coś innego. Był też nawet dobrze designersko zgrany. Ogólnie średnia ocena wszystkich projektów to 2/5 pod względem designu i 1/5 pod względem innowacyjności i zaskoczenia.","One gets the impression that there is no innovation in these projects. Considering the trams of the future, it is not expected that they will move on two rails or have power from live wires located above them as standard. AI changed the shapes of the seats, showed irrationally large glazing or ""turbo modern"" LEDs. No innovative solutions were presented. At most, existing solutions were combined with the shapes of prototypes of vehicles of the future as we know them - from rounded ones with LED strips to hewn like a Tesla cybertruck. Only one project caught attention, which assumed that the tram is suspended and moves on an inverted track. It is not overly clever, but it is the only project that introduces something different. It was also well-coordinated in terms of design. Overall, the average rating of all projects is 2/5 in terms of design and 1/5 in terms of innovation and surprise."
2025/01/07 3:09:31 PM CET,2025/01/07 3:09:31 PM CET,Tak,Yes,Tak,Yes,3 (przeciętnie),3 (average),5 (b.dobrze),5 (very good),4  (dobrze),4 (good),2,2,3 (przeciętnie),3 (average),5 (b.dobrze),5 (very good),4  (dobrze),4 (good),3,3,3 (przeciętnie),3 (average),2 (słabo),2 (poor),3 (przeciętnie),3 (average),3,3,3 (przeciętnie),3 (average),4  (dobrze),4 (good),4  (dobrze),4 (good),2,2,4  (dobrze),4 (good),3 (przeciętnie),3 (average),3 (przeciętnie),3 (average),2,2,2 (słabo),2 (poor),3 (przeciętnie),3 (average),2 (słabo),2 (poor),1,1,3 (przeciętnie),3 (average),3 (przeciętnie),3 (average),3 (przeciętnie),3 (average),2,2,4  (dobrze),4 (good),3 (przeciętnie),3 (average),2 (słabo),2 (poor),4,4,3 (przeciętnie),3 (average),2 (słabo),2 (poor),2 (słabo),2 (poor),2,2,3 (przeciętnie),3 (average),3 (przeciętnie),3 (average),3 (przeciętnie),3 (average),2,2,Kobieta,Female,Magister,Master's degree,Architektura;Architektura wnętrz,Architecture;Interior design,Praca projektowa,Project work,6–10,6–10,Pinterest;Instagram,Pinterest;Instagram,3 (przeciętnie),3 (average),3 (przeciętnie),3 (average),3 (przeciętnie),3 (average),2,2,4  (dobrze),4 (good),4  (dobrze),4 (good),3 (przeciętnie),3 (average),3,3,1 (b.słabo),1 (very poor),1 (b.słabo),1 (very poor),1 (b.słabo),1 (very poor),1,1,4  (dobrze),4 (good),3 (przeciętnie),3 (average),3 (przeciętnie),3 (average),3,3,3 (przeciętnie),3 (average),3 (przeciętnie),3 (average),3 (przeciętnie),3 (average),3,3,5 (b.dobrze),5 (very good),2 (słabo),2 (poor),4  (dobrze),4 (good),5,5,3 (przeciętnie),3 (average),3 (przeciętnie),3 (average),3 (przeciętnie),3 (average),3,3,5 (b.dobrze),5 (very good),4  (dobrze),4 (good),4  (dobrze),4 (good),4,4,3 (przeciętnie),3 (average),4  (dobrze),4 (good),4  (dobrze),4 (good),4,4,4  (dobrze),4 (good),4  (dobrze),4 (good),4  (dobrze),4 (good),4,4,"Nie korzystam, ale słyszałem/am o ich istnieniu","Don't use, but heard about it","Tak, ale w ograniczonym zakresie.","Yes, but in a limited way",3 (przeciętnie),3 (average),2 (słabo),2 (poor),3 (przeciętnie),3 (average),3,3,3 (przeciętnie),3 (average),2 (słabo),2 (poor),2 (słabo),2 (poor),2,2,3 (przeciętnie),3 (average),2 (słabo),2 (poor),2 (słabo),2 (poor),2,2,3 (przeciętnie),3 (average),1 (b.słabo),1 (very poor),2 (słabo),2 (poor),2,2,2 (słabo),2 (poor),1 (b.słabo),1 (very poor),2 (słabo),2 (poor),1,1,2 (słabo),2 (poor),2 (słabo),2 (poor),2 (słabo),2 (poor),2,2,"Tak, więcej niż jeden projekt zwrócił moją uwagę na nowe rozwiązania w zadanym temacie","Yes, more than one project drew my attention to new solutions in a given topic",Projekt nr 4;Projekt nr 16;Projekt nr 26,Project no. 4;Project no. 16;Project no. 26,,
2025/01/08 1:19:33 AM CET,2025/01/08 1:19:33 AM CET,Tak,Yes,Tak,Yes,4  (dobrze),4 (good),4  (dobrze),4 (good),4  (dobrze),4 (good),3,3,4  (dobrze),4 (good),4  (dobrze),4 (good),4  (dobrze),4 (good),3,3,3 (przeciętnie),3 (average),3 (przeciętnie),3 (average),3 (przeciętnie),3 (average),3,3,5 (b.dobrze),5 (very good),5 (b.dobrze),5 (very good),5 (b.dobrze),5 (very good),4,4,3 (przeciętnie),3 (average),3 (przeciętnie),3 (average),nie mam zdania / trudno powiedzieć,no opinion / hard to tell,3,3,2 (słabo),2 (poor),2 (słabo),2 (poor),3 (przeciętnie),3 (average),1,1,3 (przeciętnie),3 (average),3 (przeciętnie),3 (average),3 (przeciętnie),3 (average),2,2,3 (przeciętnie),3 (average),2 (słabo),2 (poor),3 (przeciętnie),3 (average),2,2,2 (słabo),2 (poor),2 (słabo),2 (poor),2 (słabo),2 (poor),1,1,3 (przeciętnie),3 (average),3 (przeciętnie),3 (average),2 (słabo),2 (poor),1,1,Kobieta,Female,Magister,Master's degree,Architektura,Architecture,Praca projektowa,Project work,6–10,6–10,Pinterest;Instagram;Wyszukiwarka Google,Pinterest;Instagram;Google search,3 (przeciętnie),3 (average),3 (przeciętnie),3 (average),3 (przeciętnie),3 (average),3,3,3 (przeciętnie),3 (average),3 (przeciętnie),3 (average),3 (przeciętnie),3 (average),2,2,2 (słabo),2 (poor),2 (słabo),2 (poor),2 (słabo),2 (poor),2,2,3 (przeciętnie),3 (average),2 (słabo),2 (poor),3 (przeciętnie),3 (average),2,2,3 (przeciętnie),3 (average),3 (przeciętnie),3 (average),3 (przeciętnie),3 (average),3,3,4  (dobrze),4 (good),3 (przeciętnie),3 (average),3 (przeciętnie),3 (average),3,3,3 (przeciętnie),3 (average),4  (dobrze),4 (good),4  (dobrze),4 (good),3,3,3 (przeciętnie),3 (average),3 (przeciętnie),3 (average),3 (przeciętnie),3 (average),3,3,3 (przeciętnie),3 (average),3 (przeciętnie),3 (average),3 (przeciętnie),3 (average),3,3,3 (przeciętnie),3 (average),4  (dobrze),4 (good),3 (przeciętnie),3 (average),2,2,"Nie korzystam, ale słyszałem/am o ich istnieniu","Don't use, but heard about it","Tak, ale w ograniczonym zakresie.","Yes, but in a limited way",3 (przeciętnie),3 (average),3 (przeciętnie),3 (average),3 (przeciętnie),3 (average),3,3,3 (przeciętnie),3 (average),2 (słabo),2 (poor),2 (słabo),2 (poor),2,2,3 (przeciętnie),3 (average),3 (przeciętnie),3 (average),3 (przeciętnie),3 (average),1,1,3 (przeciętnie),3 (average),3 (przeciętnie),3 (average),3 (przeciętnie),3 (average),2,2,3 (przeciętnie),3 (average),3 (przeciętnie),3 (average),3 (przeciętnie),3 (average),2,2,3 (przeciętnie),3 (average),2 (słabo),2 (poor),2 (słabo),2 (poor),1,1,"Tak, więcej niż jeden projekt zwrócił moją uwagę na nowe rozwiązania w zadanym temacie","Yes, more than one project drew my attention to new solutions in a given topic",Projekt nr 1;Projekt nr 3,Project no. 1;Project no. 3,,
2025/01/08 9:26:53 AM CET,2025/01/08 9:26:53 AM CET,Tak,Yes,Tak,Yes,3 (przeciętnie),3 (average),3 (przeciętnie),3 (average),3 (przeciętnie),3 (average),3,3,4  (dobrze),4 (good),4  (dobrze),4 (good),5 (b.dobrze),5 (very good),4,4,4  (dobrze),4 (good),3 (przeciętnie),3 (average),3 (przeciętnie),3 (average),3,3,4  (dobrze),4 (good),4  (dobrze),4 (good),4  (dobrze),4 (good),4,4,2 (słabo),2 (poor),2 (słabo),2 (poor),3 (przeciętnie),3 (average),2,2,1 (b.słabo),1 (very poor),1 (b.słabo),1 (very poor),1 (b.słabo),1 (very poor),1,1,2 (słabo),2 (poor),2 (słabo),2 (poor),2 (słabo),2 (poor),2,2,5 (b.dobrze),5 (very good),4  (dobrze),4 (good),4  (dobrze),4 (good),4,4,3 (przeciętnie),3 (average),3 (przeciętnie),3 (average),3 (przeciętnie),3 (average),3,3,2 (słabo),2 (poor),2 (słabo),2 (poor),2 (słabo),2 (poor),2,2,Kobieta,Female,Magister,Master's degree,Architektura,Architecture,Praca projektowa,Project work,11–20,11–20,Pinterest;Instagram,Pinterest;Instagram,3 (przeciętnie),3 (average),3 (przeciętnie),3 (average),3 (przeciętnie),3 (average),3,3,4  (dobrze),4 (good),3 (przeciętnie),3 (average),4  (dobrze),4 (good),4,4,3 (przeciętnie),3 (average),3 (przeciętnie),3 (average),3 (przeciętnie),3 (average),3,3,4  (dobrze),4 (good),4  (dobrze),4 (good),4  (dobrze),4 (good),3,3,3 (przeciętnie),3 (average),3 (przeciętnie),3 (average),3 (przeciętnie),3 (average),3,3,3 (przeciętnie),3 (average),3 (przeciętnie),3 (average),3 (przeciętnie),3 (average),3,3,4  (dobrze),4 (good),3 (przeciętnie),3 (average),4  (dobrze),4 (good),4,4,4  (dobrze),4 (good),4  (dobrze),4 (good),4  (dobrze),4 (good),3,3,4  (dobrze),4 (good),4  (dobrze),4 (good),4  (dobrze),4 (good),3,3,3 (przeciętnie),3 (average),3 (przeciętnie),3 (average),3 (przeciętnie),3 (average),3,3,"Nie korzystam, ale słyszałem/am o ich istnieniu","Don't use, but heard about it","Tak, zdecydowanie.","Yes, definitely",3 (przeciętnie),3 (average),3 (przeciętnie),3 (average),3 (przeciętnie),3 (average),3,3,2 (słabo),2 (poor),2 (słabo),2 (poor),2 (słabo),2 (poor),2,2,2 (słabo),2 (poor),2 (słabo),2 (poor),2 (słabo),2 (poor),2,2,4  (dobrze),4 (good),4  (dobrze),4 (good),4  (dobrze),4 (good),3,3,2 (słabo),2 (poor),2 (słabo),2 (poor),2 (słabo),2 (poor),3,3,3 (przeciętnie),3 (average),2 (słabo),2 (poor),3 (przeciętnie),3 (average),3,3,"Tak, tylko jeden projekt zwrócił moją uwagę na nowe rozwiązanie w zadanym temacie","Yes, only one project drew my attention to a new solution in the given topic",Projekt nr 2,Project no. 2,,
2025/01/09 4:42:20 AM CET,2025/01/09 4:42:20 AM CET,Tak,Yes,Tak,Yes,5 (b.dobrze),5 (very good),5 (b.dobrze),5 (very good),4  (dobrze),4 (good),4,4,5 (b.dobrze),5 (very good),5 (b.dobrze),5 (very good),5 (b.dobrze),5 (very good),4,4,5 (b.dobrze),5 (very good),5 (b.dobrze),5 (very good),4  (dobrze),4 (good),4,4,5 (b.dobrze),5 (very good),5 (b.dobrze),5 (very good),5 (b.dobrze),5 (very good),4,4,5 (b.dobrze),5 (very good),5 (b.dobrze),5 (very good),4  (dobrze),4 (good),4,4,4  (dobrze),4 (good),4  (dobrze),4 (good),4  (dobrze),4 (good),3,3,5 (b.dobrze),5 (very good),5 (b.dobrze),5 (very good),4  (dobrze),4 (good),4,4,3 (przeciętnie),3 (average),5 (b.dobrze),5 (very good),4  (dobrze),4 (good),3,3,5 (b.dobrze),5 (very good),5 (b.dobrze),5 (very good),4  (dobrze),4 (good),4,4,3 (przeciętnie),3 (average),3 (przeciętnie),3 (average),3 (przeciętnie),3 (average),3,3,Kobieta,Female,Magister,Master's degree,Architektura,Architecture,Praca projektowa,Project work,11–20,11–20,Nie korzystam z inspiracji internetowych,I don’t use internet inspiration,5 (b.dobrze),5 (very good),5 (b.dobrze),5 (very good),5 (b.dobrze),5 (very good),5,5,5 (b.dobrze),5 (very good),5 (b.dobrze),5 (very good),4  (dobrze),4 (good),4,4,3 (przeciętnie),3 (average),3 (przeciętnie),3 (average),3 (przeciętnie),3 (average),3,3,4  (dobrze),4 (good),4  (dobrze),4 (good),3 (przeciętnie),3 (average),3,3,5 (b.dobrze),5 (very good),5 (b.dobrze),5 (very good),4  (dobrze),4 (good),4,4,5 (b.dobrze),5 (very good),4  (dobrze),4 (good),4  (dobrze),4 (good),4,4,5 (b.dobrze),5 (very good),5 (b.dobrze),5 (very good),5 (b.dobrze),5 (very good),5,5,5 (b.dobrze),5 (very good),5 (b.dobrze),5 (very good),4  (dobrze),4 (good),4,4,4  (dobrze),4 (good),4  (dobrze),4 (good),4  (dobrze),4 (good),4,4,5 (b.dobrze),5 (very good),5 (b.dobrze),5 (very good),5 (b.dobrze),5 (very good),4,4,"Nie korzystam, ale słyszałem/am o ich istnieniu","Don't use, but heard about it",Nie widzę w nich przyszłości.,No,5 (b.dobrze),5 (very good),5 (b.dobrze),5 (very good),5 (b.dobrze),5 (very good),4,4,4  (dobrze),4 (good),4  (dobrze),4 (good),4  (dobrze),4 (good),3,3,5 (b.dobrze),5 (very good),5 (b.dobrze),5 (very good),4  (dobrze),4 (good),4,4,4  (dobrze),4 (good),4  (dobrze),4 (good),3 (przeciętnie),3 (average),3,3,4  (dobrze),4 (good),4  (dobrze),4 (good),3 (przeciętnie),3 (average),3,3,4  (dobrze),4 (good),4  (dobrze),4 (good),4  (dobrze),4 (good),3,3,"Tak, tylko jeden projekt zwrócił moją uwagę na nowe rozwiązanie w zadanym temacie","Yes, only one project drew my attention to a new solution in the given topic",Projekt nr 11,Project no. 11,"Mam wrażenie, że część projektów była zrobiona przy wspomaganiu AI - rozwiązania dają”ładne” obrazki w rzeczywistości projektowej i funkcjonalnej się nie sprawdza. Jedna praca była inna, nietypowa - ze względu na wnęki na wejścia dla pasażerów, bardzo ciekawe i tak na prawdę innowacyjne ( jedyne) ","I have the impression that some of the projects were made with AI support - the solutions give ""nice"" pictures, but in reality they do not work in design and functionality. One work was different, unusual - due to the niches for passenger entrances, very interesting and really innovative (the only one)"
2025/01/13 10:28:55 PM CET,2025/01/13 10:28:55 PM CET,Tak,Yes,Tak,Yes,2 (słabo),2 (poor),3 (przeciętnie),3 (average),2 (słabo),2 (poor),2,2,4  (dobrze),4 (good),5 (b.dobrze),5 (very good),2 (słabo),2 (poor),2,2,2 (słabo),2 (poor),1 (b.słabo),1 (very poor),3 (przeciętnie),3 (average),3,3,4  (dobrze),4 (good),4  (dobrze),4 (good),4  (dobrze),4 (good),4,4,1 (b.słabo),1 (very poor),1 (b.słabo),1 (very poor),1 (b.słabo),1 (very poor),1,1,4  (dobrze),4 (good),2 (słabo),2 (poor),4  (dobrze),4 (good),3,3,1 (b.słabo),1 (very poor),1 (b.słabo),1 (very poor),2 (słabo),2 (poor),1,1,5 (b.dobrze),5 (very good),5 (b.dobrze),5 (very good),4  (dobrze),4 (good),4,4,1 (b.słabo),1 (very poor),1 (b.słabo),1 (very poor),1 (b.słabo),1 (very poor),1,1,1 (b.słabo),1 (very poor),1 (b.słabo),1 (very poor),1 (b.słabo),1 (very poor),1,1,Kobieta,Female,Magister,Master's degree,Architektura,Architecture,Praca projektowa,Project work,11–20,11–20,"Pinterest;Instagram;Podróże, książki, zdjęcia, przyroda, historia, tożsamość regionalna, wywiad wśród użytkowników ","Pinterest;Instagram;Travel, books, photos, nature, history, regional identity, user surveys ",3 (przeciętnie),3 (average),3 (przeciętnie),3 (average),2 (słabo),2 (poor),2,2,2 (słabo),2 (poor),3 (przeciętnie),3 (average),2 (słabo),2 (poor),2,2,2 (słabo),2 (poor),1 (b.słabo),1 (very poor),1 (b.słabo),1 (very poor),4,4,2 (słabo),2 (poor),1 (b.słabo),1 (very poor),1 (b.słabo),1 (very poor),3,3,3 (przeciętnie),3 (average),5 (b.dobrze),5 (very good),3 (przeciętnie),3 (average),2,2,4  (dobrze),4 (good),2 (słabo),2 (poor),2 (słabo),2 (poor),4,4,3 (przeciętnie),3 (average),4  (dobrze),4 (good),4  (dobrze),4 (good),1,1,4  (dobrze),4 (good),4  (dobrze),4 (good),4  (dobrze),4 (good),4,4,2 (słabo),2 (poor),3 (przeciętnie),3 (average),2 (słabo),2 (poor),3,3,2 (słabo),2 (poor),3 (przeciętnie),3 (average),2 (słabo),2 (poor),2,2,"Tak, używam regularnie","Yes, I use it regurarly","Tak, zdecydowanie.","Yes, definitely",5 (b.dobrze),5 (very good),5 (b.dobrze),5 (very good),4  (dobrze),4 (good),4,4,2 (słabo),2 (poor),1 (b.słabo),1 (very poor),1 (b.słabo),1 (very poor),3,3,3 (przeciętnie),3 (average),3 (przeciętnie),3 (average),3 (przeciętnie),3 (average),2,2,1 (b.słabo),1 (very poor),1 (b.słabo),1 (very poor),1 (b.słabo),1 (very poor),1,1,1 (b.słabo),1 (very poor),1 (b.słabo),1 (very poor),1 (b.słabo),1 (very poor),1,1,2 (słabo),2 (poor),2 (słabo),2 (poor),3 (przeciętnie),3 (average),1,1,"Tak, więcej niż jeden projekt zwrócił moją uwagę na nowe rozwiązania w zadanym temacie","Yes, more than one project drew my attention to new solutions in a given topic",Projekt nr 4;Projekt nr 8;Projekt nr 15;Projekt nr 16;Projekt nr 18;Projekt nr 21,Project no. 4;Project no. 8;Project no. 15;Project no. 16;Project no. 18;Project no. 21,"Patrzę na te projekty w bardzo praktyczny sposób, uważam że jest w nich mało innowacyjnych, praktycznych rozwiazań, brak w nich odpowiedzi na problemy z podróżowaniem wszystkich grup społecznych. Brakuje wnich inkluzywnosci. Estetycznie są to przyjemne dla oka obrazki. ","I look at these projects in a very practical way, I think that there are few innovative, practical solutions in them, they do not provide answers to the problems of traveling of all social groups. They lack inclusiveness. Aesthetically, they are pictures that are pleasant to the eye."
2025/01/16 12:09:35 AM CET,2025/01/16 12:09:35 AM CET,Tak,Yes,Tak,Yes,2 (słabo),2 (poor),3 (przeciętnie),3 (average),3 (przeciętnie),3 (average),1,1,4  (dobrze),4 (good),4  (dobrze),4 (good),4  (dobrze),4 (good),3,3,4  (dobrze),4 (good),4  (dobrze),4 (good),3 (przeciętnie),3 (average),3,3,5 (b.dobrze),5 (very good),4  (dobrze),4 (good),5 (b.dobrze),5 (very good),4,4,5 (b.dobrze),5 (very good),4  (dobrze),4 (good),4  (dobrze),4 (good),4,4,1 (b.słabo),1 (very poor),2 (słabo),2 (poor),1 (b.słabo),1 (very poor),1,1,2 (słabo),2 (poor),3 (przeciętnie),3 (average),2 (słabo),2 (poor),1,1,3 (przeciętnie),3 (average),4  (dobrze),4 (good),3 (przeciętnie),3 (average),2,2,2 (słabo),2 (poor),3 (przeciętnie),3 (average),3 (przeciętnie),3 (average),1,1,1 (b.słabo),1 (very poor),1 (b.słabo),1 (very poor),1 (b.słabo),1 (very poor),1,1,Kobieta,Female,Magister,Master's degree,Architektura;Architektura wnętrz,Architecture;Interior design,Praca projektowa;Edukacja akademicka,Project work;Academic education,0–5,0–5,"Pinterest;Instagram;Behance;Midjourney, DALL-E, Stable Diffusion lub inne narzędzie graficzne oparte na AI","Pinterest;Instagram;Behance;Midjourney, DALL-E, Stable Diffusion and other",3 (przeciętnie),3 (average),3 (przeciętnie),3 (average),2 (słabo),2 (poor),2,2,3 (przeciętnie),3 (average),4  (dobrze),4 (good),4  (dobrze),4 (good),2,2,1 (b.słabo),1 (very poor),1 (b.słabo),1 (very poor),1 (b.słabo),1 (very poor),1,1,1 (b.słabo),1 (very poor),4  (dobrze),4 (good),1 (b.słabo),1 (very poor),1,1,3 (przeciętnie),3 (average),4  (dobrze),4 (good),3 (przeciętnie),3 (average),2,2,5 (b.dobrze),5 (very good),3 (przeciętnie),3 (average),4  (dobrze),4 (good),5,5,4  (dobrze),4 (good),5 (b.dobrze),5 (very good),4  (dobrze),4 (good),4,4,3 (przeciętnie),3 (average),5 (b.dobrze),5 (very good),3 (przeciętnie),3 (average),3,3,3 (przeciętnie),3 (average),5 (b.dobrze),5 (very good),4  (dobrze),4 (good),4,4,4  (dobrze),4 (good),5 (b.dobrze),5 (very good),4  (dobrze),4 (good),3,3,"Tak, kilkukrotnie","Yes, a couple times","Tak, ale w ograniczonym zakresie.","Yes, but in a limited way",5 (b.dobrze),5 (very good),4  (dobrze),4 (good),5 (b.dobrze),5 (very good),5,5,2 (słabo),2 (poor),3 (przeciętnie),3 (average),3 (przeciętnie),3 (average),4,4,4  (dobrze),4 (good),4  (dobrze),4 (good),4  (dobrze),4 (good),3,3,3 (przeciętnie),3 (average),2 (słabo),2 (poor),3 (przeciętnie),3 (average),2,2,1 (b.słabo),1 (very poor),1 (b.słabo),1 (very poor),1 (b.słabo),1 (very poor),1,1,3 (przeciętnie),3 (average),2 (słabo),2 (poor),3 (przeciętnie),3 (average),3,3,"Tak, tylko jeden projekt zwrócił moją uwagę na nowe rozwiązanie w zadanym temacie","Yes, only one project drew my attention to a new solution in the given topic",Projekt nr 16,Project no. 16,"Znaczna część projektów to powielone zwykłe tramwaje ze zmienionymi kolorami i ewentualnie kształtem obudowy. Mając do dyspozycji tak zaawansowane narzędzie jakim są generatory SI, studenci bez problemu byli wstanie stworzyć rozwiązania, które by zaskakiwały oraz dawały wrażenie przenoszenia się w czasie. Uzyskany efekt pokazuje, że głównym ograniczeniem jest przywiązanie studentów do tradycyjnych rozwiązań bez chęci puszczenia wodzy fantazji.","A significant portion of the projects are replicas of regular trams with changed colors and possibly the shape of the casing. With such an advanced tool as AI generators, students were able to easily create solutions that would surprise and give the impression of traveling in time. The obtained effect shows that the main limitation is the students' attachment to traditional solutions without the desire to let their imagination run wild."
2025/01/18 1:39:36 PM CET,2025/01/18 1:39:36 PM CET,Tak,Yes,Tak,Yes,4  (dobrze),4 (good),4  (dobrze),4 (good),4  (dobrze),4 (good),4,4,2 (słabo),2 (poor),4  (dobrze),4 (good),4  (dobrze),4 (good),2,2,4  (dobrze),4 (good),3 (przeciętnie),3 (average),2 (słabo),2 (poor),4,4,4  (dobrze),4 (good),4  (dobrze),4 (good),5 (b.dobrze),5 (very good),2,2,4  (dobrze),4 (good),2 (słabo),2 (poor),1 (b.słabo),1 (very poor),4,4,1 (b.słabo),1 (very poor),3 (przeciętnie),3 (average),5 (b.dobrze),5 (very good),1,1,2 (słabo),2 (poor),3 (przeciętnie),3 (average),5 (b.dobrze),5 (very good),2,2,4  (dobrze),4 (good),4  (dobrze),4 (good),4  (dobrze),4 (good),4,4,3 (przeciętnie),3 (average),3 (przeciętnie),3 (average),5 (b.dobrze),5 (very good),3,3,1 (b.słabo),1 (very poor),4  (dobrze),4 (good),5 (b.dobrze),5 (very good),1,1,Mężczyzna,Male,Magister,Master's degree,Architektura,Architecture,Praca projektowa,Project work,11–20,11–20,Pinterest;Behance;Wyszukiwarka Google,Pinterest;Behance;Google search,3 (przeciętnie),3 (average),4  (dobrze),4 (good),3 (przeciętnie),3 (average),3,3,4  (dobrze),4 (good),5 (b.dobrze),5 (very good),5 (b.dobrze),5 (very good),3,3,1 (b.słabo),1 (very poor),2 (słabo),2 (poor),4  (dobrze),4 (good),2,2,4  (dobrze),4 (good),4  (dobrze),4 (good),3 (przeciętnie),3 (average),4,4,4  (dobrze),4 (good),5 (b.dobrze),5 (very good),5 (b.dobrze),5 (very good),3,3,4  (dobrze),4 (good),4  (dobrze),4 (good),1 (b.słabo),1 (very poor),4,4,2 (słabo),2 (poor),4  (dobrze),4 (good),5 (b.dobrze),5 (very good),1,1,4  (dobrze),4 (good),5 (b.dobrze),5 (very good),4  (dobrze),4 (good),4,4,3 (przeciętnie),3 (average),4  (dobrze),4 (good),5 (b.dobrze),5 (very good),2,2,2 (słabo),2 (poor),4  (dobrze),4 (good),5 (b.dobrze),5 (very good),1,1,"Tak, ale tylko raz","Yes, but only once","Tak, zdecydowanie.","Yes, definitely",3 (przeciętnie),3 (average),4  (dobrze),4 (good),2 (słabo),2 (poor),2,2,2 (słabo),2 (poor),3 (przeciętnie),3 (average),5 (b.dobrze),5 (very good),2,2,1 (b.słabo),1 (very poor),3 (przeciętnie),3 (average),5 (b.dobrze),5 (very good),1,1,2 (słabo),2 (poor),3 (przeciętnie),3 (average),4  (dobrze),4 (good),2,2,3 (przeciętnie),3 (average),4  (dobrze),4 (good),5 (b.dobrze),5 (very good),3,3,3 (przeciętnie),3 (average),3 (przeciętnie),3 (average),3 (przeciętnie),3 (average),2,2,"Tak, więcej niż jeden projekt zwrócił moją uwagę na nowe rozwiązania w zadanym temacie","Yes, more than one project drew my attention to new solutions in a given topic",Projekt nr 5;Projekt nr 8;Projekt nr 12;Projekt nr 16;Projekt nr 18;Projekt nr 26,Project no. 5;Project no. 8;Project no. 12;Project no. 16;Project no. 18;Project no. 26,,
2025/01/21 10:58:35 AM CET,2025/01/21 10:58:35 AM CET,Tak,Yes,Tak,Yes,3 (przeciętnie),3 (average),4  (dobrze),4 (good),4  (dobrze),4 (good),3,3,4  (dobrze),4 (good),4  (dobrze),4 (good),4  (dobrze),4 (good),3,3,2 (słabo),2 (poor),4  (dobrze),4 (good),3 (przeciętnie),3 (average),4,4,4  (dobrze),4 (good),4  (dobrze),4 (good),4  (dobrze),4 (good),4,4,2 (słabo),2 (poor),2 (słabo),2 (poor),4  (dobrze),4 (good),4,4,1 (b.słabo),1 (very poor),2 (słabo),2 (poor),2 (słabo),2 (poor),1,1,3 (przeciętnie),3 (average),3 (przeciętnie),3 (average),3 (przeciętnie),3 (average),4,4,4  (dobrze),4 (good),2 (słabo),2 (poor),3 (przeciętnie),3 (average),4,4,2 (słabo),2 (poor),2 (słabo),2 (poor),3 (przeciętnie),3 (average),2,2,3 (przeciętnie),3 (average),4  (dobrze),4 (good),3 (przeciętnie),3 (average),2,2,Mężczyzna,Male,Magister,Master's degree,Architektura,Architecture,Praca naukowa;Praca projektowa;Edukacja akademicka;Działalność artystyczna,Scientific work;Project work;Academic education;Artistic activity,6–10,6–10,Instagram;Wyszukiwarka Google,Instagram;Google search,3 (przeciętnie),3 (average),2 (słabo),2 (poor),3 (przeciętnie),3 (average),2,2,4  (dobrze),4 (good),3 (przeciętnie),3 (average),5 (b.dobrze),5 (very good),4,4,4  (dobrze),4 (good),4  (dobrze),4 (good),4  (dobrze),4 (good),5,5,3 (przeciętnie),3 (average),2 (słabo),2 (poor),3 (przeciętnie),3 (average),2,2,3 (przeciętnie),3 (average),3 (przeciętnie),3 (average),3 (przeciętnie),3 (average),3,3,5 (b.dobrze),5 (very good),3 (przeciętnie),3 (average),5 (b.dobrze),5 (very good),5,5,3 (przeciętnie),3 (average),3 (przeciętnie),3 (average),2 (słabo),2 (poor),2,2,4  (dobrze),4 (good),4  (dobrze),4 (good),4  (dobrze),4 (good),3,3,3 (przeciętnie),3 (average),4  (dobrze),4 (good),3 (przeciętnie),3 (average),2,2,3 (przeciętnie),3 (average),4  (dobrze),4 (good),4  (dobrze),4 (good),2,2,"Nie korzystam, ale słyszałem/am o ich istnieniu","Don't use, but heard about it","Tak, ale w ograniczonym zakresie.","Yes, but in a limited way",3 (przeciętnie),3 (average),3 (przeciętnie),3 (average),3 (przeciętnie),3 (average),2,2,3 (przeciętnie),3 (average),3 (przeciętnie),3 (average),3 (przeciętnie),3 (average),2,2,2 (słabo),2 (poor),2 (słabo),2 (poor),3 (przeciętnie),3 (average),1,1,4  (dobrze),4 (good),4  (dobrze),4 (good),4  (dobrze),4 (good),3,3,5 (b.dobrze),5 (very good),4  (dobrze),4 (good),4  (dobrze),4 (good),4,4,3 (przeciętnie),3 (average),4  (dobrze),4 (good),3 (przeciętnie),3 (average),4,4,"Tak, więcej niż jeden projekt zwrócił moją uwagę na nowe rozwiązania w zadanym temacie","Yes, more than one project drew my attention to new solutions in a given topic",Projekt nr 4;Projekt nr 7;Projekt nr 13;Projekt nr 16;Projekt nr 25,Project no. 4;Project no. 7;Project no. 13;Project no. 16;Project no. 25,,
2025/01/21 3:46:14 PM CET,2025/01/21 3:46:14 PM CET,Tak,Yes,Tak,Yes,3 (przeciętnie),3 (average),3 (przeciętnie),3 (average),nie mam zdania / trudno powiedzieć,no opinion / hard to tell,2,2,4  (dobrze),4 (good),2 (słabo),2 (poor),3 (przeciętnie),3 (average),2,2,3 (przeciętnie),3 (average),4  (dobrze),4 (good),4  (dobrze),4 (good),3,3,4  (dobrze),4 (good),2 (słabo),2 (poor),3 (przeciętnie),3 (average),3,3,4  (dobrze),4 (good),2 (słabo),2 (poor),2 (słabo),2 (poor),4,4,2 (słabo),2 (poor),2 (słabo),2 (poor),2 (słabo),2 (poor),2,2,2 (słabo),2 (poor),2 (słabo),2 (poor),2 (słabo),2 (poor),2,2,3 (przeciętnie),3 (average),1 (b.słabo),1 (very poor),2 (słabo),2 (poor),2,2,2 (słabo),2 (poor),2 (słabo),2 (poor),2 (słabo),2 (poor),2,2,2 (słabo),2 (poor),2 (słabo),2 (poor),2 (słabo),2 (poor),2,2,Mężczyzna,Male,Magister,Master's degree,Architektura;Architektura wnętrz,Architecture;Interior design,Praca projektowa,Project work,6–10,6–10,Pinterest;Instagram;Wyszukiwarka Google;inne strony internetowe dotyczącego opracowywanego zagadnienia,Pinterest;Instagram;Google search;Related websites,nie mam zdania / trudno powiedzieć,no opinion / hard to tell,2 (słabo),2 (poor),3 (przeciętnie),3 (average),2,2,4  (dobrze),4 (good),2 (słabo),2 (poor),4  (dobrze),4 (good),4,4,3 (przeciętnie),3 (average),2 (słabo),2 (poor),3 (przeciętnie),3 (average),3,3,3 (przeciętnie),3 (average),3 (przeciętnie),3 (average),4  (dobrze),4 (good),3,3,3 (przeciętnie),3 (average),2 (słabo),2 (poor),3 (przeciętnie),3 (average),3,3,4  (dobrze),4 (good),2 (słabo),2 (poor),4  (dobrze),4 (good),3,3,4  (dobrze),4 (good),4  (dobrze),4 (good),4  (dobrze),4 (good),3,3,3 (przeciętnie),3 (average),4  (dobrze),4 (good),4  (dobrze),4 (good),3,3,4  (dobrze),4 (good),3 (przeciętnie),3 (average),3 (przeciętnie),3 (average),3,3,3 (przeciętnie),3 (average),3 (przeciętnie),3 (average),3 (przeciętnie),3 (average),3,3,"Tak, kilkukrotnie","Yes, a couple times","Tak, ale w ograniczonym zakresie.","Yes, but in a limited way",2 (słabo),2 (poor),3 (przeciętnie),3 (average),3 (przeciętnie),3 (average),3,3,3 (przeciętnie),3 (average),1 (b.słabo),1 (very poor),2 (słabo),2 (poor),4,4,2 (słabo),2 (poor),4  (dobrze),4 (good),2 (słabo),2 (poor),3,3,2 (słabo),2 (poor),2 (słabo),2 (poor),2 (słabo),2 (poor),3,3,3 (przeciętnie),3 (average),3 (przeciętnie),3 (average),3 (przeciętnie),3 (average),3,3,2 (słabo),2 (poor),2 (słabo),2 (poor),2 (słabo),2 (poor),2,2,"Tak, więcej niż jeden projekt zwrócił moją uwagę na nowe rozwiązania w zadanym temacie","Yes, more than one project drew my attention to new solutions in a given topic",Projekt nr 3;Projekt nr 14;Projekt nr 18,Project no. 3;Project no. 14;Project no. 18,Zasadniczo wszystkie są bardzo podobne. Trochę przeprojektowane  i udziwnione,Basically they are all very similar. A bit redesigned and weirded out
2025/01/21 5:48:31 PM CET,2025/01/21 5:48:31 PM CET,Tak,Yes,Tak,Yes,3 (przeciętnie),3 (average),5 (b.dobrze),5 (very good),5 (b.dobrze),5 (very good),2,2,4  (dobrze),4 (good),4  (dobrze),4 (good),4  (dobrze),4 (good),2,2,3 (przeciętnie),3 (average),4  (dobrze),4 (good),2 (słabo),2 (poor),2,2,2 (słabo),2 (poor),3 (przeciętnie),3 (average),2 (słabo),2 (poor),2,2,3 (przeciętnie),3 (average),4  (dobrze),4 (good),3 (przeciętnie),3 (average),2,2,3 (przeciętnie),3 (average),4  (dobrze),4 (good),4  (dobrze),4 (good),2,2,2 (słabo),2 (poor),2 (słabo),2 (poor),3 (przeciętnie),3 (average),2,2,2 (słabo),2 (poor),2 (słabo),2 (poor),2 (słabo),2 (poor),2,2,3 (przeciętnie),3 (average),3 (przeciętnie),3 (average),3 (przeciętnie),3 (average),2,2,3 (przeciętnie),3 (average),3 (przeciętnie),3 (average),2 (słabo),2 (poor),2,2,Kobieta,Female,Magister,Master's degree,Sztuki wizualne,Visual arts,Praca projektowa;Działalność artystyczna,Project work;Artistic activity,11–20,11–20,Instagram,Instagram,2 (słabo),2 (poor),2 (słabo),2 (poor),2 (słabo),2 (poor),2,2,4  (dobrze),4 (good),4  (dobrze),4 (good),4  (dobrze),4 (good),3,3,3 (przeciętnie),3 (average),3 (przeciętnie),3 (average),2 (słabo),2 (poor),4,4,3 (przeciętnie),3 (average),3 (przeciętnie),3 (average),2 (słabo),2 (poor),3,3,3 (przeciętnie),3 (average),4  (dobrze),4 (good),3 (przeciętnie),3 (average),2,2,nie mam zdania / trudno powiedzieć,no opinion / hard to tell,3 (przeciętnie),3 (average),nie mam zdania / trudno powiedzieć,no opinion / hard to tell,3,3,3 (przeciętnie),3 (average),5 (b.dobrze),5 (very good),4  (dobrze),4 (good),2,2,2 (słabo),2 (poor),4  (dobrze),4 (good),2 (słabo),2 (poor),2,2,4  (dobrze),4 (good),4  (dobrze),4 (good),4  (dobrze),4 (good),3,3,3 (przeciętnie),3 (average),4  (dobrze),4 (good),4  (dobrze),4 (good),2,2,"Nie korzystam, ale słyszałem/am o ich istnieniu","Don't use, but heard about it",Trudno powiedzieć.,Hard to tell,2 (słabo),2 (poor),4  (dobrze),4 (good),3 (przeciętnie),3 (average),2,2,3 (przeciętnie),3 (average),2 (słabo),2 (poor),3 (przeciętnie),3 (average),2,2,3 (przeciętnie),3 (average),4  (dobrze),4 (good),3 (przeciętnie),3 (average),2,2,2 (słabo),2 (poor),2 (słabo),2 (poor),2 (słabo),2 (poor),2,2,4  (dobrze),4 (good),3 (przeciętnie),3 (average),4  (dobrze),4 (good),3,3,4  (dobrze),4 (good),3 (przeciętnie),3 (average),4  (dobrze),4 (good),2,2,"Nie, żaden projekt nie zwrócił mojej uwagi na nowe rozwiązanie w zadanym temacie","No, no project has drawn my attention to a new solution in the given topic",Projekt nr 27;Żaden projekt nie zwrócił mojej uwagi.,Project no. 27;,"Często siedzenia niefunkcjonalne- wybrzuszenia w miejscu oparcia, niepotrzebne podesty- można się potknąć. Jechanie bokiem oceniam na niekorzyść. Zygzaki w warstwie dekoracyjnej wprowadzają wrażenie niepokoju ","Often, the seats are not functional - bulges in the backrest area, unnecessary platforms - you can trip. I rate sideways driving as a disadvantage. Zigzags in the decorative layer introduce a sense of unease"
2025/01/21 8:21:53 PM CET,2025/01/21 8:21:53 PM CET,Tak,Yes,Tak,Yes,4  (dobrze),4 (good),4  (dobrze),4 (good),5 (b.dobrze),5 (very good),3,3,5 (b.dobrze),5 (very good),5 (b.dobrze),5 (very good),5 (b.dobrze),5 (very good),4,4,3 (przeciętnie),3 (average),4  (dobrze),4 (good),4  (dobrze),4 (good),3,3,5 (b.dobrze),5 (very good),5 (b.dobrze),5 (very good),5 (b.dobrze),5 (very good),5,5,4  (dobrze),4 (good),3 (przeciętnie),3 (average),3 (przeciętnie),3 (average),3,3,3 (przeciętnie),3 (average),3 (przeciętnie),3 (average),3 (przeciętnie),3 (average),3,3,3 (przeciętnie),3 (average),3 (przeciętnie),3 (average),3 (przeciętnie),3 (average),3,3,4  (dobrze),4 (good),4  (dobrze),4 (good),4  (dobrze),4 (good),4,4,3 (przeciętnie),3 (average),3 (przeciętnie),3 (average),3 (przeciętnie),3 (average),3,3,2 (słabo),2 (poor),3 (przeciętnie),3 (average),3 (przeciętnie),3 (average),3,3,Kobieta,Female,Magister,Master's degree,Architektura,Architecture,Praca projektowa,Project work,11–20,11–20,Pinterest;Wyszukiwarka Google,Pinterest;Google search,3 (przeciętnie),3 (average),3 (przeciętnie),3 (average),3 (przeciętnie),3 (average),3,3,4  (dobrze),4 (good),4  (dobrze),4 (good),4  (dobrze),4 (good),4,4,4  (dobrze),4 (good),3 (przeciętnie),3 (average),4  (dobrze),4 (good),3,3,4  (dobrze),4 (good),4  (dobrze),4 (good),5 (b.dobrze),5 (very good),4,4,4  (dobrze),4 (good),5 (b.dobrze),5 (very good),4  (dobrze),4 (good),3,3,5 (b.dobrze),5 (very good),5 (b.dobrze),5 (very good),5 (b.dobrze),5 (very good),4,4,3 (przeciętnie),3 (average),4  (dobrze),4 (good),4  (dobrze),4 (good),3,3,3 (przeciętnie),3 (average),5 (b.dobrze),5 (very good),4  (dobrze),4 (good),4,4,4  (dobrze),4 (good),5 (b.dobrze),5 (very good),4  (dobrze),4 (good),4,4,3 (przeciętnie),3 (average),4  (dobrze),4 (good),3 (przeciętnie),3 (average),3,3,"Nie korzystam, ale słyszałem/am o ich istnieniu","Don't use, but heard about it",Trudno powiedzieć.,Hard to tell,3 (przeciętnie),3 (average),3 (przeciętnie),3 (average),3 (przeciętnie),3 (average),3,3,3 (przeciętnie),3 (average),3 (przeciętnie),3 (average),3 (przeciętnie),3 (average),2,2,3 (przeciętnie),3 (average),3 (przeciętnie),3 (average),3 (przeciętnie),3 (average),2,2,3 (przeciętnie),3 (average),3 (przeciętnie),3 (average),3 (przeciętnie),3 (average),2,2,2 (słabo),2 (poor),2 (słabo),2 (poor),3 (przeciętnie),3 (average),2,2,3 (przeciętnie),3 (average),3 (przeciętnie),3 (average),3 (przeciętnie),3 (average),3,3,"Tak, więcej niż jeden projekt zwrócił moją uwagę na nowe rozwiązania w zadanym temacie","Yes, more than one project drew my attention to new solutions in a given topic",Projekt nr 1;Projekt nr 2;Projekt nr 4;Projekt nr 19;Projekt nr 21;Projekt nr 26,Project no. 1;Project no. 2;Project no. 4;Project no. 19;Project no. 21;Project no. 26,,
2025/01/21 9:05:19 PM CET,2025/01/21 9:05:19 PM CET,Tak,Yes,Tak,Yes,4  (dobrze),4 (good),4  (dobrze),4 (good),4  (dobrze),4 (good),3,3,4  (dobrze),4 (good),5 (b.dobrze),5 (very good),3 (przeciętnie),3 (average),4,4,4  (dobrze),4 (good),3 (przeciętnie),3 (average),2 (słabo),2 (poor),3,3,4  (dobrze),4 (good),3 (przeciętnie),3 (average),3 (przeciętnie),3 (average),3,3,2 (słabo),2 (poor),2 (słabo),2 (poor),2 (słabo),2 (poor),4,4,3 (przeciętnie),3 (average),4  (dobrze),4 (good),2 (słabo),2 (poor),2,2,3 (przeciętnie),3 (average),2 (słabo),2 (poor),2 (słabo),2 (poor),2,2,4  (dobrze),4 (good),2 (słabo),2 (poor),2 (słabo),2 (poor),5,5,4  (dobrze),4 (good),4  (dobrze),4 (good),3 (przeciętnie),3 (average),3,3,3 (przeciętnie),3 (average),3 (przeciętnie),3 (average),2 (słabo),2 (poor),2,2,Kobieta,Female,Magister,Master's degree,Architektura,Architecture,Praca projektowa;,Project work;,0–5,0–5,Pinterest;Behance,Pinterest;Behance,3 (przeciętnie),3 (average),2 (słabo),2 (poor),3 (przeciętnie),3 (average),3,3,4  (dobrze),4 (good),2 (słabo),2 (poor),3 (przeciętnie),3 (average),4,4,3 (przeciętnie),3 (average),1 (b.słabo),1 (very poor),2 (słabo),2 (poor),2,2,4  (dobrze),4 (good),4  (dobrze),4 (good),1 (b.słabo),1 (very poor),4,4,2 (słabo),2 (poor),3 (przeciętnie),3 (average),2 (słabo),2 (poor),3,3,5 (b.dobrze),5 (very good),3 (przeciętnie),3 (average),2 (słabo),2 (poor),5,5,3 (przeciętnie),3 (average),4  (dobrze),4 (good),3 (przeciętnie),3 (average),2,2,4  (dobrze),4 (good),3 (przeciętnie),3 (average),2 (słabo),2 (poor),4,4,2 (słabo),2 (poor),3 (przeciętnie),3 (average),2 (słabo),2 (poor),2,2,4  (dobrze),4 (good),4  (dobrze),4 (good),4  (dobrze),4 (good),3,3,"Nie korzystam, ale słyszałem/am o ich istnieniu","Don't use, but heard about it","Tak, ale w ograniczonym zakresie.","Yes, but in a limited way",4  (dobrze),4 (good),4  (dobrze),4 (good),4  (dobrze),4 (good),3,3,2 (słabo),2 (poor),2 (słabo),2 (poor),2 (słabo),2 (poor),2,2,4  (dobrze),4 (good),4  (dobrze),4 (good),4  (dobrze),4 (good),3,3,4  (dobrze),4 (good),3 (przeciętnie),3 (average),3 (przeciętnie),3 (average),3,3,2 (słabo),2 (poor),2 (słabo),2 (poor),2 (słabo),2 (poor),2,2,4  (dobrze),4 (good),3 (przeciętnie),3 (average),4  (dobrze),4 (good),3,3,"Tak, więcej niż jeden projekt zwrócił moją uwagę na nowe rozwiązania w zadanym temacie","Yes, more than one project drew my attention to new solutions in a given topic",Projekt nr 3;Projekt nr 8;Projekt nr 16;Projekt nr 18;Projekt nr 20;Projekt nr 23;Projekt nr 27,Project no. 3;Project no. 8;Project no. 16;Project no. 18;Project no. 20;Project no. 23;Project no. 27,,
2025/01/22 4:42:44 PM CET,2025/01/22 4:42:44 PM CET,Tak,Yes,Tak,Yes,4  (dobrze),4 (good),5 (b.dobrze),5 (very good),4  (dobrze),4 (good),4,4,3 (przeciętnie),3 (average),5 (b.dobrze),5 (very good),4  (dobrze),4 (good),3,3,3 (przeciętnie),3 (average),3 (przeciętnie),3 (average),2 (słabo),2 (poor),2,2,4  (dobrze),4 (good),4  (dobrze),4 (good),5 (b.dobrze),5 (very good),3,3,2 (słabo),2 (poor),2 (słabo),2 (poor),1 (b.słabo),1 (very poor),1,1,3 (przeciętnie),3 (average),2 (słabo),2 (poor),4  (dobrze),4 (good),3,3,2 (słabo),2 (poor),2 (słabo),2 (poor),3 (przeciętnie),3 (average),2,2,4  (dobrze),4 (good),3 (przeciętnie),3 (average),1 (b.słabo),1 (very poor),5,5,3 (przeciętnie),3 (average),2 (słabo),2 (poor),3 (przeciętnie),3 (average),2,2,1 (b.słabo),1 (very poor),1 (b.słabo),1 (very poor),3 (przeciętnie),3 (average),1,1,Mężczyzna,Male,Doktor,PhD,Wzornictwo przemysłowe,Industrial design,Praca projektowa;Edukacja akademicka,Project work;Academic education,6–10,6–10,"Instagram;Midjourney, DALL-E, Stable Diffusion lub inne narzędzie graficzne oparte na AI","Instagram;Midjourney, DALL-E, Stable Diffusion and other",4  (dobrze),4 (good),4  (dobrze),4 (good),3 (przeciętnie),3 (average),4,4,4  (dobrze),4 (good),3 (przeciętnie),3 (average),1 (b.słabo),1 (very poor),4,4,3 (przeciętnie),3 (average),3 (przeciętnie),3 (average),5 (b.dobrze),5 (very good),4,4,4  (dobrze),4 (good),2 (słabo),2 (poor),3 (przeciętnie),3 (average),1,1,4  (dobrze),4 (good),4  (dobrze),4 (good),4  (dobrze),4 (good),3,3,5 (b.dobrze),5 (very good),3 (przeciętnie),3 (average),1 (b.słabo),1 (very poor),4,4,3 (przeciętnie),3 (average),2 (słabo),2 (poor),2 (słabo),2 (poor),2,2,5 (b.dobrze),5 (very good),5 (b.dobrze),5 (very good),4  (dobrze),4 (good),5,5,3 (przeciętnie),3 (average),5 (b.dobrze),5 (very good),4  (dobrze),4 (good),2,2,3 (przeciętnie),3 (average),3 (przeciętnie),3 (average),3 (przeciętnie),3 (average),1,1,"Tak, używam regularnie","Yes, I use it regurarly","Tak, zdecydowanie.","Yes, definitely",4  (dobrze),4 (good),3 (przeciętnie),3 (average),2 (słabo),2 (poor),2,2,3 (przeciętnie),3 (average),2 (słabo),2 (poor),5 (b.dobrze),5 (very good),1,1,4  (dobrze),4 (good),4  (dobrze),4 (good),5 (b.dobrze),5 (very good),3,3,4  (dobrze),4 (good),2 (słabo),2 (poor),3 (przeciętnie),3 (average),3,3,3 (przeciętnie),3 (average),3 (przeciętnie),3 (average),3 (przeciętnie),3 (average),4,4,2 (słabo),2 (poor),1 (b.słabo),1 (very poor),4  (dobrze),4 (good),1,1,"Tak, tylko jeden projekt zwrócił moją uwagę na nowe rozwiązanie w zadanym temacie","Yes, only one project drew my attention to a new solution in the given topic",Projekt nr 18,Project no. 18,"w projekcie nr 18 bardzo ciekawe jest celowe pozbawienie okien jednego członu po to żeby zabudować wnętrze stylizowanymi siedziskami - bardzo dobry odważny pomysł! byłaby to znacząca optymalizacja kosztów, a także masy pojazdu. szkoda że w pozostałych członach nie zastosowano standardowych foteli w standardowych układach. moim zdaniem najlepszy projekt.","in project no. 18 it is very interesting to deliberately remove windows from one section in order to build the interior with stylized seats - a very good, bold idea! it would be a significant optimization of costs, as well as the vehicle's weight. it is a pity that in the remaining sections standard seats in standard arrangements were not used. in my opinion the best project."
2025/01/22 10:05:05 PM CET,2025/01/22 10:05:05 PM CET,Tak,Yes,Tak,Yes,5 (b.dobrze),5 (very good),5 (b.dobrze),5 (very good),5 (b.dobrze),5 (very good),4,4,3 (przeciętnie),3 (average),4  (dobrze),4 (good),4  (dobrze),4 (good),3,3,5 (b.dobrze),5 (very good),4  (dobrze),4 (good),3 (przeciętnie),3 (average),4,4,5 (b.dobrze),5 (very good),4  (dobrze),4 (good),4  (dobrze),4 (good),4,4,3 (przeciętnie),3 (average),3 (przeciętnie),3 (average),3 (przeciętnie),3 (average),3,3,2 (słabo),2 (poor),3 (przeciętnie),3 (average),2 (słabo),2 (poor),1,1,3 (przeciętnie),3 (average),4  (dobrze),4 (good),4  (dobrze),4 (good),3,3,5 (b.dobrze),5 (very good),2 (słabo),2 (poor),3 (przeciętnie),3 (average),5,5,3 (przeciętnie),3 (average),1 (b.słabo),1 (very poor),2 (słabo),2 (poor),3,3,3 (przeciętnie),3 (average),3 (przeciętnie),3 (average),3 (przeciętnie),3 (average),2,2,Mężczyzna,Male,Magister,Master's degree,Architektura;Architektura wnętrz,Architecture;Interior design,Praca projektowa,Project work,6–10,6–10,Pinterest;Instagram;Wyszukiwarka Google,Pinterest;Instagram;Google search,4  (dobrze),4 (good),3 (przeciętnie),3 (average),3 (przeciętnie),3 (average),4,4,4  (dobrze),4 (good),4  (dobrze),4 (good),3 (przeciętnie),3 (average),4,4,3 (przeciętnie),3 (average),2 (słabo),2 (poor),3 (przeciętnie),3 (average),4,4,4  (dobrze),4 (good),4  (dobrze),4 (good),4  (dobrze),4 (good),4,4,3 (przeciętnie),3 (average),3 (przeciętnie),3 (average),4  (dobrze),4 (good),3,3,5 (b.dobrze),5 (very good),2 (słabo),2 (poor),3 (przeciętnie),3 (average),5,5,3 (przeciętnie),3 (average),5 (b.dobrze),5 (very good),4  (dobrze),4 (good),3,3,5 (b.dobrze),5 (very good),4  (dobrze),4 (good),4  (dobrze),4 (good),4,4,4  (dobrze),4 (good),2 (słabo),2 (poor),3 (przeciętnie),3 (average),3,3,3 (przeciętnie),3 (average),4  (dobrze),4 (good),3 (przeciętnie),3 (average),2,2,"Nie korzystam, ale słyszałem/am o ich istnieniu","Don't use, but heard about it","Tak, ale w ograniczonym zakresie.","Yes, but in a limited way",4  (dobrze),4 (good),3 (przeciętnie),3 (average),3 (przeciętnie),3 (average),3,3,4  (dobrze),4 (good),1 (b.słabo),1 (very poor),3 (przeciętnie),3 (average),4,4,3 (przeciętnie),3 (average),4  (dobrze),4 (good),4  (dobrze),4 (good),3,3,4  (dobrze),4 (good),3 (przeciętnie),3 (average),4  (dobrze),4 (good),3,3,3 (przeciętnie),3 (average),2 (słabo),2 (poor),3 (przeciętnie),3 (average),3,3,4  (dobrze),4 (good),2 (słabo),2 (poor),3 (przeciętnie),3 (average),3,3,"Tak, więcej niż jeden projekt zwrócił moją uwagę na nowe rozwiązania w zadanym temacie","Yes, more than one project drew my attention to new solutions in a given topic",Projekt nr 1;Projekt nr 4;Projekt nr 12;Projekt nr 18;Projekt nr 26,Project no. 1;Project no. 4;Project no. 12;Project no. 18;Project no. 26,,
2025/01/24 11:07:52 PM CET,2025/01/24 11:07:52 PM CET,Tak,Yes,Tak,Yes,2 (słabo),2 (poor),4  (dobrze),4 (good),4  (dobrze),4 (good),1,1,nie mam zdania / trudno powiedzieć,no opinion / hard to tell,4  (dobrze),4 (good),4  (dobrze),4 (good),2,2,3 (przeciętnie),3 (average),5 (b.dobrze),5 (very good),4  (dobrze),4 (good),3,3,4  (dobrze),4 (good),4  (dobrze),4 (good),5 (b.dobrze),5 (very good),3,3,2 (słabo),2 (poor),4  (dobrze),4 (good),nie mam zdania / trudno powiedzieć,no opinion / hard to tell,1,1,nie mam zdania / trudno powiedzieć,no opinion / hard to tell,4  (dobrze),4 (good),nie mam zdania / trudno powiedzieć,no opinion / hard to tell,1,1,4  (dobrze),4 (good),5 (b.dobrze),5 (very good),4  (dobrze),4 (good),3,3,2 (słabo),2 (poor),4  (dobrze),4 (good),nie mam zdania / trudno powiedzieć,no opinion / hard to tell,2,2,3 (przeciętnie),3 (average),nie mam zdania / trudno powiedzieć,no opinion / hard to tell,4  (dobrze),4 (good),3,3,nie mam zdania / trudno powiedzieć,no opinion / hard to tell,3 (przeciętnie),3 (average),3 (przeciętnie),3 (average),1,1,Kobieta,Female,Magister,Master's degree,Architektura,Architecture,Praca projektowa,Project work,0–5,0–5,Pinterest;Wyszukiwarka Google,Pinterest;Google search,nie mam zdania / trudno powiedzieć,no opinion / hard to tell,5 (b.dobrze),5 (very good),4  (dobrze),4 (good),3,3,4  (dobrze),4 (good),4  (dobrze),4 (good),4  (dobrze),4 (good),3,3,nie mam zdania / trudno powiedzieć,no opinion / hard to tell,4  (dobrze),4 (good),3 (przeciętnie),3 (average),2,2,nie mam zdania / trudno powiedzieć,no opinion / hard to tell,5 (b.dobrze),5 (very good),4  (dobrze),4 (good),4,4,3 (przeciętnie),3 (average),5 (b.dobrze),5 (very good),4  (dobrze),4 (good),3,3,4  (dobrze),4 (good),4  (dobrze),4 (good),4  (dobrze),4 (good),4,4,4  (dobrze),4 (good),5 (b.dobrze),5 (very good),5 (b.dobrze),5 (very good),4,4,5 (b.dobrze),5 (very good),5 (b.dobrze),5 (very good),5 (b.dobrze),5 (very good),4,4,nie mam zdania / trudno powiedzieć,no opinion / hard to tell,5 (b.dobrze),5 (very good),4  (dobrze),4 (good),3,3,5 (b.dobrze),5 (very good),5 (b.dobrze),5 (very good),5 (b.dobrze),5 (very good),4,4,"Nie korzystam, ale słyszałem/am o ich istnieniu","Don't use, but heard about it","Tak, zdecydowanie.","Yes, definitely",4  (dobrze),4 (good),4  (dobrze),4 (good),nie mam zdania / trudno powiedzieć,no opinion / hard to tell,3,3,4  (dobrze),4 (good),4  (dobrze),4 (good),5 (b.dobrze),5 (very good),4,4,4  (dobrze),4 (good),3 (przeciętnie),3 (average),4  (dobrze),4 (good),2,2,4  (dobrze),4 (good),5 (b.dobrze),5 (very good),5 (b.dobrze),5 (very good),4,4,3 (przeciętnie),3 (average),3 (przeciętnie),3 (average),3 (przeciętnie),3 (average),1,1,4  (dobrze),4 (good),4  (dobrze),4 (good),4  (dobrze),4 (good),3,3,"Tak, więcej niż jeden projekt zwrócił moją uwagę na nowe rozwiązania w zadanym temacie","Yes, more than one project drew my attention to new solutions in a given topic",Projekt nr 4;Projekt nr 18;Projekt nr 24,Project no. 4;Project no. 18;Project no. 24,,
2025/01/25 12:45:44 AM CET,2025/01/25 12:45:44 AM CET,Tak,Yes,Tak,Yes,5 (b.dobrze),5 (very good),5 (b.dobrze),5 (very good),3 (przeciętnie),3 (average),2,2,3 (przeciętnie),3 (average),4  (dobrze),4 (good),3 (przeciętnie),3 (average),2,2,4  (dobrze),4 (good),3 (przeciętnie),3 (average),3 (przeciętnie),3 (average),1,1,5 (b.dobrze),5 (very good),2 (słabo),2 (poor),4  (dobrze),4 (good),3,3,1 (b.słabo),1 (very poor),1 (b.słabo),1 (very poor),1 (b.słabo),1 (very poor),1,1,3 (przeciętnie),3 (average),1 (b.słabo),1 (very poor),2 (słabo),2 (poor),1,1,3 (przeciętnie),3 (average),2 (słabo),2 (poor),3 (przeciętnie),3 (average),1,1,nie mam zdania / trudno powiedzieć,no opinion / hard to tell,nie mam zdania / trudno powiedzieć,no opinion / hard to tell,3 (przeciętnie),3 (average),5,5,4  (dobrze),4 (good),2 (słabo),2 (poor),3 (przeciętnie),3 (average),2,2,1 (b.słabo),1 (very poor),1 (b.słabo),1 (very poor),1 (b.słabo),1 (very poor),1,1,Nie chcę podawać,Rather not say,,,Architektura;Architektura wnętrz,Architecture;Interior design,Praca naukowa;Praca projektowa;Edukacja akademicka,Scientific work;Project work;Academic education,,,"archdaily, NTS, dezeen","archdaily, NTS, dezeen",4  (dobrze),4 (good),4  (dobrze),4 (good),3 (przeciętnie),3 (average),3,3,1 (b.słabo),1 (very poor),4  (dobrze),4 (good),1 (b.słabo),1 (very poor),5,5,1 (b.słabo),1 (very poor),1 (b.słabo),1 (very poor),1 (b.słabo),1 (very poor),3,3,4  (dobrze),4 (good),1 (b.słabo),1 (very poor),3 (przeciętnie),3 (average),3,3,2 (słabo),2 (poor),1 (b.słabo),1 (very poor),2 (słabo),2 (poor),2,2,4  (dobrze),4 (good),nie mam zdania / trudno powiedzieć,no opinion / hard to tell,3 (przeciętnie),3 (average),5,5,5 (b.dobrze),5 (very good),4  (dobrze),4 (good),5 (b.dobrze),5 (very good),3,3,3 (przeciętnie),3 (average),4  (dobrze),4 (good),2 (słabo),2 (poor),3,3,4  (dobrze),4 (good),nie mam zdania / trudno powiedzieć,no opinion / hard to tell,2 (słabo),2 (poor),3,3,3 (przeciętnie),3 (average),4  (dobrze),4 (good),4  (dobrze),4 (good),4,4,"Nie korzystam, ale słyszałem/am o ich istnieniu","Don't use, but heard about it","Tak, ale w ograniczonym zakresie.","Yes, but in a limited way",5 (b.dobrze),5 (very good),4  (dobrze),4 (good),5 (b.dobrze),5 (very good),5,5,3 (przeciętnie),3 (average),1 (b.słabo),1 (very poor),4  (dobrze),4 (good),2,2,4  (dobrze),4 (good),2 (słabo),2 (poor),4  (dobrze),4 (good),1,1,5 (b.dobrze),5 (very good),4  (dobrze),4 (good),5 (b.dobrze),5 (very good),4,4,2 (słabo),2 (poor),1 (b.słabo),1 (very poor),2 (słabo),2 (poor),1,1,4  (dobrze),4 (good),2 (słabo),2 (poor),3 (przeciętnie),3 (average),3,3,"Tak, więcej niż jeden projekt zwrócił moją uwagę na nowe rozwiązania w zadanym temacie","Yes, more than one project drew my attention to new solutions in a given topic",Projekt nr 6;Projekt nr 11;Projekt nr 17;Projekt nr 21;Projekt nr 24,Project no. 6;Project no. 11;Project no. 17;Project no. 21;Project no. 24, Białe siedzenia - szybko będą (bardzo) brudne i szybciej widać zużycie.,White seats - will get (very) dirty quickly and show wear more quickly.
2025/01/25 4:03:46 PM CET,2025/01/25 4:03:46 PM CET,Tak,Yes,Tak,Yes,2 (słabo),2 (poor),4  (dobrze),4 (good),3 (przeciętnie),3 (average),2,2,3 (przeciętnie),3 (average),3 (przeciętnie),3 (average),2 (słabo),2 (poor),1,1,4  (dobrze),4 (good),5 (b.dobrze),5 (very good),5 (b.dobrze),5 (very good),4,4,2 (słabo),2 (poor),4  (dobrze),4 (good),3 (przeciętnie),3 (average),1,1,2 (słabo),2 (poor),4  (dobrze),4 (good),2 (słabo),2 (poor),1,1,1 (b.słabo),1 (very poor),4  (dobrze),4 (good),2 (słabo),2 (poor),1,1,2 (słabo),2 (poor),3 (przeciętnie),3 (average),2 (słabo),2 (poor),1,1,2 (słabo),2 (poor),1 (b.słabo),1 (very poor),2 (słabo),2 (poor),1,1,2 (słabo),2 (poor),2 (słabo),2 (poor),2 (słabo),2 (poor),1,1,1 (b.słabo),1 (very poor),1 (b.słabo),1 (very poor),1 (b.słabo),1 (very poor),1,1,Kobieta,Female,Magister,Master's degree,Sztuki wizualne;Graphic designer & 3D Artist,Visual arts;Graphic designer & 3D Artist,Działalność artystyczna,Artistic activity,0–5,0–5,"Pinterest;Instagram;Behance;Midjourney, DALL-E, Stable Diffusion lub inne narzędzie graficzne oparte na AI;sztuka, kino, ksiażki","Pinterest;Instagram;Behance;Midjourney, DALL-E, Stable Diffusion and other;art,cinema,books",2 (słabo),2 (poor),3 (przeciętnie),3 (average),3 (przeciętnie),3 (average),1,1,2 (słabo),2 (poor),2 (słabo),2 (poor),2 (słabo),2 (poor),1,1,1 (b.słabo),1 (very poor),1 (b.słabo),1 (very poor),1 (b.słabo),1 (very poor),1,1,4  (dobrze),4 (good),5 (b.dobrze),5 (very good),4  (dobrze),4 (good),2,2,2 (słabo),2 (poor),2 (słabo),2 (poor),2 (słabo),2 (poor),1,1,5 (b.dobrze),5 (very good),2 (słabo),2 (poor),4  (dobrze),4 (good),4,4,2 (słabo),2 (poor),2 (słabo),2 (poor),2 (słabo),2 (poor),1,1,5 (b.dobrze),5 (very good),4  (dobrze),4 (good),5 (b.dobrze),5 (very good),4,4,2 (słabo),2 (poor),2 (słabo),2 (poor),2 (słabo),2 (poor),1,1,3 (przeciętnie),3 (average),5 (b.dobrze),5 (very good),3 (przeciętnie),3 (average),2,2,"Tak, używam regularnie","Yes, I use it regurarly","Tak, ale w ograniczonym zakresie.","Yes, but in a limited way",4  (dobrze),4 (good),4  (dobrze),4 (good),3 (przeciętnie),3 (average),2,2,1 (b.słabo),1 (very poor),1 (b.słabo),1 (very poor),1 (b.słabo),1 (very poor),1,1,1 (b.słabo),1 (very poor),1 (b.słabo),1 (very poor),1 (b.słabo),1 (very poor),1,1,4  (dobrze),4 (good),3 (przeciętnie),3 (average),2 (słabo),2 (poor),2,2,1 (b.słabo),1 (very poor),1 (b.słabo),1 (very poor),1 (b.słabo),1 (very poor),1,1,2 (słabo),2 (poor),2 (słabo),2 (poor),2 (słabo),2 (poor),1,1,"Tak, więcej niż jeden projekt zwrócił moją uwagę na nowe rozwiązania w zadanym temacie","Yes, more than one project drew my attention to new solutions in a given topic",Projekt nr 14;Projekt nr 16,Project no. 14;Project no. 16,,
2025/01/26 5:57:34 PM CET,2025/01/26 5:57:34 PM CET,Tak,Yes,Tak,Yes,5 (b.dobrze),5 (very good),5 (b.dobrze),5 (very good),4  (dobrze),4 (good),4,4,5 (b.dobrze),5 (very good),4  (dobrze),4 (good),3 (przeciętnie),3 (average),4,4,4  (dobrze),4 (good),3 (przeciętnie),3 (average),2 (słabo),2 (poor),4,4,5 (b.dobrze),5 (very good),4  (dobrze),4 (good),4  (dobrze),4 (good),4,4,4  (dobrze),4 (good),2 (słabo),2 (poor),2 (słabo),2 (poor),3,3,3 (przeciętnie),3 (average),3 (przeciętnie),3 (average),2 (słabo),2 (poor),3,3,4  (dobrze),4 (good),4  (dobrze),4 (good),4  (dobrze),4 (good),3,3,4  (dobrze),4 (good),3 (przeciętnie),3 (average),2 (słabo),2 (poor),3,3,4  (dobrze),4 (good),3 (przeciętnie),3 (average),3 (przeciętnie),3 (average),3,3,4  (dobrze),4 (good),3 (przeciętnie),3 (average),3 (przeciętnie),3 (average),3,3,Mężczyzna,Male,Magister,Master's degree,Architektura;Architektura wnętrz,Architecture;Interior design,Praca projektowa,Project work,6–10,6–10,Pinterest;Instagram;Wyszukiwarka Google,Pinterest;Instagram;Google search,4  (dobrze),4 (good),3 (przeciętnie),3 (average),2 (słabo),2 (poor),4,4,5 (b.dobrze),5 (very good),4  (dobrze),4 (good),3 (przeciętnie),3 (average),4,4,2 (słabo),2 (poor),3 (przeciętnie),3 (average),3 (przeciętnie),3 (average),4,4,5 (b.dobrze),5 (very good),4  (dobrze),4 (good),3 (przeciętnie),3 (average),4,4,4  (dobrze),4 (good),4  (dobrze),4 (good),4  (dobrze),4 (good),3,3,5 (b.dobrze),5 (very good),4  (dobrze),4 (good),2 (słabo),2 (poor),5,5,4  (dobrze),4 (good),4  (dobrze),4 (good),4  (dobrze),4 (good),4,4,3 (przeciętnie),3 (average),3 (przeciętnie),3 (average),3 (przeciętnie),3 (average),3,3,5 (b.dobrze),5 (very good),4  (dobrze),4 (good),4  (dobrze),4 (good),3,3,5 (b.dobrze),5 (very good),5 (b.dobrze),5 (very good),4  (dobrze),4 (good),4,4,"Nie korzystam, ale słyszałem/am o ich istnieniu","Don't use, but heard about it","Tak, zdecydowanie.","Yes, definitely",3 (przeciętnie),3 (average),3 (przeciętnie),3 (average),2 (słabo),2 (poor),3,3,4  (dobrze),4 (good),4  (dobrze),4 (good),3 (przeciętnie),3 (average),4,4,4  (dobrze),4 (good),3 (przeciętnie),3 (average),3 (przeciętnie),3 (average),4,4,4  (dobrze),4 (good),2 (słabo),2 (poor),3 (przeciętnie),3 (average),4,4,4  (dobrze),4 (good),3 (przeciętnie),3 (average),nie mam zdania / trudno powiedzieć,no opinion / hard to tell,3,3,5 (b.dobrze),5 (very good),5 (b.dobrze),5 (very good),4  (dobrze),4 (good),4,4,"Nie, żaden projekt nie zwrócił mojej uwagi na nowe rozwiązanie w zadanym temacie","No, no project has drawn my attention to a new solution in the given topic",Żaden projekt nie zwrócił mojej uwagi.,No project caught my attention.,,
2025/02/03 8:07:36 PM CET,2025/02/03 8:07:36 PM CET,Tak,Yes,Tak,Yes,3 (przeciętnie),3 (average),4  (dobrze),4 (good),4  (dobrze),4 (good),2,2,4  (dobrze),4 (good),4  (dobrze),4 (good),4  (dobrze),4 (good),3,3,4  (dobrze),4 (good),5 (b.dobrze),5 (very good),4  (dobrze),4 (good),4,4,5 (b.dobrze),5 (very good),4  (dobrze),4 (good),5 (b.dobrze),5 (very good),3,3,3 (przeciętnie),3 (average),3 (przeciętnie),3 (average),3 (przeciętnie),3 (average),3,3,2 (słabo),2 (poor),3 (przeciętnie),3 (average),2 (słabo),2 (poor),1,1,4  (dobrze),4 (good),3 (przeciętnie),3 (average),4  (dobrze),4 (good),2,2,3 (przeciętnie),3 (average),4  (dobrze),4 (good),3 (przeciętnie),3 (average),4,4,3 (przeciętnie),3 (average),2 (słabo),2 (poor),3 (przeciętnie),3 (average),2,2,2 (słabo),2 (poor),3 (przeciętnie),3 (average),2 (słabo),2 (poor),2,2,Kobieta,Female,Magister,Master's degree,Architektura,Architecture,Praca projektowa,Project work,0–5,0–5,Pinterest;Instagram;Behance;Wyszukiwarka Google,Pinterest;Instagram;Behance;Google search,4  (dobrze),4 (good),4  (dobrze),4 (good),4  (dobrze),4 (good),3,3,3 (przeciętnie),3 (average),3 (przeciętnie),3 (average),3 (przeciętnie),3 (average),3,3,4  (dobrze),4 (good),3 (przeciętnie),3 (average),3 (przeciętnie),3 (average),5,5,4  (dobrze),4 (good),4  (dobrze),4 (good),3 (przeciętnie),3 (average),3,3,3 (przeciętnie),3 (average),4  (dobrze),4 (good),4  (dobrze),4 (good),4,4,4  (dobrze),4 (good),4  (dobrze),4 (good),4  (dobrze),4 (good),5,5,2 (słabo),2 (poor),3 (przeciętnie),3 (average),3 (przeciętnie),3 (average),2,2,5 (b.dobrze),5 (very good),5 (b.dobrze),5 (very good),4  (dobrze),4 (good),4,4,3 (przeciętnie),3 (average),4  (dobrze),4 (good),4  (dobrze),4 (good),3,3,4  (dobrze),4 (good),3 (przeciętnie),3 (average),4  (dobrze),4 (good),2,2,"Nie korzystam, ale słyszałem/am o ich istnieniu","Don't use, but heard about it",Nie widzę w nich przyszłości.,No,4  (dobrze),4 (good),3 (przeciętnie),3 (average),4  (dobrze),4 (good),2,2,3 (przeciętnie),3 (average),2 (słabo),2 (poor),3 (przeciętnie),3 (average),2,2,4  (dobrze),4 (good),2 (słabo),2 (poor),4  (dobrze),4 (good),2,2,4  (dobrze),4 (good),4  (dobrze),4 (good),4  (dobrze),4 (good),3,3,2 (słabo),2 (poor),2 (słabo),2 (poor),2 (słabo),2 (poor),2,2,4  (dobrze),4 (good),4  (dobrze),4 (good),4  (dobrze),4 (good),3,3,"Tak, więcej niż jeden projekt zwrócił moją uwagę na nowe rozwiązania w zadanym temacie","Yes, more than one project drew my attention to new solutions in a given topic",Projekt nr 11;Projekt nr 18;Projekt nr 21;Projekt nr 24,Project no. 11;Project no. 18;Project no. 21;Project no. 24,,
